"Commodity","Category","Item","Units","Size","Region","Country","Year","Value","Survey base year"
"Rice","Gross value of production","Primary product, grain","dollars per planted acre","No specific size","U.S. total","United States",2000,368.77,"Base survey of 2000"
"Rice","Gross value of production","Primary product, grain","dollars per planted acre","No specific size","U.S. total","United States",2001,328.67,"Base survey of 2000"
"Rice","Gross value of production","Primary product, grain","dollars per planted acre","No specific size","U.S. total","United States",2002,280.56,"Base survey of 2000"
"Rice","Gross value of production","Primary product, grain","dollars per planted acre","No specific size","U.S. total","United States",2003,449.69,"Base survey of 2000"
"Rice","Gross value of production","Primary product, grain","dollars per planted acre","No specific size","U.S. total","United States",2004,602.33,"Base survey of 2000"
"Rice","Gross value of production","Primary product, grain","dollars per planted acre","No specific size","U.S. total","United States",2005,469.14,"Base survey of 2000"
"Rice","Gross value of production","Primary product, grain","dollars per planted acre","No specific size","U.S. total","United States",2006,620.64,"Base survey of 2006"
"Rice","Gross value of production","Primary product, grain","dollars per planted acre","No specific size","U.S. total","United States",2007,779.76,"Base survey of 2006"
"Rice","Gross value of production","Primary product, grain","dollars per planted acre","No specific size","U.S. total","United States",2008,1287.36,"Base survey of 2006"
"Rice","Gross value of production","Primary product, grain","dollars per planted acre","No specific size","U.S. total","United States",2009,1072.26,"Base survey of 2006"
"Rice","Gross value of production","Primary product, grain","dollars per planted acre","No specific size","U.S. total","United States",2010,795.75,"Base survey of 2006"
"Rice","Gross value of production","Primary product, grain","dollars per planted acre","No specific size","U.S. total","United States",2011,1069.94,"Base survey of 2006"
"Rice","Gross value of production","Primary product, grain","dollars per planted acre","No specific size","U.S. total","United States",2012,1166.1,"Base survey of 2006"
"Rice","Gross value of production","Primary product, grain","dollars per planted acre","No specific size","U.S. total","United States",2013,1395.23,"Base survey of 2013"
"Rice","Gross value of production","Primary product, grain","dollars per planted acre","No specific size","U.S. total","United States",2014,1152.1,"Base survey of 2013"
"Rice","Gross value of production","Primary product, grain","dollars per planted acre","No specific size","U.S. total","United States",2015,1060.29,"Base survey of 2013"
"Rice","Gross value of production","Primary product, grain","dollars per planted acre","No specific size","U.S. total","United States",2016,863.46,"Base survey of 2013"
"Rice","Gross value of production","Primary product, grain","dollars per planted acre","No specific size","U.S. total","United States",2017,972,"Base survey of 2013"
"Rice","Gross value of production","Primary product, grain","dollars per planted acre","No specific size","U.S. total","United States",2018,1106.28,"Base survey of 2013"
"Rice","Gross value of production","Primary product, grain","dollars per planted acre","No specific size","U.S. total","United States",2019,1019.2,"Base survey of 2013"
"Rice","Gross value of production","Primary product, grain","dollars per planted acre","No specific size","U.S. total","United States",2020,1300.64,"Base survey of 2013"
"Rice","Gross value of production","Primary product, grain","dollars per planted acre","No specific size","U.S. total","United States",2021,1363.4,"Base survey of 2021"
"Rice","Gross value of production","Primary product, grain","dollars per planted acre","No specific size","U.S. total","United States",2022,1534.05,"Base survey of 2021"
"Rice","Gross value of production","Primary product, grain","dollars per planted acre","No specific size","U.S. total","United States",2023,1432.89,"Base survey of 2021"
"Rice","Gross value of production","Primary product, grain","dollars per planted acre","No specific size","U.S. total","United States",2024,1342.87,"Base survey of 2021"
"Rice","Gross value of production","Primary product, grain","dollars per planted acre","No specific size","California","United States",2000,422.31,"Base survey of 2000"
"Rice","Gross value of production","Primary product, grain","dollars per planted acre","No specific size","California","United States",2001,467.77,"Base survey of 2000"
"Rice","Gross value of production","Primary product, grain","dollars per planted acre","No specific size","California","United States",2002,408.06,"Base survey of 2000"
"Rice","Gross value of production","Primary product, grain","dollars per planted acre","No specific size","California","United States",2003,657.01,"Base survey of 2000"
"Rice","Gross value of production","Primary product, grain","dollars per planted acre","No specific size","California","United States",2004,651.83,"Base survey of 2000"
"Rice","Gross value of production","Primary product, grain","dollars per planted acre","No specific size","California","United States",2005,559.74,"Base survey of 2000"
"Rice","Gross value of production","Primary product, grain","dollars per planted acre","No specific size","California","United States",2006,719.18,"Base survey of 2006"
"Rice","Gross value of production","Primary product, grain","dollars per planted acre","No specific size","California","United States",2007,956.16,"Base survey of 2006"
"Rice","Gross value of production","Primary product, grain","dollars per planted acre","No specific size","California","United States",2008,1731.38,"Base survey of 2006"
"Rice","Gross value of production","Primary product, grain","dollars per planted acre","No specific size","California","United States",2009,1594.44,"Base survey of 2006"
"Rice","Gross value of production","Primary product, grain","dollars per planted acre","No specific size","California","United States",2010,1316,"Base survey of 2006"
"Rice","Gross value of production","Primary product, grain","dollars per planted acre","No specific size","California","United States",2011,1411,"Base survey of 2006"
"Rice","Gross value of production","Primary product, grain","dollars per planted acre","No specific size","California","United States",2012,1425.6,"Base survey of 2006"
"Rice","Gross value of production","Primary product, grain","dollars per planted acre","No specific size","California","United States",2013,1818.3,"Base survey of 2013"
"Rice","Gross value of production","Primary product, grain","dollars per planted acre","No specific size","California","United States",2014,1698.4,"Base survey of 2013"
"Rice","Gross value of production","Primary product, grain","dollars per planted acre","No specific size","California","United States",2015,1729,"Base survey of 2013"
"Rice","Gross value of production","Primary product, grain","dollars per planted acre","No specific size","California","United States",2016,1274,"Base survey of 2013"
"Rice","Gross value of production","Primary product, grain","dollars per planted acre","No specific size","California","United States",2017,1322.4,"Base survey of 2013"
"Rice","Gross value of production","Primary product, grain","dollars per planted acre","No specific size","California","United States",2018,1886.8,"Base survey of 2013"
"Rice","Gross value of production","Primary product, grain","dollars per planted acre","No specific size","California","United States",2019,1896.6,"Base survey of 2013"
"Rice","Gross value of production","Primary product, grain","dollars per planted acre","No specific size","California","United States",2020,2052,"Base survey of 2013"
"Rice","Gross value of production","Primary product, grain","dollars per planted acre","No specific size","California","United States",2021,2894.7,"Base survey of 2021"
"Rice","Gross value of production","Primary product, grain","dollars per planted acre","No specific size","California","United States",2022,3594.8,"Base survey of 2021"
"Rice","Gross value of production","Primary product, grain","dollars per planted acre","No specific size","California","United States",2023,1915.07,"Base survey of 2021"
"Rice","Gross value of production","Primary product, grain","dollars per planted acre","No specific size","California","United States",2024,1922.01,"Base survey of 2021"
"Rice","Gross value of production","Primary product, grain","dollars per planted acre","No specific size","Gulf Coast","United States",2000,357.68,"Base survey of 2000"
"Rice","Gross value of production","Primary product, grain","dollars per planted acre","No specific size","Gulf Coast","United States",2001,344.76,"Base survey of 2000"
"Rice","Gross value of production","Primary product, grain","dollars per planted acre","No specific size","Gulf Coast","United States",2002,268.81,"Base survey of 2000"
"Rice","Gross value of production","Primary product, grain","dollars per planted acre","No specific size","Gulf Coast","United States",2003,399.08,"Base survey of 2000"
"Rice","Gross value of production","Primary product, grain","dollars per planted acre","No specific size","Gulf Coast","United States",2004,603.17,"Base survey of 2000"
"Rice","Gross value of production","Primary product, grain","dollars per planted acre","No specific size","Gulf Coast","United States",2005,476.08,"Base survey of 2000"
"Rice","Gross value of production","Primary product, grain","dollars per planted acre","No specific size","Gulf Coast","United States",2006,587.88,"Base survey of 2006"
"Rice","Gross value of production","Primary product, grain","dollars per planted acre","No specific size","Gulf Coast","United States",2007,696.9,"Base survey of 2006"
"Rice","Gross value of production","Primary product, grain","dollars per planted acre","No specific size","Gulf Coast","United States",2008,1163.12,"Base survey of 2006"
"Rice","Gross value of production","Primary product, grain","dollars per planted acre","No specific size","Gulf Coast","United States",2009,996.04,"Base survey of 2006"
"Rice","Gross value of production","Primary product, grain","dollars per planted acre","No specific size","Gulf Coast","United States",2010,713.3,"Base survey of 2006"
"Rice","Gross value of production","Primary product, grain","dollars per planted acre","No specific size","Gulf Coast","United States",2011,936,"Base survey of 2006"
"Rice","Gross value of production","Primary product, grain","dollars per planted acre","No specific size","Gulf Coast","United States",2012,1079.96,"Base survey of 2006"
"Rice","Gross value of production","Primary product, grain","dollars per planted acre","No specific size","Gulf Coast","United States",2013,1386,"Base survey of 2013"
"Rice","Gross value of production","Primary product, grain","dollars per planted acre","No specific size","Gulf Coast","United States",2014,1199.35,"Base survey of 2013"
"Rice","Gross value of production","Primary product, grain","dollars per planted acre","No specific size","Gulf Coast","United States",2015,931.52,"Base survey of 2013"
"Rice","Gross value of production","Primary product, grain","dollars per planted acre","No specific size","Gulf Coast","United States",2016,860.8,"Base survey of 2013"
"Rice","Gross value of production","Primary product, grain","dollars per planted acre","No specific size","Gulf Coast","United States",2017,855.57,"Base survey of 2013"
"Rice","Gross value of production","Primary product, grain","dollars per planted acre","No specific size","Gulf Coast","United States",2018,1046.61,"Base survey of 2013"
"Rice","Gross value of production","Primary product, grain","dollars per planted acre","No specific size","Gulf Coast","United States",2019,847.77,"Base survey of 2013"
"Rice","Gross value of production","Primary product, grain","dollars per planted acre","No specific size","Gulf Coast","United States",2020,1188.88,"Base survey of 2013"
"Rice","Gross value of production","Primary product, grain","dollars per planted acre","No specific size","Gulf Coast","United States",2021,984.84,"Base survey of 2021"
"Rice","Gross value of production","Primary product, grain","dollars per planted acre","No specific size","Gulf Coast","United States",2022,1124.82,"Base survey of 2021"
"Rice","Gross value of production","Primary product, grain","dollars per planted acre","No specific size","Gulf Coast","United States",2023,1293.18,"Base survey of 2021"
"Rice","Gross value of production","Primary product, grain","dollars per planted acre","No specific size","Gulf Coast","United States",2024,1186.55,"Base survey of 2021"
"Rice","Gross value of production","Primary product, grain","dollars per planted acre","No specific size","Arkansas Non-Delta","United States",2000,367.05,"Base survey of 2000"
"Rice","Gross value of production","Primary product, grain","dollars per planted acre","No specific size","Arkansas Non-Delta","United States",2001,289.06,"Base survey of 2000"
"Rice","Gross value of production","Primary product, grain","dollars per planted acre","No specific size","Arkansas Non-Delta","United States",2002,250.61,"Base survey of 2000"
"Rice","Gross value of production","Primary product, grain","dollars per planted acre","No specific size","Arkansas Non-Delta","United States",2003,414.23,"Base survey of 2000"
"Rice","Gross value of production","Primary product, grain","dollars per planted acre","No specific size","Arkansas Non-Delta","United States",2004,595.04,"Base survey of 2000"
"Rice","Gross value of production","Primary product, grain","dollars per planted acre","No specific size","Arkansas Non-Delta","United States",2005,452.53,"Base survey of 2000"
"Rice","Gross value of production","Primary product, grain","dollars per planted acre","No specific size","Arkansas Non-Delta","United States",2006,597.11,"Base survey of 2006"
"Rice","Gross value of production","Primary product, grain","dollars per planted acre","No specific size","Arkansas Non-Delta","United States",2007,731.86,"Base survey of 2006"
"Rice","Gross value of production","Primary product, grain","dollars per planted acre","No specific size","Arkansas Non-Delta","United States",2008,1173.69,"Base survey of 2006"
"Rice","Gross value of production","Primary product, grain","dollars per planted acre","No specific size","Arkansas Non-Delta","United States",2009,927.5,"Base survey of 2006"
"Rice","Gross value of production","Primary product, grain","dollars per planted acre","No specific size","Arkansas Non-Delta","United States",2010,681.39,"Base survey of 2006"
"Rice","Gross value of production","Primary product, grain","dollars per planted acre","No specific size","Arkansas Non-Delta","United States",2011,967.48,"Base survey of 2006"
"Rice","Gross value of production","Primary product, grain","dollars per planted acre","No specific size","Arkansas Non-Delta","United States",2012,1092.63,"Base survey of 2006"
"Rice","Gross value of production","Primary product, grain","dollars per planted acre","No specific size","Arkansas Non-Delta","United States",2013,1249.83,"Base survey of 2013"
"Rice","Gross value of production","Primary product, grain","dollars per planted acre","No specific size","Arkansas Non-Delta","United States",2014,1018.17,"Base survey of 2013"
"Rice","Gross value of production","Primary product, grain","dollars per planted acre","No specific size","Arkansas Non-Delta","United States",2015,920.4,"Base survey of 2013"
"Rice","Gross value of production","Primary product, grain","dollars per planted acre","No specific size","Arkansas Non-Delta","United States",2016,751.84,"Base survey of 2013"
"Rice","Gross value of production","Primary product, grain","dollars per planted acre","No specific size","Arkansas Non-Delta","United States",2017,901.68,"Base survey of 2013"
"Rice","Gross value of production","Primary product, grain","dollars per planted acre","No specific size","Arkansas Non-Delta","United States",2018,926.64,"Base survey of 2013"
"Rice","Gross value of production","Primary product, grain","dollars per planted acre","No specific size","Arkansas Non-Delta","United States",2019,884.52,"Base survey of 2013"
"Rice","Gross value of production","Primary product, grain","dollars per planted acre","No specific size","Arkansas Non-Delta","United States",2020,1107.04,"Base survey of 2013"
"Rice","Gross value of production","Primary product, grain","dollars per planted acre","No specific size","Arkansas Non-Delta","United States",2021,1125.54,"Base survey of 2021"
"Rice","Gross value of production","Primary product, grain","dollars per planted acre","No specific size","Arkansas Non-Delta","United States",2022,1355.39,"Base survey of 2021"
"Rice","Gross value of production","Primary product, grain","dollars per planted acre","No specific size","Arkansas Non-Delta","United States",2023,1365.76,"Base survey of 2021"
"Rice","Gross value of production","Primary product, grain","dollars per planted acre","No specific size","Arkansas Non-Delta","United States",2024,1270.81,"Base survey of 2021"
"Rice","Gross value of production","Primary product, grain","dollars per planted acre","No specific size","Mississippi River Delta","United States",2000,332.28,"Base survey of 2000"
"Rice","Gross value of production","Primary product, grain","dollars per planted acre","No specific size","Mississippi River Delta","United States",2001,295.27,"Base survey of 2000"
"Rice","Gross value of production","Primary product, grain","dollars per planted acre","No specific size","Mississippi River Delta","United States",2002,246.09,"Base survey of 2000"
"Rice","Gross value of production","Primary product, grain","dollars per planted acre","No specific size","Mississippi River Delta","United States",2003,390.16,"Base survey of 2000"
"Rice","Gross value of production","Primary product, grain","dollars per planted acre","No specific size","Mississippi River Delta","United States",2004,571.95,"Base survey of 2000"
"Rice","Gross value of production","Primary product, grain","dollars per planted acre","No specific size","Mississippi River Delta","United States",2005,424.93,"Base survey of 2000"
"Rice","Gross value of production","Primary product, grain","dollars per planted acre","No specific size","Mississippi River Delta","United States",2006,626.04,"Base survey of 2006"
"Rice","Gross value of production","Primary product, grain","dollars per planted acre","No specific size","Mississippi River Delta","United States",2007,762.06,"Base survey of 2006"
"Rice","Gross value of production","Primary product, grain","dollars per planted acre","No specific size","Mississippi River Delta","United States",2008,1221.12,"Base survey of 2006"
"Rice","Gross value of production","Primary product, grain","dollars per planted acre","No specific size","Mississippi River Delta","United States",2009,974.16,"Base survey of 2006"
"Rice","Gross value of production","Primary product, grain","dollars per planted acre","No specific size","Mississippi River Delta","United States",2010,717.1,"Base survey of 2006"
"Rice","Gross value of production","Primary product, grain","dollars per planted acre","No specific size","Mississippi River Delta","United States",2011,1018.8,"Base survey of 2006"
"Rice","Gross value of production","Primary product, grain","dollars per planted acre","No specific size","Mississippi River Delta","United States",2012,1117.06,"Base survey of 2006"
"Rice","Gross value of production","Primary product, grain","dollars per planted acre","No specific size","Mississippi River Delta","United States",2013,1222.13,"Base survey of 2013"
"Rice","Gross value of production","Primary product, grain","dollars per planted acre","No specific size","Mississippi River Delta","United States",2014,1019.1,"Base survey of 2013"
"Rice","Gross value of production","Primary product, grain","dollars per planted acre","No specific size","Mississippi River Delta","United States",2015,880.84,"Base survey of 2013"
"Rice","Gross value of production","Primary product, grain","dollars per planted acre","No specific size","Mississippi River Delta","United States",2016,740.22,"Base survey of 2013"
"Rice","Gross value of production","Primary product, grain","dollars per planted acre","No specific size","Mississippi River Delta","United States",2017,869.44,"Base survey of 2013"
"Rice","Gross value of production","Primary product, grain","dollars per planted acre","No specific size","Mississippi River Delta","United States",2018,893.88,"Base survey of 2013"
"Rice","Gross value of production","Primary product, grain","dollars per planted acre","No specific size","Mississippi River Delta","United States",2019,858.8,"Base survey of 2013"
"Rice","Gross value of production","Primary product, grain","dollars per planted acre","No specific size","Mississippi River Delta","United States",2020,1061.76,"Base survey of 2013"
"Rice","Gross value of production","Primary product, grain","dollars per planted acre","No specific size","Mississippi River Delta","United States",2021,1032.06,"Base survey of 2021"
"Rice","Gross value of production","Primary product, grain","dollars per planted acre","No specific size","Mississippi River Delta","United States",2022,1256.85,"Base survey of 2021"
"Rice","Gross value of production","Primary product, grain","dollars per planted acre","No specific size","Mississippi River Delta","United States",2023,1256.05,"Base survey of 2021"
"Rice","Gross value of production","Primary product, grain","dollars per planted acre","No specific size","Mississippi River Delta","United States",2024,1175.34,"Base survey of 2021"
"Rice","Gross value of production","Total, gross value of production","dollars per planted acre","No specific size","U.S. total","United States",2000,368.77,"Base survey of 2000"
"Rice","Gross value of production","Total, gross value of production","dollars per planted acre","No specific size","U.S. total","United States",2001,328.67,"Base survey of 2000"
"Rice","Gross value of production","Total, gross value of production","dollars per planted acre","No specific size","U.S. total","United States",2002,280.56,"Base survey of 2000"
"Rice","Gross value of production","Total, gross value of production","dollars per planted acre","No specific size","U.S. total","United States",2003,449.69,"Base survey of 2000"
"Rice","Gross value of production","Total, gross value of production","dollars per planted acre","No specific size","U.S. total","United States",2004,602.33,"Base survey of 2000"
"Rice","Gross value of production","Total, gross value of production","dollars per planted acre","No specific size","U.S. total","United States",2005,469.14,"Base survey of 2000"
"Rice","Gross value of production","Total, gross value of production","dollars per planted acre","No specific size","U.S. total","United States",2006,620.64,"Base survey of 2006"
"Rice","Gross value of production","Total, gross value of production","dollars per planted acre","No specific size","U.S. total","United States",2007,779.76,"Base survey of 2006"
"Rice","Gross value of production","Total, gross value of production","dollars per planted acre","No specific size","U.S. total","United States",2008,1287.36,"Base survey of 2006"
"Rice","Gross value of production","Total, gross value of production","dollars per planted acre","No specific size","U.S. total","United States",2009,1072.26,"Base survey of 2006"
"Rice","Gross value of production","Total, gross value of production","dollars per planted acre","No specific size","U.S. total","United States",2010,795.75,"Base survey of 2006"
"Rice","Gross value of production","Total, gross value of production","dollars per planted acre","No specific size","U.S. total","United States",2011,1069.94,"Base survey of 2006"
"Rice","Gross value of production","Total, gross value of production","dollars per planted acre","No specific size","U.S. total","United States",2012,1166.1,"Base survey of 2006"
"Rice","Gross value of production","Total, gross value of production","dollars per planted acre","No specific size","U.S. total","United States",2013,1395.23,"Base survey of 2013"
"Rice","Gross value of production","Total, gross value of production","dollars per planted acre","No specific size","U.S. total","United States",2014,1152.1,"Base survey of 2013"
"Rice","Gross value of production","Total, gross value of production","dollars per planted acre","No specific size","U.S. total","United States",2015,1060.29,"Base survey of 2013"
"Rice","Gross value of production","Total, gross value of production","dollars per planted acre","No specific size","U.S. total","United States",2016,863.46,"Base survey of 2013"
"Rice","Gross value of production","Total, gross value of production","dollars per planted acre","No specific size","U.S. total","United States",2017,972,"Base survey of 2013"
"Rice","Gross value of production","Total, gross value of production","dollars per planted acre","No specific size","U.S. total","United States",2018,1106.28,"Base survey of 2013"
"Rice","Gross value of production","Total, gross value of production","dollars per planted acre","No specific size","U.S. total","United States",2019,1019.2,"Base survey of 2013"
"Rice","Gross value of production","Total, gross value of production","dollars per planted acre","No specific size","U.S. total","United States",2020,1300.64,"Base survey of 2013"
"Rice","Gross value of production","Total, gross value of production","dollars per planted acre","No specific size","U.S. total","United States",2021,1363.4,"Base survey of 2021"
"Rice","Gross value of production","Total, gross value of production","dollars per planted acre","No specific size","U.S. total","United States",2022,1534.05,"Base survey of 2021"
"Rice","Gross value of production","Total, gross value of production","dollars per planted acre","No specific size","U.S. total","United States",2023,1432.89,"Base survey of 2021"
"Rice","Gross value of production","Total, gross value of production","dollars per planted acre","No specific size","U.S. total","United States",2024,1342.87,"Base survey of 2021"
"Rice","Gross value of production","Total, gross value of production","dollars per planted acre","No specific size","California","United States",2000,422.31,"Base survey of 2000"
"Rice","Gross value of production","Total, gross value of production","dollars per planted acre","No specific size","California","United States",2001,467.77,"Base survey of 2000"
"Rice","Gross value of production","Total, gross value of production","dollars per planted acre","No specific size","California","United States",2002,408.06,"Base survey of 2000"
"Rice","Gross value of production","Total, gross value of production","dollars per planted acre","No specific size","California","United States",2003,657.01,"Base survey of 2000"
"Rice","Gross value of production","Total, gross value of production","dollars per planted acre","No specific size","California","United States",2004,651.83,"Base survey of 2000"
"Rice","Gross value of production","Total, gross value of production","dollars per planted acre","No specific size","California","United States",2005,559.74,"Base survey of 2000"
"Rice","Gross value of production","Total, gross value of production","dollars per planted acre","No specific size","California","United States",2006,719.18,"Base survey of 2006"
"Rice","Gross value of production","Total, gross value of production","dollars per planted acre","No specific size","California","United States",2007,956.16,"Base survey of 2006"
"Rice","Gross value of production","Total, gross value of production","dollars per planted acre","No specific size","California","United States",2008,1731.38,"Base survey of 2006"
"Rice","Gross value of production","Total, gross value of production","dollars per planted acre","No specific size","California","United States",2009,1594.44,"Base survey of 2006"
"Rice","Gross value of production","Total, gross value of production","dollars per planted acre","No specific size","California","United States",2010,1316,"Base survey of 2006"
"Rice","Gross value of production","Total, gross value of production","dollars per planted acre","No specific size","California","United States",2011,1411,"Base survey of 2006"
"Rice","Gross value of production","Total, gross value of production","dollars per planted acre","No specific size","California","United States",2012,1425.6,"Base survey of 2006"
"Rice","Gross value of production","Total, gross value of production","dollars per planted acre","No specific size","California","United States",2013,1818.3,"Base survey of 2013"
"Rice","Gross value of production","Total, gross value of production","dollars per planted acre","No specific size","California","United States",2014,1698.4,"Base survey of 2013"
"Rice","Gross value of production","Total, gross value of production","dollars per planted acre","No specific size","California","United States",2015,1729,"Base survey of 2013"
"Rice","Gross value of production","Total, gross value of production","dollars per planted acre","No specific size","California","United States",2016,1274,"Base survey of 2013"
"Rice","Gross value of production","Total, gross value of production","dollars per planted acre","No specific size","California","United States",2017,1322.4,"Base survey of 2013"
"Rice","Gross value of production","Total, gross value of production","dollars per planted acre","No specific size","California","United States",2018,1886.8,"Base survey of 2013"
"Rice","Gross value of production","Total, gross value of production","dollars per planted acre","No specific size","California","United States",2019,1896.6,"Base survey of 2013"
"Rice","Gross value of production","Total, gross value of production","dollars per planted acre","No specific size","California","United States",2020,2052,"Base survey of 2013"
"Rice","Gross value of production","Total, gross value of production","dollars per planted acre","No specific size","California","United States",2021,2894.7,"Base survey of 2021"
"Rice","Gross value of production","Total, gross value of production","dollars per planted acre","No specific size","California","United States",2022,3594.8,"Base survey of 2021"
"Rice","Gross value of production","Total, gross value of production","dollars per planted acre","No specific size","California","United States",2023,1915.07,"Base survey of 2021"
"Rice","Gross value of production","Total, gross value of production","dollars per planted acre","No specific size","California","United States",2024,1922.01,"Base survey of 2021"
"Rice","Gross value of production","Total, gross value of production","dollars per planted acre","No specific size","Gulf Coast","United States",2000,357.68,"Base survey of 2000"
"Rice","Gross value of production","Total, gross value of production","dollars per planted acre","No specific size","Gulf Coast","United States",2001,344.76,"Base survey of 2000"
"Rice","Gross value of production","Total, gross value of production","dollars per planted acre","No specific size","Gulf Coast","United States",2002,268.81,"Base survey of 2000"
"Rice","Gross value of production","Total, gross value of production","dollars per planted acre","No specific size","Gulf Coast","United States",2003,399.08,"Base survey of 2000"
"Rice","Gross value of production","Total, gross value of production","dollars per planted acre","No specific size","Gulf Coast","United States",2004,603.17,"Base survey of 2000"
"Rice","Gross value of production","Total, gross value of production","dollars per planted acre","No specific size","Gulf Coast","United States",2005,476.08,"Base survey of 2000"
"Rice","Gross value of production","Total, gross value of production","dollars per planted acre","No specific size","Gulf Coast","United States",2006,587.88,"Base survey of 2006"
"Rice","Gross value of production","Total, gross value of production","dollars per planted acre","No specific size","Gulf Coast","United States",2007,696.9,"Base survey of 2006"
"Rice","Gross value of production","Total, gross value of production","dollars per planted acre","No specific size","Gulf Coast","United States",2008,1163.12,"Base survey of 2006"
"Rice","Gross value of production","Total, gross value of production","dollars per planted acre","No specific size","Gulf Coast","United States",2009,996.04,"Base survey of 2006"
"Rice","Gross value of production","Total, gross value of production","dollars per planted acre","No specific size","Gulf Coast","United States",2010,713.3,"Base survey of 2006"
"Rice","Gross value of production","Total, gross value of production","dollars per planted acre","No specific size","Gulf Coast","United States",2011,936,"Base survey of 2006"
"Rice","Gross value of production","Total, gross value of production","dollars per planted acre","No specific size","Gulf Coast","United States",2012,1079.96,"Base survey of 2006"
"Rice","Gross value of production","Total, gross value of production","dollars per planted acre","No specific size","Gulf Coast","United States",2013,1386,"Base survey of 2013"
"Rice","Gross value of production","Total, gross value of production","dollars per planted acre","No specific size","Gulf Coast","United States",2014,1199.35,"Base survey of 2013"
"Rice","Gross value of production","Total, gross value of production","dollars per planted acre","No specific size","Gulf Coast","United States",2015,931.52,"Base survey of 2013"
"Rice","Gross value of production","Total, gross value of production","dollars per planted acre","No specific size","Gulf Coast","United States",2016,860.8,"Base survey of 2013"
"Rice","Gross value of production","Total, gross value of production","dollars per planted acre","No specific size","Gulf Coast","United States",2017,855.57,"Base survey of 2013"
"Rice","Gross value of production","Total, gross value of production","dollars per planted acre","No specific size","Gulf Coast","United States",2018,1046.61,"Base survey of 2013"
"Rice","Gross value of production","Total, gross value of production","dollars per planted acre","No specific size","Gulf Coast","United States",2019,847.77,"Base survey of 2013"
"Rice","Gross value of production","Total, gross value of production","dollars per planted acre","No specific size","Gulf Coast","United States",2020,1188.88,"Base survey of 2013"
"Rice","Gross value of production","Total, gross value of production","dollars per planted acre","No specific size","Gulf Coast","United States",2021,984.84,"Base survey of 2021"
"Rice","Gross value of production","Total, gross value of production","dollars per planted acre","No specific size","Gulf Coast","United States",2022,1124.82,"Base survey of 2021"
"Rice","Gross value of production","Total, gross value of production","dollars per planted acre","No specific size","Gulf Coast","United States",2023,1293.18,"Base survey of 2021"
"Rice","Gross value of production","Total, gross value of production","dollars per planted acre","No specific size","Gulf Coast","United States",2024,1186.55,"Base survey of 2021"
"Rice","Gross value of production","Total, gross value of production","dollars per planted acre","No specific size","Arkansas Non-Delta","United States",2000,367.05,"Base survey of 2000"
"Rice","Gross value of production","Total, gross value of production","dollars per planted acre","No specific size","Arkansas Non-Delta","United States",2001,289.06,"Base survey of 2000"
"Rice","Gross value of production","Total, gross value of production","dollars per planted acre","No specific size","Arkansas Non-Delta","United States",2002,250.61,"Base survey of 2000"
"Rice","Gross value of production","Total, gross value of production","dollars per planted acre","No specific size","Arkansas Non-Delta","United States",2003,414.23,"Base survey of 2000"
"Rice","Gross value of production","Total, gross value of production","dollars per planted acre","No specific size","Arkansas Non-Delta","United States",2004,595.04,"Base survey of 2000"
"Rice","Gross value of production","Total, gross value of production","dollars per planted acre","No specific size","Arkansas Non-Delta","United States",2005,452.53,"Base survey of 2000"
"Rice","Gross value of production","Total, gross value of production","dollars per planted acre","No specific size","Arkansas Non-Delta","United States",2006,597.11,"Base survey of 2006"
"Rice","Gross value of production","Total, gross value of production","dollars per planted acre","No specific size","Arkansas Non-Delta","United States",2007,731.86,"Base survey of 2006"
"Rice","Gross value of production","Total, gross value of production","dollars per planted acre","No specific size","Arkansas Non-Delta","United States",2008,1173.69,"Base survey of 2006"
"Rice","Gross value of production","Total, gross value of production","dollars per planted acre","No specific size","Arkansas Non-Delta","United States",2009,927.5,"Base survey of 2006"
"Rice","Gross value of production","Total, gross value of production","dollars per planted acre","No specific size","Arkansas Non-Delta","United States",2010,681.39,"Base survey of 2006"
"Rice","Gross value of production","Total, gross value of production","dollars per planted acre","No specific size","Arkansas Non-Delta","United States",2011,967.48,"Base survey of 2006"
"Rice","Gross value of production","Total, gross value of production","dollars per planted acre","No specific size","Arkansas Non-Delta","United States",2012,1092.63,"Base survey of 2006"
"Rice","Gross value of production","Total, gross value of production","dollars per planted acre","No specific size","Arkansas Non-Delta","United States",2013,1249.83,"Base survey of 2013"
"Rice","Gross value of production","Total, gross value of production","dollars per planted acre","No specific size","Arkansas Non-Delta","United States",2014,1018.17,"Base survey of 2013"
"Rice","Gross value of production","Total, gross value of production","dollars per planted acre","No specific size","Arkansas Non-Delta","United States",2015,920.4,"Base survey of 2013"
"Rice","Gross value of production","Total, gross value of production","dollars per planted acre","No specific size","Arkansas Non-Delta","United States",2016,751.84,"Base survey of 2013"
"Rice","Gross value of production","Total, gross value of production","dollars per planted acre","No specific size","Arkansas Non-Delta","United States",2017,901.68,"Base survey of 2013"
"Rice","Gross value of production","Total, gross value of production","dollars per planted acre","No specific size","Arkansas Non-Delta","United States",2018,926.64,"Base survey of 2013"
"Rice","Gross value of production","Total, gross value of production","dollars per planted acre","No specific size","Arkansas Non-Delta","United States",2019,884.52,"Base survey of 2013"
"Rice","Gross value of production","Total, gross value of production","dollars per planted acre","No specific size","Arkansas Non-Delta","United States",2020,1107.04,"Base survey of 2013"
"Rice","Gross value of production","Total, gross value of production","dollars per planted acre","No specific size","Arkansas Non-Delta","United States",2021,1125.54,"Base survey of 2021"
"Rice","Gross value of production","Total, gross value of production","dollars per planted acre","No specific size","Arkansas Non-Delta","United States",2022,1355.39,"Base survey of 2021"
"Rice","Gross value of production","Total, gross value of production","dollars per planted acre","No specific size","Arkansas Non-Delta","United States",2023,1365.76,"Base survey of 2021"
"Rice","Gross value of production","Total, gross value of production","dollars per planted acre","No specific size","Arkansas Non-Delta","United States",2024,1270.81,"Base survey of 2021"
"Rice","Gross value of production","Total, gross value of production","dollars per planted acre","No specific size","Mississippi River Delta","United States",2000,332.28,"Base survey of 2000"
"Rice","Gross value of production","Total, gross value of production","dollars per planted acre","No specific size","Mississippi River Delta","United States",2001,295.27,"Base survey of 2000"
"Rice","Gross value of production","Total, gross value of production","dollars per planted acre","No specific size","Mississippi River Delta","United States",2002,246.09,"Base survey of 2000"
"Rice","Gross value of production","Total, gross value of production","dollars per planted acre","No specific size","Mississippi River Delta","United States",2003,390.16,"Base survey of 2000"
"Rice","Gross value of production","Total, gross value of production","dollars per planted acre","No specific size","Mississippi River Delta","United States",2004,571.95,"Base survey of 2000"
"Rice","Gross value of production","Total, gross value of production","dollars per planted acre","No specific size","Mississippi River Delta","United States",2005,424.93,"Base survey of 2000"
"Rice","Gross value of production","Total, gross value of production","dollars per planted acre","No specific size","Mississippi River Delta","United States",2006,626.04,"Base survey of 2006"
"Rice","Gross value of production","Total, gross value of production","dollars per planted acre","No specific size","Mississippi River Delta","United States",2007,762.06,"Base survey of 2006"
"Rice","Gross value of production","Total, gross value of production","dollars per planted acre","No specific size","Mississippi River Delta","United States",2008,1221.12,"Base survey of 2006"
"Rice","Gross value of production","Total, gross value of production","dollars per planted acre","No specific size","Mississippi River Delta","United States",2009,974.16,"Base survey of 2006"
"Rice","Gross value of production","Total, gross value of production","dollars per planted acre","No specific size","Mississippi River Delta","United States",2010,717.1,"Base survey of 2006"
"Rice","Gross value of production","Total, gross value of production","dollars per planted acre","No specific size","Mississippi River Delta","United States",2011,1018.8,"Base survey of 2006"
"Rice","Gross value of production","Total, gross value of production","dollars per planted acre","No specific size","Mississippi River Delta","United States",2012,1117.06,"Base survey of 2006"
"Rice","Gross value of production","Total, gross value of production","dollars per planted acre","No specific size","Mississippi River Delta","United States",2013,1222.13,"Base survey of 2013"
"Rice","Gross value of production","Total, gross value of production","dollars per planted acre","No specific size","Mississippi River Delta","United States",2014,1019.1,"Base survey of 2013"
"Rice","Gross value of production","Total, gross value of production","dollars per planted acre","No specific size","Mississippi River Delta","United States",2015,880.84,"Base survey of 2013"
"Rice","Gross value of production","Total, gross value of production","dollars per planted acre","No specific size","Mississippi River Delta","United States",2016,740.22,"Base survey of 2013"
"Rice","Gross value of production","Total, gross value of production","dollars per planted acre","No specific size","Mississippi River Delta","United States",2017,869.44,"Base survey of 2013"
"Rice","Gross value of production","Total, gross value of production","dollars per planted acre","No specific size","Mississippi River Delta","United States",2018,893.88,"Base survey of 2013"
"Rice","Gross value of production","Total, gross value of production","dollars per planted acre","No specific size","Mississippi River Delta","United States",2019,858.8,"Base survey of 2013"
"Rice","Gross value of production","Total, gross value of production","dollars per planted acre","No specific size","Mississippi River Delta","United States",2020,1061.76,"Base survey of 2013"
"Rice","Gross value of production","Total, gross value of production","dollars per planted acre","No specific size","Mississippi River Delta","United States",2021,1032.06,"Base survey of 2021"
"Rice","Gross value of production","Total, gross value of production","dollars per planted acre","No specific size","Mississippi River Delta","United States",2022,1256.85,"Base survey of 2021"
"Rice","Gross value of production","Total, gross value of production","dollars per planted acre","No specific size","Mississippi River Delta","United States",2023,1256.05,"Base survey of 2021"
"Rice","Gross value of production","Total, gross value of production","dollars per planted acre","No specific size","Mississippi River Delta","United States",2024,1175.34,"Base survey of 2021"
"Rice","Operating costs","Seed","dollars per planted acre","No specific size","U.S. total","United States",2000,23.31,"Base survey of 2000"
"Rice","Operating costs","Seed","dollars per planted acre","No specific size","U.S. total","United States",2001,21.21,"Base survey of 2000"
"Rice","Operating costs","Seed","dollars per planted acre","No specific size","U.S. total","United States",2002,20.32,"Base survey of 2000"
"Rice","Operating costs","Seed","dollars per planted acre","No specific size","U.S. total","United States",2003,19.06,"Base survey of 2000"
"Rice","Operating costs","Seed","dollars per planted acre","No specific size","U.S. total","United States",2004,27.01,"Base survey of 2000"
"Rice","Operating costs","Seed","dollars per planted acre","No specific size","U.S. total","United States",2005,27.56,"Base survey of 2000"
"Rice","Operating costs","Seed","dollars per planted acre","No specific size","U.S. total","United States",2006,36.75,"Base survey of 2006"
"Rice","Operating costs","Seed","dollars per planted acre","No specific size","U.S. total","United States",2007,40.75,"Base survey of 2006"
"Rice","Operating costs","Seed","dollars per planted acre","No specific size","U.S. total","United States",2008,45.09,"Base survey of 2006"
"Rice","Operating costs","Seed","dollars per planted acre","No specific size","U.S. total","United States",2009,65.48,"Base survey of 2006"
"Rice","Operating costs","Seed","dollars per planted acre","No specific size","U.S. total","United States",2010,65.65,"Base survey of 2006"
"Rice","Operating costs","Seed","dollars per planted acre","No specific size","U.S. total","United States",2011,67.4,"Base survey of 2006"
"Rice","Operating costs","Seed","dollars per planted acre","No specific size","U.S. total","United States",2012,68.28,"Base survey of 2006"
"Rice","Operating costs","Seed","dollars per planted acre","No specific size","U.S. total","United States",2013,84.39,"Base survey of 2013"
"Rice","Operating costs","Seed","dollars per planted acre","No specific size","U.S. total","United States",2014,98.91,"Base survey of 2013"
"Rice","Operating costs","Seed","dollars per planted acre","No specific size","U.S. total","United States",2015,101.77,"Base survey of 2013"
"Rice","Operating costs","Seed","dollars per planted acre","No specific size","U.S. total","United States",2016,99.03,"Base survey of 2013"
"Rice","Operating costs","Seed","dollars per planted acre","No specific size","U.S. total","United States",2017,105.51,"Base survey of 2013"
"Rice","Operating costs","Seed","dollars per planted acre","No specific size","U.S. total","United States",2018,104.89,"Base survey of 2013"
"Rice","Operating costs","Seed","dollars per planted acre","No specific size","U.S. total","United States",2019,98.43,"Base survey of 2013"
"Rice","Operating costs","Seed","dollars per planted acre","No specific size","U.S. total","United States",2020,88.75,"Base survey of 2013"
"Rice","Operating costs","Seed","dollars per planted acre","No specific size","U.S. total","United States",2021,103.89,"Base survey of 2021"
"Rice","Operating costs","Seed","dollars per planted acre","No specific size","U.S. total","United States",2022,118.21,"Base survey of 2021"
"Rice","Operating costs","Seed","dollars per planted acre","No specific size","U.S. total","United States",2023,121.66,"Base survey of 2021"
"Rice","Operating costs","Seed","dollars per planted acre","No specific size","U.S. total","United States",2024,118.96,"Base survey of 2021"
"Rice","Operating costs","Seed","dollars per planted acre","No specific size","California","United States",2000,27.22,"Base survey of 2000"
"Rice","Operating costs","Seed","dollars per planted acre","No specific size","California","United States",2001,24.11,"Base survey of 2000"
"Rice","Operating costs","Seed","dollars per planted acre","No specific size","California","United States",2002,23.64,"Base survey of 2000"
"Rice","Operating costs","Seed","dollars per planted acre","No specific size","California","United States",2003,23.21,"Base survey of 2000"
"Rice","Operating costs","Seed","dollars per planted acre","No specific size","California","United States",2004,34.86,"Base survey of 2000"
"Rice","Operating costs","Seed","dollars per planted acre","No specific size","California","United States",2005,25.93,"Base survey of 2000"
"Rice","Operating costs","Seed","dollars per planted acre","No specific size","California","United States",2006,41.41,"Base survey of 2006"
"Rice","Operating costs","Seed","dollars per planted acre","No specific size","California","United States",2007,45.81,"Base survey of 2006"
"Rice","Operating costs","Seed","dollars per planted acre","No specific size","California","United States",2008,50.81,"Base survey of 2006"
"Rice","Operating costs","Seed","dollars per planted acre","No specific size","California","United States",2009,73.72,"Base survey of 2006"
"Rice","Operating costs","Seed","dollars per planted acre","No specific size","California","United States",2010,74.17,"Base survey of 2006"
"Rice","Operating costs","Seed","dollars per planted acre","No specific size","California","United States",2011,75.54,"Base survey of 2006"
"Rice","Operating costs","Seed","dollars per planted acre","No specific size","California","United States",2012,76.75,"Base survey of 2006"
"Rice","Operating costs","Seed","dollars per planted acre","No specific size","California","United States",2013,55.82,"Base survey of 2013"
"Rice","Operating costs","Seed","dollars per planted acre","No specific size","California","United States",2014,63.04,"Base survey of 2013"
"Rice","Operating costs","Seed","dollars per planted acre","No specific size","California","United States",2015,65.39,"Base survey of 2013"
"Rice","Operating costs","Seed","dollars per planted acre","No specific size","California","United States",2016,63.78,"Base survey of 2013"
"Rice","Operating costs","Seed","dollars per planted acre","No specific size","California","United States",2017,68.59,"Base survey of 2013"
"Rice","Operating costs","Seed","dollars per planted acre","No specific size","California","United States",2018,66.13,"Base survey of 2013"
"Rice","Operating costs","Seed","dollars per planted acre","No specific size","California","United States",2019,64.59,"Base survey of 2013"
"Rice","Operating costs","Seed","dollars per planted acre","No specific size","California","United States",2020,57.29,"Base survey of 2013"
"Rice","Operating costs","Seed","dollars per planted acre","No specific size","California","United States",2021,59.49,"Base survey of 2021"
"Rice","Operating costs","Seed","dollars per planted acre","No specific size","California","United States",2022,66.79,"Base survey of 2021"
"Rice","Operating costs","Seed","dollars per planted acre","No specific size","California","United States",2023,70.34,"Base survey of 2021"
"Rice","Operating costs","Seed","dollars per planted acre","No specific size","California","United States",2024,67.85,"Base survey of 2021"
"Rice","Operating costs","Seed","dollars per planted acre","No specific size","Gulf Coast","United States",2000,27.85,"Base survey of 2000"
"Rice","Operating costs","Seed","dollars per planted acre","No specific size","Gulf Coast","United States",2001,29.36,"Base survey of 2000"
"Rice","Operating costs","Seed","dollars per planted acre","No specific size","Gulf Coast","United States",2002,28.92,"Base survey of 2000"
"Rice","Operating costs","Seed","dollars per planted acre","No specific size","Gulf Coast","United States",2003,20.45,"Base survey of 2000"
"Rice","Operating costs","Seed","dollars per planted acre","No specific size","Gulf Coast","United States",2004,33.1,"Base survey of 2000"
"Rice","Operating costs","Seed","dollars per planted acre","No specific size","Gulf Coast","United States",2005,34.34,"Base survey of 2000"
"Rice","Operating costs","Seed","dollars per planted acre","No specific size","Gulf Coast","United States",2006,35.08,"Base survey of 2006"
"Rice","Operating costs","Seed","dollars per planted acre","No specific size","Gulf Coast","United States",2007,38.81,"Base survey of 2006"
"Rice","Operating costs","Seed","dollars per planted acre","No specific size","Gulf Coast","United States",2008,43.05,"Base survey of 2006"
"Rice","Operating costs","Seed","dollars per planted acre","No specific size","Gulf Coast","United States",2009,62.45,"Base survey of 2006"
"Rice","Operating costs","Seed","dollars per planted acre","No specific size","Gulf Coast","United States",2010,62.84,"Base survey of 2006"
"Rice","Operating costs","Seed","dollars per planted acre","No specific size","Gulf Coast","United States",2011,63.99,"Base survey of 2006"
"Rice","Operating costs","Seed","dollars per planted acre","No specific size","Gulf Coast","United States",2012,65.02,"Base survey of 2006"
"Rice","Operating costs","Seed","dollars per planted acre","No specific size","Gulf Coast","United States",2013,83.8,"Base survey of 2013"
"Rice","Operating costs","Seed","dollars per planted acre","No specific size","Gulf Coast","United States",2014,94.64,"Base survey of 2013"
"Rice","Operating costs","Seed","dollars per planted acre","No specific size","Gulf Coast","United States",2015,98.16,"Base survey of 2013"
"Rice","Operating costs","Seed","dollars per planted acre","No specific size","Gulf Coast","United States",2016,95.76,"Base survey of 2013"
"Rice","Operating costs","Seed","dollars per planted acre","No specific size","Gulf Coast","United States",2017,102.97,"Base survey of 2013"
"Rice","Operating costs","Seed","dollars per planted acre","No specific size","Gulf Coast","United States",2018,99.28,"Base survey of 2013"
"Rice","Operating costs","Seed","dollars per planted acre","No specific size","Gulf Coast","United States",2019,96.96,"Base survey of 2013"
"Rice","Operating costs","Seed","dollars per planted acre","No specific size","Gulf Coast","United States",2020,86.01,"Base survey of 2013"
"Rice","Operating costs","Seed","dollars per planted acre","No specific size","Gulf Coast","United States",2021,88.58,"Base survey of 2021"
"Rice","Operating costs","Seed","dollars per planted acre","No specific size","Gulf Coast","United States",2022,99.66,"Base survey of 2021"
"Rice","Operating costs","Seed","dollars per planted acre","No specific size","Gulf Coast","United States",2023,101.4,"Base survey of 2021"
"Rice","Operating costs","Seed","dollars per planted acre","No specific size","Gulf Coast","United States",2024,97.67,"Base survey of 2021"
"Rice","Operating costs","Seed","dollars per planted acre","No specific size","Arkansas Non-Delta","United States",2000,18.62,"Base survey of 2000"
"Rice","Operating costs","Seed","dollars per planted acre","No specific size","Arkansas Non-Delta","United States",2001,15.46,"Base survey of 2000"
"Rice","Operating costs","Seed","dollars per planted acre","No specific size","Arkansas Non-Delta","United States",2002,13.98,"Base survey of 2000"
"Rice","Operating costs","Seed","dollars per planted acre","No specific size","Arkansas Non-Delta","United States",2003,15.82,"Base survey of 2000"
"Rice","Operating costs","Seed","dollars per planted acre","No specific size","Arkansas Non-Delta","United States",2004,20.62,"Base survey of 2000"
"Rice","Operating costs","Seed","dollars per planted acre","No specific size","Arkansas Non-Delta","United States",2005,24.13,"Base survey of 2000"
"Rice","Operating costs","Seed","dollars per planted acre","No specific size","Arkansas Non-Delta","United States",2006,34.38,"Base survey of 2006"
"Rice","Operating costs","Seed","dollars per planted acre","No specific size","Arkansas Non-Delta","United States",2007,38.03,"Base survey of 2006"
"Rice","Operating costs","Seed","dollars per planted acre","No specific size","Arkansas Non-Delta","United States",2008,42.19,"Base survey of 2006"
"Rice","Operating costs","Seed","dollars per planted acre","No specific size","Arkansas Non-Delta","United States",2009,61.2,"Base survey of 2006"
"Rice","Operating costs","Seed","dollars per planted acre","No specific size","Arkansas Non-Delta","United States",2010,61.58,"Base survey of 2006"
"Rice","Operating costs","Seed","dollars per planted acre","No specific size","Arkansas Non-Delta","United States",2011,62.72,"Base survey of 2006"
"Rice","Operating costs","Seed","dollars per planted acre","No specific size","Arkansas Non-Delta","United States",2012,63.72,"Base survey of 2006"
"Rice","Operating costs","Seed","dollars per planted acre","No specific size","Arkansas Non-Delta","United States",2013,91.94,"Base survey of 2013"
"Rice","Operating costs","Seed","dollars per planted acre","No specific size","Arkansas Non-Delta","United States",2014,103.83,"Base survey of 2013"
"Rice","Operating costs","Seed","dollars per planted acre","No specific size","Arkansas Non-Delta","United States",2015,107.7,"Base survey of 2013"
"Rice","Operating costs","Seed","dollars per planted acre","No specific size","Arkansas Non-Delta","United States",2016,105.06,"Base survey of 2013"
"Rice","Operating costs","Seed","dollars per planted acre","No specific size","Arkansas Non-Delta","United States",2017,112.97,"Base survey of 2013"
"Rice","Operating costs","Seed","dollars per planted acre","No specific size","Arkansas Non-Delta","United States",2018,108.92,"Base survey of 2013"
"Rice","Operating costs","Seed","dollars per planted acre","No specific size","Arkansas Non-Delta","United States",2019,106.38,"Base survey of 2013"
"Rice","Operating costs","Seed","dollars per planted acre","No specific size","Arkansas Non-Delta","United States",2020,94.36,"Base survey of 2013"
"Rice","Operating costs","Seed","dollars per planted acre","No specific size","Arkansas Non-Delta","United States",2021,127.92,"Base survey of 2021"
"Rice","Operating costs","Seed","dollars per planted acre","No specific size","Arkansas Non-Delta","United States",2022,143.23,"Base survey of 2021"
"Rice","Operating costs","Seed","dollars per planted acre","No specific size","Arkansas Non-Delta","United States",2023,150.85,"Base survey of 2021"
"Rice","Operating costs","Seed","dollars per planted acre","No specific size","Arkansas Non-Delta","United States",2024,145.68,"Base survey of 2021"
"Rice","Operating costs","Seed","dollars per planted acre","No specific size","Mississippi River Delta","United States",2000,22.2,"Base survey of 2000"
"Rice","Operating costs","Seed","dollars per planted acre","No specific size","Mississippi River Delta","United States",2001,21.44,"Base survey of 2000"
"Rice","Operating costs","Seed","dollars per planted acre","No specific size","Mississippi River Delta","United States",2002,20.19,"Base survey of 2000"
"Rice","Operating costs","Seed","dollars per planted acre","No specific size","Mississippi River Delta","United States",2003,19.53,"Base survey of 2000"
"Rice","Operating costs","Seed","dollars per planted acre","No specific size","Mississippi River Delta","United States",2004,24.34,"Base survey of 2000"
"Rice","Operating costs","Seed","dollars per planted acre","No specific size","Mississippi River Delta","United States",2005,27.23,"Base survey of 2000"
"Rice","Operating costs","Seed","dollars per planted acre","No specific size","Mississippi River Delta","United States",2006,39.35,"Base survey of 2006"
"Rice","Operating costs","Seed","dollars per planted acre","No specific size","Mississippi River Delta","United States",2007,43.53,"Base survey of 2006"
"Rice","Operating costs","Seed","dollars per planted acre","No specific size","Mississippi River Delta","United States",2008,48.29,"Base survey of 2006"
"Rice","Operating costs","Seed","dollars per planted acre","No specific size","Mississippi River Delta","United States",2009,70.05,"Base survey of 2006"
"Rice","Operating costs","Seed","dollars per planted acre","No specific size","Mississippi River Delta","United States",2010,70.48,"Base survey of 2006"
"Rice","Operating costs","Seed","dollars per planted acre","No specific size","Mississippi River Delta","United States",2011,71.78,"Base survey of 2006"
"Rice","Operating costs","Seed","dollars per planted acre","No specific size","Mississippi River Delta","United States",2012,72.93,"Base survey of 2006"
"Rice","Operating costs","Seed","dollars per planted acre","No specific size","Mississippi River Delta","United States",2013,104.92,"Base survey of 2013"
"Rice","Operating costs","Seed","dollars per planted acre","No specific size","Mississippi River Delta","United States",2014,118.49,"Base survey of 2013"
"Rice","Operating costs","Seed","dollars per planted acre","No specific size","Mississippi River Delta","United States",2015,122.9,"Base survey of 2013"
"Rice","Operating costs","Seed","dollars per planted acre","No specific size","Mississippi River Delta","United States",2016,119.89,"Base survey of 2013"
"Rice","Operating costs","Seed","dollars per planted acre","No specific size","Mississippi River Delta","United States",2017,128.92,"Base survey of 2013"
"Rice","Operating costs","Seed","dollars per planted acre","No specific size","Mississippi River Delta","United States",2018,124.3,"Base survey of 2013"
"Rice","Operating costs","Seed","dollars per planted acre","No specific size","Mississippi River Delta","United States",2019,121.39,"Base survey of 2013"
"Rice","Operating costs","Seed","dollars per planted acre","No specific size","Mississippi River Delta","United States",2020,107.68,"Base survey of 2013"
"Rice","Operating costs","Seed","dollars per planted acre","No specific size","Mississippi River Delta","United States",2021,101.6,"Base survey of 2021"
"Rice","Operating costs","Seed","dollars per planted acre","No specific size","Mississippi River Delta","United States",2022,112.85,"Base survey of 2021"
"Rice","Operating costs","Seed","dollars per planted acre","No specific size","Mississippi River Delta","United States",2023,119.84,"Base survey of 2021"
"Rice","Operating costs","Seed","dollars per planted acre","No specific size","Mississippi River Delta","United States",2024,119.24,"Base survey of 2021"
"Rice","Operating costs","Fertilizer  ","dollars per planted acre","No specific size","U.S. total","United States",2000,46.66,"Base survey of 2000"
"Rice","Operating costs","Fertilizer  ","dollars per planted acre","No specific size","U.S. total","United States",2001,59.12,"Base survey of 2000"
"Rice","Operating costs","Fertilizer  ","dollars per planted acre","No specific size","U.S. total","United States",2002,43.47,"Base survey of 2000"
"Rice","Operating costs","Fertilizer  ","dollars per planted acre","No specific size","U.S. total","United States",2003,54.32,"Base survey of 2000"
"Rice","Operating costs","Fertilizer  ","dollars per planted acre","No specific size","U.S. total","United States",2004,58.45,"Base survey of 2000"
"Rice","Operating costs","Fertilizer  ","dollars per planted acre","No specific size","U.S. total","United States",2005,70.1,"Base survey of 2000"
"Rice","Operating costs","Fertilizer  ","dollars per planted acre","No specific size","U.S. total","United States",2006,60.49,"Base survey of 2006"
"Rice","Operating costs","Fertilizer  ","dollars per planted acre","No specific size","U.S. total","United States",2007,66.96,"Base survey of 2006"
"Rice","Operating costs","Fertilizer  ","dollars per planted acre","No specific size","U.S. total","United States",2008,110.8,"Base survey of 2006"
"Rice","Operating costs","Fertilizer  ","dollars per planted acre","No specific size","U.S. total","United States",2009,103.94,"Base survey of 2006"
"Rice","Operating costs","Fertilizer  ","dollars per planted acre","No specific size","U.S. total","United States",2010,79.2,"Base survey of 2006"
"Rice","Operating costs","Fertilizer  ","dollars per planted acre","No specific size","U.S. total","United States",2011,107.25,"Base survey of 2006"
"Rice","Operating costs","Fertilizer  ","dollars per planted acre","No specific size","U.S. total","United States",2012,112.45,"Base survey of 2006"
"Rice","Operating costs","Fertilizer  ","dollars per planted acre","No specific size","U.S. total","United States",2013,138.82,"Base survey of 2013"
"Rice","Operating costs","Fertilizer  ","dollars per planted acre","No specific size","U.S. total","United States",2014,135.4,"Base survey of 2013"
"Rice","Operating costs","Fertilizer  ","dollars per planted acre","No specific size","U.S. total","United States",2015,124.68,"Base survey of 2013"
"Rice","Operating costs","Fertilizer  ","dollars per planted acre","No specific size","U.S. total","United States",2016,105.65,"Base survey of 2013"
"Rice","Operating costs","Fertilizer  ","dollars per planted acre","No specific size","U.S. total","United States",2017,94.38,"Base survey of 2013"
"Rice","Operating costs","Fertilizer  ","dollars per planted acre","No specific size","U.S. total","United States",2018,90.79,"Base survey of 2013"
"Rice","Operating costs","Fertilizer  ","dollars per planted acre","No specific size","U.S. total","United States",2019,96.57,"Base survey of 2013"
"Rice","Operating costs","Fertilizer  ","dollars per planted acre","No specific size","U.S. total","United States",2020,92.53,"Base survey of 2013"
"Rice","Operating costs","Fertilizer  ","dollars per planted acre","No specific size","U.S. total","United States",2021,130.71,"Base survey of 2021"
"Rice","Operating costs","Fertilizer  ","dollars per planted acre","No specific size","U.S. total","United States",2022,243.28,"Base survey of 2021"
"Rice","Operating costs","Fertilizer  ","dollars per planted acre","No specific size","U.S. total","United States",2023,196.42,"Base survey of 2021"
"Rice","Operating costs","Fertilizer  ","dollars per planted acre","No specific size","U.S. total","United States",2024,167.73,"Base survey of 2021"
"Rice","Operating costs","Fertilizer  ","dollars per planted acre","No specific size","California","United States",2000,57.37,"Base survey of 2000"
"Rice","Operating costs","Fertilizer  ","dollars per planted acre","No specific size","California","United States",2001,64.84,"Base survey of 2000"
"Rice","Operating costs","Fertilizer  ","dollars per planted acre","No specific size","California","United States",2002,52.22,"Base survey of 2000"
"Rice","Operating costs","Fertilizer  ","dollars per planted acre","No specific size","California","United States",2003,60.21,"Base survey of 2000"
"Rice","Operating costs","Fertilizer  ","dollars per planted acre","No specific size","California","United States",2004,67.78,"Base survey of 2000"
"Rice","Operating costs","Fertilizer  ","dollars per planted acre","No specific size","California","United States",2005,73.11,"Base survey of 2000"
"Rice","Operating costs","Fertilizer  ","dollars per planted acre","No specific size","California","United States",2006,69.58,"Base survey of 2006"
"Rice","Operating costs","Fertilizer  ","dollars per planted acre","No specific size","California","United States",2007,76.39,"Base survey of 2006"
"Rice","Operating costs","Fertilizer  ","dollars per planted acre","No specific size","California","United States",2008,125.92,"Base survey of 2006"
"Rice","Operating costs","Fertilizer  ","dollars per planted acre","No specific size","California","United States",2009,118.36,"Base survey of 2006"
"Rice","Operating costs","Fertilizer  ","dollars per planted acre","No specific size","California","United States",2010,90.88,"Base survey of 2006"
"Rice","Operating costs","Fertilizer  ","dollars per planted acre","No specific size","California","United States",2011,120.25,"Base survey of 2006"
"Rice","Operating costs","Fertilizer  ","dollars per planted acre","No specific size","California","United States",2012,127.69,"Base survey of 2006"
"Rice","Operating costs","Fertilizer  ","dollars per planted acre","No specific size","California","United States",2013,140,"Base survey of 2013"
"Rice","Operating costs","Fertilizer  ","dollars per planted acre","No specific size","California","United States",2014,135.84,"Base survey of 2013"
"Rice","Operating costs","Fertilizer  ","dollars per planted acre","No specific size","California","United States",2015,125.24,"Base survey of 2013"
"Rice","Operating costs","Fertilizer  ","dollars per planted acre","No specific size","California","United States",2016,105.97,"Base survey of 2013"
"Rice","Operating costs","Fertilizer  ","dollars per planted acre","No specific size","California","United States",2017,95.27,"Base survey of 2013"
"Rice","Operating costs","Fertilizer  ","dollars per planted acre","No specific size","California","United States",2018,95.82,"Base survey of 2013"
"Rice","Operating costs","Fertilizer  ","dollars per planted acre","No specific size","California","United States",2019,103.96,"Base survey of 2013"
"Rice","Operating costs","Fertilizer  ","dollars per planted acre","No specific size","California","United States",2020,93.12,"Base survey of 2013"
"Rice","Operating costs","Fertilizer  ","dollars per planted acre","No specific size","California","United States",2021,151.49,"Base survey of 2021"
"Rice","Operating costs","Fertilizer  ","dollars per planted acre","No specific size","California","United States",2022,285.9,"Base survey of 2021"
"Rice","Operating costs","Fertilizer  ","dollars per planted acre","No specific size","California","United States",2023,226.29,"Base survey of 2021"
"Rice","Operating costs","Fertilizer  ","dollars per planted acre","No specific size","California","United States",2024,193.93,"Base survey of 2021"
"Rice","Operating costs","Fertilizer  ","dollars per planted acre","No specific size","Gulf Coast","United States",2000,54.02,"Base survey of 2000"
"Rice","Operating costs","Fertilizer  ","dollars per planted acre","No specific size","Gulf Coast","United States",2001,72.6,"Base survey of 2000"
"Rice","Operating costs","Fertilizer  ","dollars per planted acre","No specific size","Gulf Coast","United States",2002,55.32,"Base survey of 2000"
"Rice","Operating costs","Fertilizer  ","dollars per planted acre","No specific size","Gulf Coast","United States",2003,65.8,"Base survey of 2000"
"Rice","Operating costs","Fertilizer  ","dollars per planted acre","No specific size","Gulf Coast","United States",2004,70.78,"Base survey of 2000"
"Rice","Operating costs","Fertilizer  ","dollars per planted acre","No specific size","Gulf Coast","United States",2005,87.2,"Base survey of 2000"
"Rice","Operating costs","Fertilizer  ","dollars per planted acre","No specific size","Gulf Coast","United States",2006,75.15,"Base survey of 2006"
"Rice","Operating costs","Fertilizer  ","dollars per planted acre","No specific size","Gulf Coast","United States",2007,82.5,"Base survey of 2006"
"Rice","Operating costs","Fertilizer  ","dollars per planted acre","No specific size","Gulf Coast","United States",2008,136.01,"Base survey of 2006"
"Rice","Operating costs","Fertilizer  ","dollars per planted acre","No specific size","Gulf Coast","United States",2009,127.84,"Base survey of 2006"
"Rice","Operating costs","Fertilizer  ","dollars per planted acre","No specific size","Gulf Coast","United States",2010,98.16,"Base survey of 2006"
"Rice","Operating costs","Fertilizer  ","dollars per planted acre","No specific size","Gulf Coast","United States",2011,129.88,"Base survey of 2006"
"Rice","Operating costs","Fertilizer  ","dollars per planted acre","No specific size","Gulf Coast","United States",2012,137.91,"Base survey of 2006"
"Rice","Operating costs","Fertilizer  ","dollars per planted acre","No specific size","Gulf Coast","United States",2013,118.71,"Base survey of 2013"
"Rice","Operating costs","Fertilizer  ","dollars per planted acre","No specific size","Gulf Coast","United States",2014,115.18,"Base survey of 2013"
"Rice","Operating costs","Fertilizer  ","dollars per planted acre","No specific size","Gulf Coast","United States",2015,106.19,"Base survey of 2013"
"Rice","Operating costs","Fertilizer  ","dollars per planted acre","No specific size","Gulf Coast","United States",2016,89.86,"Base survey of 2013"
"Rice","Operating costs","Fertilizer  ","dollars per planted acre","No specific size","Gulf Coast","United States",2017,80.79,"Base survey of 2013"
"Rice","Operating costs","Fertilizer  ","dollars per planted acre","No specific size","Gulf Coast","United States",2018,81.25,"Base survey of 2013"
"Rice","Operating costs","Fertilizer  ","dollars per planted acre","No specific size","Gulf Coast","United States",2019,88.15,"Base survey of 2013"
"Rice","Operating costs","Fertilizer  ","dollars per planted acre","No specific size","Gulf Coast","United States",2020,78.96,"Base survey of 2013"
"Rice","Operating costs","Fertilizer  ","dollars per planted acre","No specific size","Gulf Coast","United States",2021,114.2,"Base survey of 2021"
"Rice","Operating costs","Fertilizer  ","dollars per planted acre","No specific size","Gulf Coast","United States",2022,215.39,"Base survey of 2021"
"Rice","Operating costs","Fertilizer  ","dollars per planted acre","No specific size","Gulf Coast","United States",2023,172.14,"Base survey of 2021"
"Rice","Operating costs","Fertilizer  ","dollars per planted acre","No specific size","Gulf Coast","United States",2024,147.58,"Base survey of 2021"
"Rice","Operating costs","Fertilizer  ","dollars per planted acre","No specific size","Arkansas Non-Delta","United States",2000,38.07,"Base survey of 2000"
"Rice","Operating costs","Fertilizer  ","dollars per planted acre","No specific size","Arkansas Non-Delta","United States",2001,49.22,"Base survey of 2000"
"Rice","Operating costs","Fertilizer  ","dollars per planted acre","No specific size","Arkansas Non-Delta","United States",2002,33.57,"Base survey of 2000"
"Rice","Operating costs","Fertilizer  ","dollars per planted acre","No specific size","Arkansas Non-Delta","United States",2003,45.18,"Base survey of 2000"
"Rice","Operating costs","Fertilizer  ","dollars per planted acre","No specific size","Arkansas Non-Delta","United States",2004,47.18,"Base survey of 2000"
"Rice","Operating costs","Fertilizer  ","dollars per planted acre","No specific size","Arkansas Non-Delta","United States",2005,59.19,"Base survey of 2000"
"Rice","Operating costs","Fertilizer  ","dollars per planted acre","No specific size","Arkansas Non-Delta","United States",2006,51.99,"Base survey of 2006"
"Rice","Operating costs","Fertilizer  ","dollars per planted acre","No specific size","Arkansas Non-Delta","United States",2007,57.08,"Base survey of 2006"
"Rice","Operating costs","Fertilizer  ","dollars per planted acre","No specific size","Arkansas Non-Delta","United States",2008,94.09,"Base survey of 2006"
"Rice","Operating costs","Fertilizer  ","dollars per planted acre","No specific size","Arkansas Non-Delta","United States",2009,88.44,"Base survey of 2006"
"Rice","Operating costs","Fertilizer  ","dollars per planted acre","No specific size","Arkansas Non-Delta","United States",2010,67.91,"Base survey of 2006"
"Rice","Operating costs","Fertilizer  ","dollars per planted acre","No specific size","Arkansas Non-Delta","United States",2011,89.85,"Base survey of 2006"
"Rice","Operating costs","Fertilizer  ","dollars per planted acre","No specific size","Arkansas Non-Delta","United States",2012,95.41,"Base survey of 2006"
"Rice","Operating costs","Fertilizer  ","dollars per planted acre","No specific size","Arkansas Non-Delta","United States",2013,144.22,"Base survey of 2013"
"Rice","Operating costs","Fertilizer  ","dollars per planted acre","No specific size","Arkansas Non-Delta","United States",2014,139.94,"Base survey of 2013"
"Rice","Operating costs","Fertilizer  ","dollars per planted acre","No specific size","Arkansas Non-Delta","United States",2015,129.01,"Base survey of 2013"
"Rice","Operating costs","Fertilizer  ","dollars per planted acre","No specific size","Arkansas Non-Delta","United States",2016,109.16,"Base survey of 2013"
"Rice","Operating costs","Fertilizer  ","dollars per planted acre","No specific size","Arkansas Non-Delta","United States",2017,98.15,"Base survey of 2013"
"Rice","Operating costs","Fertilizer  ","dollars per planted acre","No specific size","Arkansas Non-Delta","United States",2018,98.71,"Base survey of 2013"
"Rice","Operating costs","Fertilizer  ","dollars per planted acre","No specific size","Arkansas Non-Delta","United States",2019,107.09,"Base survey of 2013"
"Rice","Operating costs","Fertilizer  ","dollars per planted acre","No specific size","Arkansas Non-Delta","United States",2020,95.93,"Base survey of 2013"
"Rice","Operating costs","Fertilizer  ","dollars per planted acre","No specific size","Arkansas Non-Delta","United States",2021,131.99,"Base survey of 2021"
"Rice","Operating costs","Fertilizer  ","dollars per planted acre","No specific size","Arkansas Non-Delta","United States",2022,247.92,"Base survey of 2021"
"Rice","Operating costs","Fertilizer  ","dollars per planted acre","No specific size","Arkansas Non-Delta","United States",2023,196.25,"Base survey of 2021"
"Rice","Operating costs","Fertilizer  ","dollars per planted acre","No specific size","Arkansas Non-Delta","United States",2024,168.5,"Base survey of 2021"
"Rice","Operating costs","Fertilizer  ","dollars per planted acre","No specific size","Mississippi River Delta","United States",2000,47.26,"Base survey of 2000"
"Rice","Operating costs","Fertilizer  ","dollars per planted acre","No specific size","Mississippi River Delta","United States",2001,63.31,"Base survey of 2000"
"Rice","Operating costs","Fertilizer  ","dollars per planted acre","No specific size","Mississippi River Delta","United States",2002,44.6,"Base survey of 2000"
"Rice","Operating costs","Fertilizer  ","dollars per planted acre","No specific size","Mississippi River Delta","United States",2003,58.85,"Base survey of 2000"
"Rice","Operating costs","Fertilizer  ","dollars per planted acre","No specific size","Mississippi River Delta","United States",2004,61.38,"Base survey of 2000"
"Rice","Operating costs","Fertilizer  ","dollars per planted acre","No specific size","Mississippi River Delta","United States",2005,75.58,"Base survey of 2000"
"Rice","Operating costs","Fertilizer  ","dollars per planted acre","No specific size","Mississippi River Delta","United States",2006,59.34,"Base survey of 2006"
"Rice","Operating costs","Fertilizer  ","dollars per planted acre","No specific size","Mississippi River Delta","United States",2007,65.15,"Base survey of 2006"
"Rice","Operating costs","Fertilizer  ","dollars per planted acre","No specific size","Mississippi River Delta","United States",2008,107.39,"Base survey of 2006"
"Rice","Operating costs","Fertilizer  ","dollars per planted acre","No specific size","Mississippi River Delta","United States",2009,100.94,"Base survey of 2006"
"Rice","Operating costs","Fertilizer  ","dollars per planted acre","No specific size","Mississippi River Delta","United States",2010,77.51,"Base survey of 2006"
"Rice","Operating costs","Fertilizer  ","dollars per planted acre","No specific size","Mississippi River Delta","United States",2011,102.56,"Base survey of 2006"
"Rice","Operating costs","Fertilizer  ","dollars per planted acre","No specific size","Mississippi River Delta","United States",2012,108.9,"Base survey of 2006"
"Rice","Operating costs","Fertilizer  ","dollars per planted acre","No specific size","Mississippi River Delta","United States",2013,149.02,"Base survey of 2013"
"Rice","Operating costs","Fertilizer  ","dollars per planted acre","No specific size","Mississippi River Delta","United States",2014,144.59,"Base survey of 2013"
"Rice","Operating costs","Fertilizer  ","dollars per planted acre","No specific size","Mississippi River Delta","United States",2015,133.31,"Base survey of 2013"
"Rice","Operating costs","Fertilizer  ","dollars per planted acre","No specific size","Mississippi River Delta","United States",2016,112.8,"Base survey of 2013"
"Rice","Operating costs","Fertilizer  ","dollars per planted acre","No specific size","Mississippi River Delta","United States",2017,101.41,"Base survey of 2013"
"Rice","Operating costs","Fertilizer  ","dollars per planted acre","No specific size","Mississippi River Delta","United States",2018,102,"Base survey of 2013"
"Rice","Operating costs","Fertilizer  ","dollars per planted acre","No specific size","Mississippi River Delta","United States",2019,110.66,"Base survey of 2013"
"Rice","Operating costs","Fertilizer  ","dollars per planted acre","No specific size","Mississippi River Delta","United States",2020,99.12,"Base survey of 2013"
"Rice","Operating costs","Fertilizer  ","dollars per planted acre","No specific size","Mississippi River Delta","United States",2021,131.05,"Base survey of 2021"
"Rice","Operating costs","Fertilizer  ","dollars per planted acre","No specific size","Mississippi River Delta","United States",2022,248.3,"Base survey of 2021"
"Rice","Operating costs","Fertilizer  ","dollars per planted acre","No specific size","Mississippi River Delta","United States",2023,195.93,"Base survey of 2021"
"Rice","Operating costs","Fertilizer  ","dollars per planted acre","No specific size","Mississippi River Delta","United States",2024,165.96,"Base survey of 2021"
"Rice","Operating costs","Chemicals","dollars per planted acre","No specific size","U.S. total","United States",2000,49.25,"Base survey of 2000"
"Rice","Operating costs","Chemicals","dollars per planted acre","No specific size","U.S. total","United States",2001,49.44,"Base survey of 2000"
"Rice","Operating costs","Chemicals","dollars per planted acre","No specific size","U.S. total","United States",2002,55.4,"Base survey of 2000"
"Rice","Operating costs","Chemicals","dollars per planted acre","No specific size","U.S. total","United States",2003,59.02,"Base survey of 2000"
"Rice","Operating costs","Chemicals","dollars per planted acre","No specific size","U.S. total","United States",2004,57.43,"Base survey of 2000"
"Rice","Operating costs","Chemicals","dollars per planted acre","No specific size","U.S. total","United States",2005,56.95,"Base survey of 2000"
"Rice","Operating costs","Chemicals","dollars per planted acre","No specific size","U.S. total","United States",2006,65.96,"Base survey of 2006"
"Rice","Operating costs","Chemicals","dollars per planted acre","No specific size","U.S. total","United States",2007,66.16,"Base survey of 2006"
"Rice","Operating costs","Chemicals","dollars per planted acre","No specific size","U.S. total","United States",2008,68.68,"Base survey of 2006"
"Rice","Operating costs","Chemicals","dollars per planted acre","No specific size","U.S. total","United States",2009,75.89,"Base survey of 2006"
"Rice","Operating costs","Chemicals","dollars per planted acre","No specific size","U.S. total","United States",2010,73.65,"Base survey of 2006"
"Rice","Operating costs","Chemicals","dollars per planted acre","No specific size","U.S. total","United States",2011,74.92,"Base survey of 2006"
"Rice","Operating costs","Chemicals","dollars per planted acre","No specific size","U.S. total","United States",2012,78.19,"Base survey of 2006"
"Rice","Operating costs","Chemicals","dollars per planted acre","No specific size","U.S. total","United States",2013,102.41,"Base survey of 2013"
"Rice","Operating costs","Chemicals","dollars per planted acre","No specific size","U.S. total","United States",2014,100.36,"Base survey of 2013"
"Rice","Operating costs","Chemicals","dollars per planted acre","No specific size","U.S. total","United States",2015,96.82,"Base survey of 2013"
"Rice","Operating costs","Chemicals","dollars per planted acre","No specific size","U.S. total","United States",2016,100.55,"Base survey of 2013"
"Rice","Operating costs","Chemicals","dollars per planted acre","No specific size","U.S. total","United States",2017,98.01,"Base survey of 2013"
"Rice","Operating costs","Chemicals","dollars per planted acre","No specific size","U.S. total","United States",2018,95.44,"Base survey of 2013"
"Rice","Operating costs","Chemicals","dollars per planted acre","No specific size","U.S. total","United States",2019,96.04,"Base survey of 2013"
"Rice","Operating costs","Chemicals","dollars per planted acre","No specific size","U.S. total","United States",2020,87.65,"Base survey of 2013"
"Rice","Operating costs","Chemicals","dollars per planted acre","No specific size","U.S. total","United States",2021,103.74,"Base survey of 2021"
"Rice","Operating costs","Chemicals","dollars per planted acre","No specific size","U.S. total","United States",2022,149.93,"Base survey of 2021"
"Rice","Operating costs","Chemicals","dollars per planted acre","No specific size","U.S. total","United States",2023,158.18,"Base survey of 2021"
"Rice","Operating costs","Chemicals","dollars per planted acre","No specific size","U.S. total","United States",2024,123.78,"Base survey of 2021"
"Rice","Operating costs","Chemicals","dollars per planted acre","No specific size","California","United States",2000,79.5,"Base survey of 2000"
"Rice","Operating costs","Chemicals","dollars per planted acre","No specific size","California","United States",2001,79.11,"Base survey of 2000"
"Rice","Operating costs","Chemicals","dollars per planted acre","No specific size","California","United States",2002,79.17,"Base survey of 2000"
"Rice","Operating costs","Chemicals","dollars per planted acre","No specific size","California","United States",2003,87.98,"Base survey of 2000"
"Rice","Operating costs","Chemicals","dollars per planted acre","No specific size","California","United States",2004,80.55,"Base survey of 2000"
"Rice","Operating costs","Chemicals","dollars per planted acre","No specific size","California","United States",2005,80.56,"Base survey of 2000"
"Rice","Operating costs","Chemicals","dollars per planted acre","No specific size","California","United States",2006,90.88,"Base survey of 2006"
"Rice","Operating costs","Chemicals","dollars per planted acre","No specific size","California","United States",2007,92.31,"Base survey of 2006"
"Rice","Operating costs","Chemicals","dollars per planted acre","No specific size","California","United States",2008,96.48,"Base survey of 2006"
"Rice","Operating costs","Chemicals","dollars per planted acre","No specific size","California","United States",2009,106.48,"Base survey of 2006"
"Rice","Operating costs","Chemicals","dollars per planted acre","No specific size","California","United States",2010,104.82,"Base survey of 2006"
"Rice","Operating costs","Chemicals","dollars per planted acre","No specific size","California","United States",2011,102.67,"Base survey of 2006"
"Rice","Operating costs","Chemicals","dollars per planted acre","No specific size","California","United States",2012,108.11,"Base survey of 2006"
"Rice","Operating costs","Chemicals","dollars per planted acre","No specific size","California","United States",2013,144.22,"Base survey of 2013"
"Rice","Operating costs","Chemicals","dollars per planted acre","No specific size","California","United States",2014,146.89,"Base survey of 2013"
"Rice","Operating costs","Chemicals","dollars per planted acre","No specific size","California","United States",2015,140.59,"Base survey of 2013"
"Rice","Operating costs","Chemicals","dollars per planted acre","No specific size","California","United States",2016,145.23,"Base survey of 2013"
"Rice","Operating costs","Chemicals","dollars per planted acre","No specific size","California","United States",2017,141.44,"Base survey of 2013"
"Rice","Operating costs","Chemicals","dollars per planted acre","No specific size","California","United States",2018,137.24,"Base survey of 2013"
"Rice","Operating costs","Chemicals","dollars per planted acre","No specific size","California","United States",2019,134.47,"Base survey of 2013"
"Rice","Operating costs","Chemicals","dollars per planted acre","No specific size","California","United States",2020,126.95,"Base survey of 2013"
"Rice","Operating costs","Chemicals","dollars per planted acre","No specific size","California","United States",2021,210.44,"Base survey of 2021"
"Rice","Operating costs","Chemicals","dollars per planted acre","No specific size","California","United States",2022,320.77,"Base survey of 2021"
"Rice","Operating costs","Chemicals","dollars per planted acre","No specific size","California","United States",2023,311.83,"Base survey of 2021"
"Rice","Operating costs","Chemicals","dollars per planted acre","No specific size","California","United States",2024,248.88,"Base survey of 2021"
"Rice","Operating costs","Chemicals","dollars per planted acre","No specific size","Gulf Coast","United States",2000,45.88,"Base survey of 2000"
"Rice","Operating costs","Chemicals","dollars per planted acre","No specific size","Gulf Coast","United States",2001,46.97,"Base survey of 2000"
"Rice","Operating costs","Chemicals","dollars per planted acre","No specific size","Gulf Coast","United States",2002,48.19,"Base survey of 2000"
"Rice","Operating costs","Chemicals","dollars per planted acre","No specific size","Gulf Coast","United States",2003,50.06,"Base survey of 2000"
"Rice","Operating costs","Chemicals","dollars per planted acre","No specific size","Gulf Coast","United States",2004,49.48,"Base survey of 2000"
"Rice","Operating costs","Chemicals","dollars per planted acre","No specific size","Gulf Coast","United States",2005,49.06,"Base survey of 2000"
"Rice","Operating costs","Chemicals","dollars per planted acre","No specific size","Gulf Coast","United States",2006,67.38,"Base survey of 2006"
"Rice","Operating costs","Chemicals","dollars per planted acre","No specific size","Gulf Coast","United States",2007,68.44,"Base survey of 2006"
"Rice","Operating costs","Chemicals","dollars per planted acre","No specific size","Gulf Coast","United States",2008,71.53,"Base survey of 2006"
"Rice","Operating costs","Chemicals","dollars per planted acre","No specific size","Gulf Coast","United States",2009,78.95,"Base survey of 2006"
"Rice","Operating costs","Chemicals","dollars per planted acre","No specific size","Gulf Coast","United States",2010,77.71,"Base survey of 2006"
"Rice","Operating costs","Chemicals","dollars per planted acre","No specific size","Gulf Coast","United States",2011,76.12,"Base survey of 2006"
"Rice","Operating costs","Chemicals","dollars per planted acre","No specific size","Gulf Coast","United States",2012,80.15,"Base survey of 2006"
"Rice","Operating costs","Chemicals","dollars per planted acre","No specific size","Gulf Coast","United States",2013,80.92,"Base survey of 2013"
"Rice","Operating costs","Chemicals","dollars per planted acre","No specific size","Gulf Coast","United States",2014,82.42,"Base survey of 2013"
"Rice","Operating costs","Chemicals","dollars per planted acre","No specific size","Gulf Coast","United States",2015,78.88,"Base survey of 2013"
"Rice","Operating costs","Chemicals","dollars per planted acre","No specific size","Gulf Coast","United States",2016,81.49,"Base survey of 2013"
"Rice","Operating costs","Chemicals","dollars per planted acre","No specific size","Gulf Coast","United States",2017,79.36,"Base survey of 2013"
"Rice","Operating costs","Chemicals","dollars per planted acre","No specific size","Gulf Coast","United States",2018,77,"Base survey of 2013"
"Rice","Operating costs","Chemicals","dollars per planted acre","No specific size","Gulf Coast","United States",2019,75.45,"Base survey of 2013"
"Rice","Operating costs","Chemicals","dollars per planted acre","No specific size","Gulf Coast","United States",2020,71.23,"Base survey of 2013"
"Rice","Operating costs","Chemicals","dollars per planted acre","No specific size","Gulf Coast","United States",2021,99.56,"Base survey of 2021"
"Rice","Operating costs","Chemicals","dollars per planted acre","No specific size","Gulf Coast","United States",2022,151.2,"Base survey of 2021"
"Rice","Operating costs","Chemicals","dollars per planted acre","No specific size","Gulf Coast","United States",2023,155.76,"Base survey of 2021"
"Rice","Operating costs","Chemicals","dollars per planted acre","No specific size","Gulf Coast","United States",2024,124.61,"Base survey of 2021"
"Rice","Operating costs","Chemicals","dollars per planted acre","No specific size","Arkansas Non-Delta","United States",2000,36.49,"Base survey of 2000"
"Rice","Operating costs","Chemicals","dollars per planted acre","No specific size","Arkansas Non-Delta","United States",2001,39.42,"Base survey of 2000"
"Rice","Operating costs","Chemicals","dollars per planted acre","No specific size","Arkansas Non-Delta","United States",2002,47.4,"Base survey of 2000"
"Rice","Operating costs","Chemicals","dollars per planted acre","No specific size","Arkansas Non-Delta","United States",2003,49.34,"Base survey of 2000"
"Rice","Operating costs","Chemicals","dollars per planted acre","No specific size","Arkansas Non-Delta","United States",2004,49.19,"Base survey of 2000"
"Rice","Operating costs","Chemicals","dollars per planted acre","No specific size","Arkansas Non-Delta","United States",2005,49.52,"Base survey of 2000"
"Rice","Operating costs","Chemicals","dollars per planted acre","No specific size","Arkansas Non-Delta","United States",2006,56.75,"Base survey of 2006"
"Rice","Operating costs","Chemicals","dollars per planted acre","No specific size","Arkansas Non-Delta","United States",2007,57.64,"Base survey of 2006"
"Rice","Operating costs","Chemicals","dollars per planted acre","No specific size","Arkansas Non-Delta","United States",2008,60.25,"Base survey of 2006"
"Rice","Operating costs","Chemicals","dollars per planted acre","No specific size","Arkansas Non-Delta","United States",2009,66.49,"Base survey of 2006"
"Rice","Operating costs","Chemicals","dollars per planted acre","No specific size","Arkansas Non-Delta","United States",2010,65.45,"Base survey of 2006"
"Rice","Operating costs","Chemicals","dollars per planted acre","No specific size","Arkansas Non-Delta","United States",2011,64.11,"Base survey of 2006"
"Rice","Operating costs","Chemicals","dollars per planted acre","No specific size","Arkansas Non-Delta","United States",2012,67.51,"Base survey of 2006"
"Rice","Operating costs","Chemicals","dollars per planted acre","No specific size","Arkansas Non-Delta","United States",2013,94.44,"Base survey of 2013"
"Rice","Operating costs","Chemicals","dollars per planted acre","No specific size","Arkansas Non-Delta","United States",2014,96.19,"Base survey of 2013"
"Rice","Operating costs","Chemicals","dollars per planted acre","No specific size","Arkansas Non-Delta","United States",2015,92.06,"Base survey of 2013"
"Rice","Operating costs","Chemicals","dollars per planted acre","No specific size","Arkansas Non-Delta","United States",2016,95.1,"Base survey of 2013"
"Rice","Operating costs","Chemicals","dollars per planted acre","No specific size","Arkansas Non-Delta","United States",2017,92.62,"Base survey of 2013"
"Rice","Operating costs","Chemicals","dollars per planted acre","No specific size","Arkansas Non-Delta","United States",2018,89.87,"Base survey of 2013"
"Rice","Operating costs","Chemicals","dollars per planted acre","No specific size","Arkansas Non-Delta","United States",2019,88.06,"Base survey of 2013"
"Rice","Operating costs","Chemicals","dollars per planted acre","No specific size","Arkansas Non-Delta","United States",2020,83.13,"Base survey of 2013"
"Rice","Operating costs","Chemicals","dollars per planted acre","No specific size","Arkansas Non-Delta","United States",2021,73.96,"Base survey of 2021"
"Rice","Operating costs","Chemicals","dollars per planted acre","No specific size","Arkansas Non-Delta","United States",2022,113.15,"Base survey of 2021"
"Rice","Operating costs","Chemicals","dollars per planted acre","No specific size","Arkansas Non-Delta","United States",2023,109.99,"Base survey of 2021"
"Rice","Operating costs","Chemicals","dollars per planted acre","No specific size","Arkansas Non-Delta","United States",2024,87.66,"Base survey of 2021"
"Rice","Operating costs","Chemicals","dollars per planted acre","No specific size","Mississippi River Delta","United States",2000,48.36,"Base survey of 2000"
"Rice","Operating costs","Chemicals","dollars per planted acre","No specific size","Mississippi River Delta","United States",2001,50.99,"Base survey of 2000"
"Rice","Operating costs","Chemicals","dollars per planted acre","No specific size","Mississippi River Delta","United States",2002,58.41,"Base survey of 2000"
"Rice","Operating costs","Chemicals","dollars per planted acre","No specific size","Mississippi River Delta","United States",2003,62.16,"Base survey of 2000"
"Rice","Operating costs","Chemicals","dollars per planted acre","No specific size","Mississippi River Delta","United States",2004,60.65,"Base survey of 2000"
"Rice","Operating costs","Chemicals","dollars per planted acre","No specific size","Mississippi River Delta","United States",2005,60.7,"Base survey of 2000"
"Rice","Operating costs","Chemicals","dollars per planted acre","No specific size","Mississippi River Delta","United States",2006,56.1,"Base survey of 2006"
"Rice","Operating costs","Chemicals","dollars per planted acre","No specific size","Mississippi River Delta","United States",2007,56.98,"Base survey of 2006"
"Rice","Operating costs","Chemicals","dollars per planted acre","No specific size","Mississippi River Delta","United States",2008,59.56,"Base survey of 2006"
"Rice","Operating costs","Chemicals","dollars per planted acre","No specific size","Mississippi River Delta","United States",2009,65.73,"Base survey of 2006"
"Rice","Operating costs","Chemicals","dollars per planted acre","No specific size","Mississippi River Delta","United States",2010,64.7,"Base survey of 2006"
"Rice","Operating costs","Chemicals","dollars per planted acre","No specific size","Mississippi River Delta","United States",2011,63.38,"Base survey of 2006"
"Rice","Operating costs","Chemicals","dollars per planted acre","No specific size","Mississippi River Delta","United States",2012,66.73,"Base survey of 2006"
"Rice","Operating costs","Chemicals","dollars per planted acre","No specific size","Mississippi River Delta","United States",2013,91.41,"Base survey of 2013"
"Rice","Operating costs","Chemicals","dollars per planted acre","No specific size","Mississippi River Delta","United States",2014,93.1,"Base survey of 2013"
"Rice","Operating costs","Chemicals","dollars per planted acre","No specific size","Mississippi River Delta","United States",2015,89.11,"Base survey of 2013"
"Rice","Operating costs","Chemicals","dollars per planted acre","No specific size","Mississippi River Delta","United States",2016,92.05,"Base survey of 2013"
"Rice","Operating costs","Chemicals","dollars per planted acre","No specific size","Mississippi River Delta","United States",2017,89.65,"Base survey of 2013"
"Rice","Operating costs","Chemicals","dollars per planted acre","No specific size","Mississippi River Delta","United States",2018,86.98,"Base survey of 2013"
"Rice","Operating costs","Chemicals","dollars per planted acre","No specific size","Mississippi River Delta","United States",2019,85.23,"Base survey of 2013"
"Rice","Operating costs","Chemicals","dollars per planted acre","No specific size","Mississippi River Delta","United States",2020,80.47,"Base survey of 2013"
"Rice","Operating costs","Chemicals","dollars per planted acre","No specific size","Mississippi River Delta","United States",2021,86.34,"Base survey of 2021"
"Rice","Operating costs","Chemicals","dollars per planted acre","No specific size","Mississippi River Delta","United States",2022,131.01,"Base survey of 2021"
"Rice","Operating costs","Chemicals","dollars per planted acre","No specific size","Mississippi River Delta","United States",2023,127.81,"Base survey of 2021"
"Rice","Operating costs","Chemicals","dollars per planted acre","No specific size","Mississippi River Delta","United States",2024,103.38,"Base survey of 2021"
"Rice","Operating costs","Custom services","dollars per planted acre","No specific size","U.S. total","United States",2000,68.69,"Base survey of 2000"
"Rice","Operating costs","Custom services","dollars per planted acre","No specific size","U.S. total","United States",2001,65.59,"Base survey of 2000"
"Rice","Operating costs","Custom services","dollars per planted acre","No specific size","U.S. total","United States",2002,67.58,"Base survey of 2000"
"Rice","Operating costs","Custom services","dollars per planted acre","No specific size","U.S. total","United States",2003,69.38,"Base survey of 2000"
"Rice","Operating costs","Custom services","dollars per planted acre","No specific size","U.S. total","United States",2004,71.68,"Base survey of 2000"
"Rice","Operating costs","Custom services","dollars per planted acre","No specific size","U.S. total","United States",2005,70.71,"Base survey of 2000"
"Rice","Operating costs","Custom services","dollars per planted acre","No specific size","U.S. total","United States",2006,41.9,"Base survey of 2006"
"Rice","Operating costs","Custom services","dollars per planted acre","No specific size","U.S. total","United States",2007,45.5,"Base survey of 2006"
"Rice","Operating costs","Custom services","dollars per planted acre","No specific size","U.S. total","United States",2008,44.91,"Base survey of 2006"
"Rice","Operating costs","Custom services","dollars per planted acre","No specific size","U.S. total","United States",2009,48.11,"Base survey of 2006"
"Rice","Operating costs","Custom services","dollars per planted acre","No specific size","U.S. total","United States",2010,48.03,"Base survey of 2006"
"Rice","Operating costs","Custom services","dollars per planted acre","No specific size","U.S. total","United States",2011,53.34,"Base survey of 2006"
"Rice","Operating costs","Custom services","dollars per planted acre","No specific size","U.S. total","United States",2012,53.13,"Base survey of 2006"
"Rice","Operating costs","Custom services","dollars per planted acre","No specific size","U.S. total","United States",2013,65.65,"Base survey of 2013"
"Rice","Operating costs","Custom services","dollars per planted acre","No specific size","U.S. total","United States",2014,60.69,"Base survey of 2013"
"Rice","Operating costs","Custom services","dollars per planted acre","No specific size","U.S. total","United States",2015,64.68,"Base survey of 2013"
"Rice","Operating costs","Custom services","dollars per planted acre","No specific size","U.S. total","United States",2016,66.41,"Base survey of 2013"
"Rice","Operating costs","Custom services","dollars per planted acre","No specific size","U.S. total","United States",2017,66.71,"Base survey of 2013"
"Rice","Operating costs","Custom services","dollars per planted acre","No specific size","U.S. total","United States",2018,65.88,"Base survey of 2013"
"Rice","Operating costs","Custom services","dollars per planted acre","No specific size","U.S. total","United States",2019,70.45,"Base survey of 2013"
"Rice","Operating costs","Custom services","dollars per planted acre","No specific size","U.S. total","United States",2020,68.73,"Base survey of 2013"
"Rice","Operating costs","Custom services","dollars per planted acre","No specific size","U.S. total","United States",2021,48.11,"Base survey of 2021"
"Rice","Operating costs","Custom services","dollars per planted acre","No specific size","U.S. total","United States",2022,51.17,"Base survey of 2021"
"Rice","Operating costs","Custom services","dollars per planted acre","No specific size","U.S. total","United States",2023,57.28,"Base survey of 2021"
"Rice","Operating costs","Custom services","dollars per planted acre","No specific size","U.S. total","United States",2024,57.21,"Base survey of 2021"
"Rice","Operating costs","Custom services","dollars per planted acre","No specific size","California","United States",2000,153.72,"Base survey of 2000"
"Rice","Operating costs","Custom services","dollars per planted acre","No specific size","California","United States",2001,157.61,"Base survey of 2000"
"Rice","Operating costs","Custom services","dollars per planted acre","No specific size","California","United States",2002,156.19,"Base survey of 2000"
"Rice","Operating costs","Custom services","dollars per planted acre","No specific size","California","United States",2003,160.22,"Base survey of 2000"
"Rice","Operating costs","Custom services","dollars per planted acre","No specific size","California","United States",2004,161.42,"Base survey of 2000"
"Rice","Operating costs","Custom services","dollars per planted acre","No specific size","California","United States",2005,166.63,"Base survey of 2000"
"Rice","Operating costs","Custom services","dollars per planted acre","No specific size","California","United States",2006,82,"Base survey of 2006"
"Rice","Operating costs","Custom services","dollars per planted acre","No specific size","California","United States",2007,86.13,"Base survey of 2006"
"Rice","Operating costs","Custom services","dollars per planted acre","No specific size","California","United States",2008,86.13,"Base survey of 2006"
"Rice","Operating costs","Custom services","dollars per planted acre","No specific size","California","United States",2009,92.03,"Base survey of 2006"
"Rice","Operating costs","Custom services","dollars per planted acre","No specific size","California","United States",2010,94.98,"Base survey of 2006"
"Rice","Operating costs","Custom services","dollars per planted acre","No specific size","California","United States",2011,96.75,"Base survey of 2006"
"Rice","Operating costs","Custom services","dollars per planted acre","No specific size","California","United States",2012,98.68,"Base survey of 2006"
"Rice","Operating costs","Custom services","dollars per planted acre","No specific size","California","United States",2013,126.02,"Base survey of 2013"
"Rice","Operating costs","Custom services","dollars per planted acre","No specific size","California","United States",2014,129.59,"Base survey of 2013"
"Rice","Operating costs","Custom services","dollars per planted acre","No specific size","California","United States",2015,135.17,"Base survey of 2013"
"Rice","Operating costs","Custom services","dollars per planted acre","No specific size","California","United States",2016,137.43,"Base survey of 2013"
"Rice","Operating costs","Custom services","dollars per planted acre","No specific size","California","United States",2017,135.89,"Base survey of 2013"
"Rice","Operating costs","Custom services","dollars per planted acre","No specific size","California","United States",2018,134.7,"Base survey of 2013"
"Rice","Operating costs","Custom services","dollars per planted acre","No specific size","California","United States",2019,140.76,"Base survey of 2013"
"Rice","Operating costs","Custom services","dollars per planted acre","No specific size","California","United States",2020,142.19,"Base survey of 2013"
"Rice","Operating costs","Custom services","dollars per planted acre","No specific size","California","United States",2021,107.83,"Base survey of 2021"
"Rice","Operating costs","Custom services","dollars per planted acre","No specific size","California","United States",2022,121.14,"Base survey of 2021"
"Rice","Operating costs","Custom services","dollars per planted acre","No specific size","California","United States",2023,127.67,"Base survey of 2021"
"Rice","Operating costs","Custom services","dollars per planted acre","No specific size","California","United States",2024,131.86,"Base survey of 2021"
"Rice","Operating costs","Custom services","dollars per planted acre","No specific size","Gulf Coast","United States",2000,66.66,"Base survey of 2000"
"Rice","Operating costs","Custom services","dollars per planted acre","No specific size","Gulf Coast","United States",2001,66.39,"Base survey of 2000"
"Rice","Operating costs","Custom services","dollars per planted acre","No specific size","Gulf Coast","United States",2002,65.21,"Base survey of 2000"
"Rice","Operating costs","Custom services","dollars per planted acre","No specific size","Gulf Coast","United States",2003,67.56,"Base survey of 2000"
"Rice","Operating costs","Custom services","dollars per planted acre","No specific size","Gulf Coast","United States",2004,68.74,"Base survey of 2000"
"Rice","Operating costs","Custom services","dollars per planted acre","No specific size","Gulf Coast","United States",2005,69.49,"Base survey of 2000"
"Rice","Operating costs","Custom services","dollars per planted acre","No specific size","Gulf Coast","United States",2006,48.73,"Base survey of 2006"
"Rice","Operating costs","Custom services","dollars per planted acre","No specific size","Gulf Coast","United States",2007,51.18,"Base survey of 2006"
"Rice","Operating costs","Custom services","dollars per planted acre","No specific size","Gulf Coast","United States",2008,51.18,"Base survey of 2006"
"Rice","Operating costs","Custom services","dollars per planted acre","No specific size","Gulf Coast","United States",2009,54.69,"Base survey of 2006"
"Rice","Operating costs","Custom services","dollars per planted acre","No specific size","Gulf Coast","United States",2010,56.44,"Base survey of 2006"
"Rice","Operating costs","Custom services","dollars per planted acre","No specific size","Gulf Coast","United States",2011,57.49,"Base survey of 2006"
"Rice","Operating costs","Custom services","dollars per planted acre","No specific size","Gulf Coast","United States",2012,58.64,"Base survey of 2006"
"Rice","Operating costs","Custom services","dollars per planted acre","No specific size","Gulf Coast","United States",2013,54.56,"Base survey of 2013"
"Rice","Operating costs","Custom services","dollars per planted acre","No specific size","Gulf Coast","United States",2014,56.1,"Base survey of 2013"
"Rice","Operating costs","Custom services","dollars per planted acre","No specific size","Gulf Coast","United States",2015,58.52,"Base survey of 2013"
"Rice","Operating costs","Custom services","dollars per planted acre","No specific size","Gulf Coast","United States",2016,59.5,"Base survey of 2013"
"Rice","Operating costs","Custom services","dollars per planted acre","No specific size","Gulf Coast","United States",2017,58.83,"Base survey of 2013"
"Rice","Operating costs","Custom services","dollars per planted acre","No specific size","Gulf Coast","United States",2018,58.32,"Base survey of 2013"
"Rice","Operating costs","Custom services","dollars per planted acre","No specific size","Gulf Coast","United States",2019,60.94,"Base survey of 2013"
"Rice","Operating costs","Custom services","dollars per planted acre","No specific size","Gulf Coast","United States",2020,61.56,"Base survey of 2013"
"Rice","Operating costs","Custom services","dollars per planted acre","No specific size","Gulf Coast","United States",2021,59.68,"Base survey of 2021"
"Rice","Operating costs","Custom services","dollars per planted acre","No specific size","Gulf Coast","United States",2022,67.09,"Base survey of 2021"
"Rice","Operating costs","Custom services","dollars per planted acre","No specific size","Gulf Coast","United States",2023,69.89,"Base survey of 2021"
"Rice","Operating costs","Custom services","dollars per planted acre","No specific size","Gulf Coast","United States",2024,72.15,"Base survey of 2021"
"Rice","Operating costs","Custom services","dollars per planted acre","No specific size","Arkansas Non-Delta","United States",2000,40.68,"Base survey of 2000"
"Rice","Operating costs","Custom services","dollars per planted acre","No specific size","Arkansas Non-Delta","United States",2001,41.71,"Base survey of 2000"
"Rice","Operating costs","Custom services","dollars per planted acre","No specific size","Arkansas Non-Delta","United States",2002,41.37,"Base survey of 2000"
"Rice","Operating costs","Custom services","dollars per planted acre","No specific size","Arkansas Non-Delta","United States",2003,42.4,"Base survey of 2000"
"Rice","Operating costs","Custom services","dollars per planted acre","No specific size","Arkansas Non-Delta","United States",2004,42.75,"Base survey of 2000"
"Rice","Operating costs","Custom services","dollars per planted acre","No specific size","Arkansas Non-Delta","United States",2005,44.1,"Base survey of 2000"
"Rice","Operating costs","Custom services","dollars per planted acre","No specific size","Arkansas Non-Delta","United States",2006,27.93,"Base survey of 2006"
"Rice","Operating costs","Custom services","dollars per planted acre","No specific size","Arkansas Non-Delta","United States",2007,29.34,"Base survey of 2006"
"Rice","Operating costs","Custom services","dollars per planted acre","No specific size","Arkansas Non-Delta","United States",2008,29.34,"Base survey of 2006"
"Rice","Operating costs","Custom services","dollars per planted acre","No specific size","Arkansas Non-Delta","United States",2009,31.35,"Base survey of 2006"
"Rice","Operating costs","Custom services","dollars per planted acre","No specific size","Arkansas Non-Delta","United States",2010,32.35,"Base survey of 2006"
"Rice","Operating costs","Custom services","dollars per planted acre","No specific size","Arkansas Non-Delta","United States",2011,32.95,"Base survey of 2006"
"Rice","Operating costs","Custom services","dollars per planted acre","No specific size","Arkansas Non-Delta","United States",2012,33.61,"Base survey of 2006"
"Rice","Operating costs","Custom services","dollars per planted acre","No specific size","Arkansas Non-Delta","United States",2013,44.04,"Base survey of 2013"
"Rice","Operating costs","Custom services","dollars per planted acre","No specific size","Arkansas Non-Delta","United States",2014,45.29,"Base survey of 2013"
"Rice","Operating costs","Custom services","dollars per planted acre","No specific size","Arkansas Non-Delta","United States",2015,47.24,"Base survey of 2013"
"Rice","Operating costs","Custom services","dollars per planted acre","No specific size","Arkansas Non-Delta","United States",2016,48.03,"Base survey of 2013"
"Rice","Operating costs","Custom services","dollars per planted acre","No specific size","Arkansas Non-Delta","United States",2017,47.49,"Base survey of 2013"
"Rice","Operating costs","Custom services","dollars per planted acre","No specific size","Arkansas Non-Delta","United States",2018,47.07,"Base survey of 2013"
"Rice","Operating costs","Custom services","dollars per planted acre","No specific size","Arkansas Non-Delta","United States",2019,49.19,"Base survey of 2013"
"Rice","Operating costs","Custom services","dollars per planted acre","No specific size","Arkansas Non-Delta","United States",2020,49.69,"Base survey of 2013"
"Rice","Operating costs","Custom services","dollars per planted acre","No specific size","Arkansas Non-Delta","United States",2021,29.46,"Base survey of 2021"
"Rice","Operating costs","Custom services","dollars per planted acre","No specific size","Arkansas Non-Delta","United States",2022,32.89,"Base survey of 2021"
"Rice","Operating costs","Custom services","dollars per planted acre","No specific size","Arkansas Non-Delta","United States",2023,34.66,"Base survey of 2021"
"Rice","Operating costs","Custom services","dollars per planted acre","No specific size","Arkansas Non-Delta","United States",2024,35.89,"Base survey of 2021"
"Rice","Operating costs","Custom services","dollars per planted acre","No specific size","Mississippi River Delta","United States",2000,47.71,"Base survey of 2000"
"Rice","Operating costs","Custom services","dollars per planted acre","No specific size","Mississippi River Delta","United States",2001,48.85,"Base survey of 2000"
"Rice","Operating costs","Custom services","dollars per planted acre","No specific size","Mississippi River Delta","United States",2002,48.49,"Base survey of 2000"
"Rice","Operating costs","Custom services","dollars per planted acre","No specific size","Mississippi River Delta","United States",2003,49.34,"Base survey of 2000"
"Rice","Operating costs","Custom services","dollars per planted acre","No specific size","Mississippi River Delta","United States",2004,50.23,"Base survey of 2000"
"Rice","Operating costs","Custom services","dollars per planted acre","No specific size","Mississippi River Delta","United States",2005,51.43,"Base survey of 2000"
"Rice","Operating costs","Custom services","dollars per planted acre","No specific size","Mississippi River Delta","United States",2006,34.05,"Base survey of 2006"
"Rice","Operating costs","Custom services","dollars per planted acre","No specific size","Mississippi River Delta","United States",2007,35.76,"Base survey of 2006"
"Rice","Operating costs","Custom services","dollars per planted acre","No specific size","Mississippi River Delta","United States",2008,35.76,"Base survey of 2006"
"Rice","Operating costs","Custom services","dollars per planted acre","No specific size","Mississippi River Delta","United States",2009,38.21,"Base survey of 2006"
"Rice","Operating costs","Custom services","dollars per planted acre","No specific size","Mississippi River Delta","United States",2010,39.44,"Base survey of 2006"
"Rice","Operating costs","Custom services","dollars per planted acre","No specific size","Mississippi River Delta","United States",2011,40.17,"Base survey of 2006"
"Rice","Operating costs","Custom services","dollars per planted acre","No specific size","Mississippi River Delta","United States",2012,40.98,"Base survey of 2006"
"Rice","Operating costs","Custom services","dollars per planted acre","No specific size","Mississippi River Delta","United States",2013,48.12,"Base survey of 2013"
"Rice","Operating costs","Custom services","dollars per planted acre","No specific size","Mississippi River Delta","United States",2014,49.48,"Base survey of 2013"
"Rice","Operating costs","Custom services","dollars per planted acre","No specific size","Mississippi River Delta","United States",2015,51.62,"Base survey of 2013"
"Rice","Operating costs","Custom services","dollars per planted acre","No specific size","Mississippi River Delta","United States",2016,52.48,"Base survey of 2013"
"Rice","Operating costs","Custom services","dollars per planted acre","No specific size","Mississippi River Delta","United States",2017,51.89,"Base survey of 2013"
"Rice","Operating costs","Custom services","dollars per planted acre","No specific size","Mississippi River Delta","United States",2018,51.43,"Base survey of 2013"
"Rice","Operating costs","Custom services","dollars per planted acre","No specific size","Mississippi River Delta","United States",2019,53.75,"Base survey of 2013"
"Rice","Operating costs","Custom services","dollars per planted acre","No specific size","Mississippi River Delta","United States",2020,54.29,"Base survey of 2013"
"Rice","Operating costs","Custom services","dollars per planted acre","No specific size","Mississippi River Delta","United States",2021,20.35,"Base survey of 2021"
"Rice","Operating costs","Custom services","dollars per planted acre","No specific size","Mississippi River Delta","United States",2022,23.2,"Base survey of 2021"
"Rice","Operating costs","Custom services","dollars per planted acre","No specific size","Mississippi River Delta","United States",2023,24.17,"Base survey of 2021"
"Rice","Operating costs","Custom services","dollars per planted acre","No specific size","Mississippi River Delta","United States",2024,23.89,"Base survey of 2021"
"Rice","Operating costs","Fuel, lube, and electricity","dollars per planted acre","No specific size","U.S. total","United States",2000,57.84,"Base survey of 2000"
"Rice","Operating costs","Fuel, lube, and electricity","dollars per planted acre","No specific size","U.S. total","United States",2001,69.25,"Base survey of 2000"
"Rice","Operating costs","Fuel, lube, and electricity","dollars per planted acre","No specific size","U.S. total","United States",2002,60.66,"Base survey of 2000"
"Rice","Operating costs","Fuel, lube, and electricity","dollars per planted acre","No specific size","U.S. total","United States",2003,73.78,"Base survey of 2000"
"Rice","Operating costs","Fuel, lube, and electricity","dollars per planted acre","No specific size","U.S. total","United States",2004,78.23,"Base survey of 2000"
"Rice","Operating costs","Fuel, lube, and electricity","dollars per planted acre","No specific size","U.S. total","United States",2005,110.15,"Base survey of 2000"
"Rice","Operating costs","Fuel, lube, and electricity","dollars per planted acre","No specific size","U.S. total","United States",2006,95.9,"Base survey of 2006"
"Rice","Operating costs","Fuel, lube, and electricity","dollars per planted acre","No specific size","U.S. total","United States",2007,105.6,"Base survey of 2006"
"Rice","Operating costs","Fuel, lube, and electricity","dollars per planted acre","No specific size","U.S. total","United States",2008,138.96,"Base survey of 2006"
"Rice","Operating costs","Fuel, lube, and electricity","dollars per planted acre","No specific size","U.S. total","United States",2009,92.2,"Base survey of 2006"
"Rice","Operating costs","Fuel, lube, and electricity","dollars per planted acre","No specific size","U.S. total","United States",2010,115.42,"Base survey of 2006"
"Rice","Operating costs","Fuel, lube, and electricity","dollars per planted acre","No specific size","U.S. total","United States",2011,143.93,"Base survey of 2006"
"Rice","Operating costs","Fuel, lube, and electricity","dollars per planted acre","No specific size","U.S. total","United States",2012,142.76,"Base survey of 2006"
"Rice","Operating costs","Fuel, lube, and electricity","dollars per planted acre","No specific size","U.S. total","United States",2013,106.07,"Base survey of 2013"
"Rice","Operating costs","Fuel, lube, and electricity","dollars per planted acre","No specific size","U.S. total","United States",2014,109.58,"Base survey of 2013"
"Rice","Operating costs","Fuel, lube, and electricity","dollars per planted acre","No specific size","U.S. total","United States",2015,70.44,"Base survey of 2013"
"Rice","Operating costs","Fuel, lube, and electricity","dollars per planted acre","No specific size","U.S. total","United States",2016,61.47,"Base survey of 2013"
"Rice","Operating costs","Fuel, lube, and electricity","dollars per planted acre","No specific size","U.S. total","United States",2017,69.37,"Base survey of 2013"
"Rice","Operating costs","Fuel, lube, and electricity","dollars per planted acre","No specific size","U.S. total","United States",2018,79.08,"Base survey of 2013"
"Rice","Operating costs","Fuel, lube, and electricity","dollars per planted acre","No specific size","U.S. total","United States",2019,80.18,"Base survey of 2013"
"Rice","Operating costs","Fuel, lube, and electricity","dollars per planted acre","No specific size","U.S. total","United States",2020,63.85,"Base survey of 2013"
"Rice","Operating costs","Fuel, lube, and electricity","dollars per planted acre","No specific size","U.S. total","United States",2021,107.88,"Base survey of 2021"
"Rice","Operating costs","Fuel, lube, and electricity","dollars per planted acre","No specific size","U.S. total","United States",2022,157.09,"Base survey of 2021"
"Rice","Operating costs","Fuel, lube, and electricity","dollars per planted acre","No specific size","U.S. total","United States",2023,134.8,"Base survey of 2021"
"Rice","Operating costs","Fuel, lube, and electricity","dollars per planted acre","No specific size","U.S. total","United States",2024,125.79,"Base survey of 2021"
"Rice","Operating costs","Fuel, lube, and electricity","dollars per planted acre","No specific size","California","United States",2000,29.05,"Base survey of 2000"
"Rice","Operating costs","Fuel, lube, and electricity","dollars per planted acre","No specific size","California","United States",2001,50.93,"Base survey of 2000"
"Rice","Operating costs","Fuel, lube, and electricity","dollars per planted acre","No specific size","California","United States",2002,39.93,"Base survey of 2000"
"Rice","Operating costs","Fuel, lube, and electricity","dollars per planted acre","No specific size","California","United States",2003,43.34,"Base survey of 2000"
"Rice","Operating costs","Fuel, lube, and electricity","dollars per planted acre","No specific size","California","United States",2004,49.66,"Base survey of 2000"
"Rice","Operating costs","Fuel, lube, and electricity","dollars per planted acre","No specific size","California","United States",2005,55.93,"Base survey of 2000"
"Rice","Operating costs","Fuel, lube, and electricity","dollars per planted acre","No specific size","California","United States",2006,63.72,"Base survey of 2006"
"Rice","Operating costs","Fuel, lube, and electricity","dollars per planted acre","No specific size","California","United States",2007,70.39,"Base survey of 2006"
"Rice","Operating costs","Fuel, lube, and electricity","dollars per planted acre","No specific size","California","United States",2008,91.71,"Base survey of 2006"
"Rice","Operating costs","Fuel, lube, and electricity","dollars per planted acre","No specific size","California","United States",2009,61.05,"Base survey of 2006"
"Rice","Operating costs","Fuel, lube, and electricity","dollars per planted acre","No specific size","California","United States",2010,75.72,"Base survey of 2006"
"Rice","Operating costs","Fuel, lube, and electricity","dollars per planted acre","No specific size","California","United States",2011,96.51,"Base survey of 2006"
"Rice","Operating costs","Fuel, lube, and electricity","dollars per planted acre","No specific size","California","United States",2012,95.55,"Base survey of 2006"
"Rice","Operating costs","Fuel, lube, and electricity","dollars per planted acre","No specific size","California","United States",2013,65.38,"Base survey of 2013"
"Rice","Operating costs","Fuel, lube, and electricity","dollars per planted acre","No specific size","California","United States",2014,64.72,"Base survey of 2013"
"Rice","Operating costs","Fuel, lube, and electricity","dollars per planted acre","No specific size","California","United States",2015,41.94,"Base survey of 2013"
"Rice","Operating costs","Fuel, lube, and electricity","dollars per planted acre","No specific size","California","United States",2016,36.72,"Base survey of 2013"
"Rice","Operating costs","Fuel, lube, and electricity","dollars per planted acre","No specific size","California","United States",2017,41.74,"Base survey of 2013"
"Rice","Operating costs","Fuel, lube, and electricity","dollars per planted acre","No specific size","California","United States",2018,47.15,"Base survey of 2013"
"Rice","Operating costs","Fuel, lube, and electricity","dollars per planted acre","No specific size","California","United States",2019,44.91,"Base survey of 2013"
"Rice","Operating costs","Fuel, lube, and electricity","dollars per planted acre","No specific size","California","United States",2020,38.17,"Base survey of 2013"
"Rice","Operating costs","Fuel, lube, and electricity","dollars per planted acre","No specific size","California","United States",2021,94.05,"Base survey of 2021"
"Rice","Operating costs","Fuel, lube, and electricity","dollars per planted acre","No specific size","California","United States",2022,135.94,"Base survey of 2021"
"Rice","Operating costs","Fuel, lube, and electricity","dollars per planted acre","No specific size","California","United States",2023,117.25,"Base survey of 2021"
"Rice","Operating costs","Fuel, lube, and electricity","dollars per planted acre","No specific size","California","United States",2024,109.56,"Base survey of 2021"
"Rice","Operating costs","Fuel, lube, and electricity","dollars per planted acre","No specific size","Gulf Coast","United States",2000,65.89,"Base survey of 2000"
"Rice","Operating costs","Fuel, lube, and electricity","dollars per planted acre","No specific size","Gulf Coast","United States",2001,75.29,"Base survey of 2000"
"Rice","Operating costs","Fuel, lube, and electricity","dollars per planted acre","No specific size","Gulf Coast","United States",2002,68.67,"Base survey of 2000"
"Rice","Operating costs","Fuel, lube, and electricity","dollars per planted acre","No specific size","Gulf Coast","United States",2003,81.74,"Base survey of 2000"
"Rice","Operating costs","Fuel, lube, and electricity","dollars per planted acre","No specific size","Gulf Coast","United States",2004,92.3,"Base survey of 2000"
"Rice","Operating costs","Fuel, lube, and electricity","dollars per planted acre","No specific size","Gulf Coast","United States",2005,139.73,"Base survey of 2000"
"Rice","Operating costs","Fuel, lube, and electricity","dollars per planted acre","No specific size","Gulf Coast","United States",2006,111.17,"Base survey of 2006"
"Rice","Operating costs","Fuel, lube, and electricity","dollars per planted acre","No specific size","Gulf Coast","United States",2007,122.8,"Base survey of 2006"
"Rice","Operating costs","Fuel, lube, and electricity","dollars per planted acre","No specific size","Gulf Coast","United States",2008,160.01,"Base survey of 2006"
"Rice","Operating costs","Fuel, lube, and electricity","dollars per planted acre","No specific size","Gulf Coast","United States",2009,106.52,"Base survey of 2006"
"Rice","Operating costs","Fuel, lube, and electricity","dollars per planted acre","No specific size","Gulf Coast","United States",2010,132.1,"Base survey of 2006"
"Rice","Operating costs","Fuel, lube, and electricity","dollars per planted acre","No specific size","Gulf Coast","United States",2011,168.38,"Base survey of 2006"
"Rice","Operating costs","Fuel, lube, and electricity","dollars per planted acre","No specific size","Gulf Coast","United States",2012,166.7,"Base survey of 2006"
"Rice","Operating costs","Fuel, lube, and electricity","dollars per planted acre","No specific size","Gulf Coast","United States",2013,110.57,"Base survey of 2013"
"Rice","Operating costs","Fuel, lube, and electricity","dollars per planted acre","No specific size","Gulf Coast","United States",2014,109.45,"Base survey of 2013"
"Rice","Operating costs","Fuel, lube, and electricity","dollars per planted acre","No specific size","Gulf Coast","United States",2015,70.92,"Base survey of 2013"
"Rice","Operating costs","Fuel, lube, and electricity","dollars per planted acre","No specific size","Gulf Coast","United States",2016,62.1,"Base survey of 2013"
"Rice","Operating costs","Fuel, lube, and electricity","dollars per planted acre","No specific size","Gulf Coast","United States",2017,70.59,"Base survey of 2013"
"Rice","Operating costs","Fuel, lube, and electricity","dollars per planted acre","No specific size","Gulf Coast","United States",2018,79.74,"Base survey of 2013"
"Rice","Operating costs","Fuel, lube, and electricity","dollars per planted acre","No specific size","Gulf Coast","United States",2019,75.95,"Base survey of 2013"
"Rice","Operating costs","Fuel, lube, and electricity","dollars per planted acre","No specific size","Gulf Coast","United States",2020,64.56,"Base survey of 2013"
"Rice","Operating costs","Fuel, lube, and electricity","dollars per planted acre","No specific size","Gulf Coast","United States",2021,112.52,"Base survey of 2021"
"Rice","Operating costs","Fuel, lube, and electricity","dollars per planted acre","No specific size","Gulf Coast","United States",2022,162.34,"Base survey of 2021"
"Rice","Operating costs","Fuel, lube, and electricity","dollars per planted acre","No specific size","Gulf Coast","United States",2023,144.24,"Base survey of 2021"
"Rice","Operating costs","Fuel, lube, and electricity","dollars per planted acre","No specific size","Gulf Coast","United States",2024,134.95,"Base survey of 2021"
"Rice","Operating costs","Fuel, lube, and electricity","dollars per planted acre","No specific size","Arkansas Non-Delta","United States",2000,65.91,"Base survey of 2000"
"Rice","Operating costs","Fuel, lube, and electricity","dollars per planted acre","No specific size","Arkansas Non-Delta","United States",2001,71.07,"Base survey of 2000"
"Rice","Operating costs","Fuel, lube, and electricity","dollars per planted acre","No specific size","Arkansas Non-Delta","United States",2002,63.12,"Base survey of 2000"
"Rice","Operating costs","Fuel, lube, and electricity","dollars per planted acre","No specific size","Arkansas Non-Delta","United States",2003,80.11,"Base survey of 2000"
"Rice","Operating costs","Fuel, lube, and electricity","dollars per planted acre","No specific size","Arkansas Non-Delta","United States",2004,81.34,"Base survey of 2000"
"Rice","Operating costs","Fuel, lube, and electricity","dollars per planted acre","No specific size","Arkansas Non-Delta","United States",2005,114.29,"Base survey of 2000"
"Rice","Operating costs","Fuel, lube, and electricity","dollars per planted acre","No specific size","Arkansas Non-Delta","United States",2006,102.66,"Base survey of 2006"
"Rice","Operating costs","Fuel, lube, and electricity","dollars per planted acre","No specific size","Arkansas Non-Delta","United States",2007,113.4,"Base survey of 2006"
"Rice","Operating costs","Fuel, lube, and electricity","dollars per planted acre","No specific size","Arkansas Non-Delta","United States",2008,147.76,"Base survey of 2006"
"Rice","Operating costs","Fuel, lube, and electricity","dollars per planted acre","No specific size","Arkansas Non-Delta","United States",2009,98.36,"Base survey of 2006"
"Rice","Operating costs","Fuel, lube, and electricity","dollars per planted acre","No specific size","Arkansas Non-Delta","United States",2010,121.99,"Base survey of 2006"
"Rice","Operating costs","Fuel, lube, and electricity","dollars per planted acre","No specific size","Arkansas Non-Delta","United States",2011,155.49,"Base survey of 2006"
"Rice","Operating costs","Fuel, lube, and electricity","dollars per planted acre","No specific size","Arkansas Non-Delta","United States",2012,153.94,"Base survey of 2006"
"Rice","Operating costs","Fuel, lube, and electricity","dollars per planted acre","No specific size","Arkansas Non-Delta","United States",2013,122.32,"Base survey of 2013"
"Rice","Operating costs","Fuel, lube, and electricity","dollars per planted acre","No specific size","Arkansas Non-Delta","United States",2014,121.08,"Base survey of 2013"
"Rice","Operating costs","Fuel, lube, and electricity","dollars per planted acre","No specific size","Arkansas Non-Delta","United States",2015,78.46,"Base survey of 2013"
"Rice","Operating costs","Fuel, lube, and electricity","dollars per planted acre","No specific size","Arkansas Non-Delta","United States",2016,68.7,"Base survey of 2013"
"Rice","Operating costs","Fuel, lube, and electricity","dollars per planted acre","No specific size","Arkansas Non-Delta","United States",2017,78.09,"Base survey of 2013"
"Rice","Operating costs","Fuel, lube, and electricity","dollars per planted acre","No specific size","Arkansas Non-Delta","United States",2018,88.22,"Base survey of 2013"
"Rice","Operating costs","Fuel, lube, and electricity","dollars per planted acre","No specific size","Arkansas Non-Delta","United States",2019,84.02,"Base survey of 2013"
"Rice","Operating costs","Fuel, lube, and electricity","dollars per planted acre","No specific size","Arkansas Non-Delta","United States",2020,71.42,"Base survey of 2013"
"Rice","Operating costs","Fuel, lube, and electricity","dollars per planted acre","No specific size","Arkansas Non-Delta","United States",2021,111.95,"Base survey of 2021"
"Rice","Operating costs","Fuel, lube, and electricity","dollars per planted acre","No specific size","Arkansas Non-Delta","United States",2022,161.51,"Base survey of 2021"
"Rice","Operating costs","Fuel, lube, and electricity","dollars per planted acre","No specific size","Arkansas Non-Delta","United States",2023,139.32,"Base survey of 2021"
"Rice","Operating costs","Fuel, lube, and electricity","dollars per planted acre","No specific size","Arkansas Non-Delta","United States",2024,130.27,"Base survey of 2021"
"Rice","Operating costs","Fuel, lube, and electricity","dollars per planted acre","No specific size","Mississippi River Delta","United States",2000,56.57,"Base survey of 2000"
"Rice","Operating costs","Fuel, lube, and electricity","dollars per planted acre","No specific size","Mississippi River Delta","United States",2001,69.03,"Base survey of 2000"
"Rice","Operating costs","Fuel, lube, and electricity","dollars per planted acre","No specific size","Mississippi River Delta","United States",2002,62,"Base survey of 2000"
"Rice","Operating costs","Fuel, lube, and electricity","dollars per planted acre","No specific size","Mississippi River Delta","United States",2003,75.52,"Base survey of 2000"
"Rice","Operating costs","Fuel, lube, and electricity","dollars per planted acre","No specific size","Mississippi River Delta","United States",2004,79.99,"Base survey of 2000"
"Rice","Operating costs","Fuel, lube, and electricity","dollars per planted acre","No specific size","Mississippi River Delta","United States",2005,110.48,"Base survey of 2000"
"Rice","Operating costs","Fuel, lube, and electricity","dollars per planted acre","No specific size","Mississippi River Delta","United States",2006,97.23,"Base survey of 2006"
"Rice","Operating costs","Fuel, lube, and electricity","dollars per planted acre","No specific size","Mississippi River Delta","United States",2007,107.4,"Base survey of 2006"
"Rice","Operating costs","Fuel, lube, and electricity","dollars per planted acre","No specific size","Mississippi River Delta","United States",2008,139.95,"Base survey of 2006"
"Rice","Operating costs","Fuel, lube, and electricity","dollars per planted acre","No specific size","Mississippi River Delta","United States",2009,93.16,"Base survey of 2006"
"Rice","Operating costs","Fuel, lube, and electricity","dollars per planted acre","No specific size","Mississippi River Delta","United States",2010,115.54,"Base survey of 2006"
"Rice","Operating costs","Fuel, lube, and electricity","dollars per planted acre","No specific size","Mississippi River Delta","United States",2011,147.27,"Base survey of 2006"
"Rice","Operating costs","Fuel, lube, and electricity","dollars per planted acre","No specific size","Mississippi River Delta","United States",2012,145.8,"Base survey of 2006"
"Rice","Operating costs","Fuel, lube, and electricity","dollars per planted acre","No specific size","Mississippi River Delta","United States",2013,117.75,"Base survey of 2013"
"Rice","Operating costs","Fuel, lube, and electricity","dollars per planted acre","No specific size","Mississippi River Delta","United States",2014,116.56,"Base survey of 2013"
"Rice","Operating costs","Fuel, lube, and electricity","dollars per planted acre","No specific size","Mississippi River Delta","United States",2015,75.53,"Base survey of 2013"
"Rice","Operating costs","Fuel, lube, and electricity","dollars per planted acre","No specific size","Mississippi River Delta","United States",2016,66.13,"Base survey of 2013"
"Rice","Operating costs","Fuel, lube, and electricity","dollars per planted acre","No specific size","Mississippi River Delta","United States",2017,75.17,"Base survey of 2013"
"Rice","Operating costs","Fuel, lube, and electricity","dollars per planted acre","No specific size","Mississippi River Delta","United States",2018,84.92,"Base survey of 2013"
"Rice","Operating costs","Fuel, lube, and electricity","dollars per planted acre","No specific size","Mississippi River Delta","United States",2019,80.88,"Base survey of 2013"
"Rice","Operating costs","Fuel, lube, and electricity","dollars per planted acre","No specific size","Mississippi River Delta","United States",2020,68.75,"Base survey of 2013"
"Rice","Operating costs","Fuel, lube, and electricity","dollars per planted acre","No specific size","Mississippi River Delta","United States",2021,102.09,"Base survey of 2021"
"Rice","Operating costs","Fuel, lube, and electricity","dollars per planted acre","No specific size","Mississippi River Delta","United States",2022,148.91,"Base survey of 2021"
"Rice","Operating costs","Fuel, lube, and electricity","dollars per planted acre","No specific size","Mississippi River Delta","United States",2023,127.54,"Base survey of 2021"
"Rice","Operating costs","Fuel, lube, and electricity","dollars per planted acre","No specific size","Mississippi River Delta","United States",2024,115.98,"Base survey of 2021"
"Rice","Operating costs","Repairs","dollars per planted acre","No specific size","U.S. total","United States",2000,19.16,"Base survey of 2000"
"Rice","Operating costs","Repairs","dollars per planted acre","No specific size","U.S. total","United States",2001,19.9,"Base survey of 2000"
"Rice","Operating costs","Repairs","dollars per planted acre","No specific size","U.S. total","United States",2002,20.44,"Base survey of 2000"
"Rice","Operating costs","Repairs","dollars per planted acre","No specific size","U.S. total","United States",2003,20.58,"Base survey of 2000"
"Rice","Operating costs","Repairs","dollars per planted acre","No specific size","U.S. total","United States",2004,21.94,"Base survey of 2000"
"Rice","Operating costs","Repairs","dollars per planted acre","No specific size","U.S. total","United States",2005,22.93,"Base survey of 2000"
"Rice","Operating costs","Repairs","dollars per planted acre","No specific size","U.S. total","United States",2006,26.4,"Base survey of 2006"
"Rice","Operating costs","Repairs","dollars per planted acre","No specific size","U.S. total","United States",2007,27.07,"Base survey of 2006"
"Rice","Operating costs","Repairs","dollars per planted acre","No specific size","U.S. total","United States",2008,27.96,"Base survey of 2006"
"Rice","Operating costs","Repairs","dollars per planted acre","No specific size","U.S. total","United States",2009,28.5,"Base survey of 2006"
"Rice","Operating costs","Repairs","dollars per planted acre","No specific size","U.S. total","United States",2010,29.27,"Base survey of 2006"
"Rice","Operating costs","Repairs","dollars per planted acre","No specific size","U.S. total","United States",2011,30.08,"Base survey of 2006"
"Rice","Operating costs","Repairs","dollars per planted acre","No specific size","U.S. total","United States",2012,31.07,"Base survey of 2006"
"Rice","Operating costs","Repairs","dollars per planted acre","No specific size","U.S. total","United States",2013,45.25,"Base survey of 2013"
"Rice","Operating costs","Repairs","dollars per planted acre","No specific size","U.S. total","United States",2014,47.68,"Base survey of 2013"
"Rice","Operating costs","Repairs","dollars per planted acre","No specific size","U.S. total","United States",2015,47.29,"Base survey of 2013"
"Rice","Operating costs","Repairs","dollars per planted acre","No specific size","U.S. total","United States",2016,47.3,"Base survey of 2013"
"Rice","Operating costs","Repairs","dollars per planted acre","No specific size","U.S. total","United States",2017,47.74,"Base survey of 2013"
"Rice","Operating costs","Repairs","dollars per planted acre","No specific size","U.S. total","United States",2018,49.68,"Base survey of 2013"
"Rice","Operating costs","Repairs","dollars per planted acre","No specific size","U.S. total","United States",2019,50.48,"Base survey of 2013"
"Rice","Operating costs","Repairs","dollars per planted acre","No specific size","U.S. total","United States",2020,51.86,"Base survey of 2013"
"Rice","Operating costs","Repairs","dollars per planted acre","No specific size","U.S. total","United States",2021,63.93,"Base survey of 2021"
"Rice","Operating costs","Repairs","dollars per planted acre","No specific size","U.S. total","United States",2022,71.1,"Base survey of 2021"
"Rice","Operating costs","Repairs","dollars per planted acre","No specific size","U.S. total","United States",2023,74.32,"Base survey of 2021"
"Rice","Operating costs","Repairs","dollars per planted acre","No specific size","U.S. total","United States",2024,75.09,"Base survey of 2021"
"Rice","Operating costs","Repairs","dollars per planted acre","No specific size","California","United States",2000,16.35,"Base survey of 2000"
"Rice","Operating costs","Repairs","dollars per planted acre","No specific size","California","United States",2001,17.34,"Base survey of 2000"
"Rice","Operating costs","Repairs","dollars per planted acre","No specific size","California","United States",2002,17.6,"Base survey of 2000"
"Rice","Operating costs","Repairs","dollars per planted acre","No specific size","California","United States",2003,18.88,"Base survey of 2000"
"Rice","Operating costs","Repairs","dollars per planted acre","No specific size","California","United States",2004,19.62,"Base survey of 2000"
"Rice","Operating costs","Repairs","dollars per planted acre","No specific size","California","United States",2005,20.15,"Base survey of 2000"
"Rice","Operating costs","Repairs","dollars per planted acre","No specific size","California","United States",2006,25.45,"Base survey of 2006"
"Rice","Operating costs","Repairs","dollars per planted acre","No specific size","California","United States",2007,26.15,"Base survey of 2006"
"Rice","Operating costs","Repairs","dollars per planted acre","No specific size","California","United States",2008,27.03,"Base survey of 2006"
"Rice","Operating costs","Repairs","dollars per planted acre","No specific size","California","United States",2009,27.56,"Base survey of 2006"
"Rice","Operating costs","Repairs","dollars per planted acre","No specific size","California","United States",2010,28.26,"Base survey of 2006"
"Rice","Operating costs","Repairs","dollars per planted acre","No specific size","California","United States",2011,29.14,"Base survey of 2006"
"Rice","Operating costs","Repairs","dollars per planted acre","No specific size","California","United States",2012,30.01,"Base survey of 2006"
"Rice","Operating costs","Repairs","dollars per planted acre","No specific size","California","United States",2013,33.26,"Base survey of 2013"
"Rice","Operating costs","Repairs","dollars per planted acre","No specific size","California","United States",2014,33.9,"Base survey of 2013"
"Rice","Operating costs","Repairs","dollars per planted acre","No specific size","California","United States",2015,33.84,"Base survey of 2013"
"Rice","Operating costs","Repairs","dollars per planted acre","No specific size","California","United States",2016,33.9,"Base survey of 2013"
"Rice","Operating costs","Repairs","dollars per planted acre","No specific size","California","United States",2017,34.51,"Base survey of 2013"
"Rice","Operating costs","Repairs","dollars per planted acre","No specific size","California","United States",2018,35.69,"Base survey of 2013"
"Rice","Operating costs","Repairs","dollars per planted acre","No specific size","California","United States",2019,36.68,"Base survey of 2013"
"Rice","Operating costs","Repairs","dollars per planted acre","No specific size","California","United States",2020,37.26,"Base survey of 2013"
"Rice","Operating costs","Repairs","dollars per planted acre","No specific size","California","United States",2021,57.36,"Base survey of 2021"
"Rice","Operating costs","Repairs","dollars per planted acre","No specific size","California","United States",2022,63.88,"Base survey of 2021"
"Rice","Operating costs","Repairs","dollars per planted acre","No specific size","California","United States",2023,66.27,"Base survey of 2021"
"Rice","Operating costs","Repairs","dollars per planted acre","No specific size","California","United States",2024,66.91,"Base survey of 2021"
"Rice","Operating costs","Repairs","dollars per planted acre","No specific size","Gulf Coast","United States",2000,20.68,"Base survey of 2000"
"Rice","Operating costs","Repairs","dollars per planted acre","No specific size","Gulf Coast","United States",2001,21.22,"Base survey of 2000"
"Rice","Operating costs","Repairs","dollars per planted acre","No specific size","Gulf Coast","United States",2002,21.89,"Base survey of 2000"
"Rice","Operating costs","Repairs","dollars per planted acre","No specific size","Gulf Coast","United States",2003,21.82,"Base survey of 2000"
"Rice","Operating costs","Repairs","dollars per planted acre","No specific size","Gulf Coast","United States",2004,23.22,"Base survey of 2000"
"Rice","Operating costs","Repairs","dollars per planted acre","No specific size","Gulf Coast","United States",2005,24.62,"Base survey of 2000"
"Rice","Operating costs","Repairs","dollars per planted acre","No specific size","Gulf Coast","United States",2006,25.66,"Base survey of 2006"
"Rice","Operating costs","Repairs","dollars per planted acre","No specific size","Gulf Coast","United States",2007,26.37,"Base survey of 2006"
"Rice","Operating costs","Repairs","dollars per planted acre","No specific size","Gulf Coast","United States",2008,27.25,"Base survey of 2006"
"Rice","Operating costs","Repairs","dollars per planted acre","No specific size","Gulf Coast","United States",2009,27.78,"Base survey of 2006"
"Rice","Operating costs","Repairs","dollars per planted acre","No specific size","Gulf Coast","United States",2010,28.49,"Base survey of 2006"
"Rice","Operating costs","Repairs","dollars per planted acre","No specific size","Gulf Coast","United States",2011,29.38,"Base survey of 2006"
"Rice","Operating costs","Repairs","dollars per planted acre","No specific size","Gulf Coast","United States",2012,30.26,"Base survey of 2006"
"Rice","Operating costs","Repairs","dollars per planted acre","No specific size","Gulf Coast","United States",2013,42.96,"Base survey of 2013"
"Rice","Operating costs","Repairs","dollars per planted acre","No specific size","Gulf Coast","United States",2014,43.79,"Base survey of 2013"
"Rice","Operating costs","Repairs","dollars per planted acre","No specific size","Gulf Coast","United States",2015,43.7,"Base survey of 2013"
"Rice","Operating costs","Repairs","dollars per planted acre","No specific size","Gulf Coast","United States",2016,43.79,"Base survey of 2013"
"Rice","Operating costs","Repairs","dollars per planted acre","No specific size","Gulf Coast","United States",2017,44.57,"Base survey of 2013"
"Rice","Operating costs","Repairs","dollars per planted acre","No specific size","Gulf Coast","United States",2018,46.1,"Base survey of 2013"
"Rice","Operating costs","Repairs","dollars per planted acre","No specific size","Gulf Coast","United States",2019,47.38,"Base survey of 2013"
"Rice","Operating costs","Repairs","dollars per planted acre","No specific size","Gulf Coast","United States",2020,48.12,"Base survey of 2013"
"Rice","Operating costs","Repairs","dollars per planted acre","No specific size","Gulf Coast","United States",2021,50.83,"Base survey of 2021"
"Rice","Operating costs","Repairs","dollars per planted acre","No specific size","Gulf Coast","United States",2022,56.57,"Base survey of 2021"
"Rice","Operating costs","Repairs","dollars per planted acre","No specific size","Gulf Coast","United States",2023,59.2,"Base survey of 2021"
"Rice","Operating costs","Repairs","dollars per planted acre","No specific size","Gulf Coast","United States",2024,59.8,"Base survey of 2021"
"Rice","Operating costs","Repairs","dollars per planted acre","No specific size","Arkansas Non-Delta","United States",2000,20.3,"Base survey of 2000"
"Rice","Operating costs","Repairs","dollars per planted acre","No specific size","Arkansas Non-Delta","United States",2001,20.86,"Base survey of 2000"
"Rice","Operating costs","Repairs","dollars per planted acre","No specific size","Arkansas Non-Delta","United States",2002,21.65,"Base survey of 2000"
"Rice","Operating costs","Repairs","dollars per planted acre","No specific size","Arkansas Non-Delta","United States",2003,21.51,"Base survey of 2000"
"Rice","Operating costs","Repairs","dollars per planted acre","No specific size","Arkansas Non-Delta","United States",2004,23.15,"Base survey of 2000"
"Rice","Operating costs","Repairs","dollars per planted acre","No specific size","Arkansas Non-Delta","United States",2005,24.05,"Base survey of 2000"
"Rice","Operating costs","Repairs","dollars per planted acre","No specific size","Arkansas Non-Delta","United States",2006,27.66,"Base survey of 2006"
"Rice","Operating costs","Repairs","dollars per planted acre","No specific size","Arkansas Non-Delta","United States",2007,28.42,"Base survey of 2006"
"Rice","Operating costs","Repairs","dollars per planted acre","No specific size","Arkansas Non-Delta","United States",2008,29.38,"Base survey of 2006"
"Rice","Operating costs","Repairs","dollars per planted acre","No specific size","Arkansas Non-Delta","United States",2009,29.95,"Base survey of 2006"
"Rice","Operating costs","Repairs","dollars per planted acre","No specific size","Arkansas Non-Delta","United States",2010,30.71,"Base survey of 2006"
"Rice","Operating costs","Repairs","dollars per planted acre","No specific size","Arkansas Non-Delta","United States",2011,31.67,"Base survey of 2006"
"Rice","Operating costs","Repairs","dollars per planted acre","No specific size","Arkansas Non-Delta","United States",2012,32.62,"Base survey of 2006"
"Rice","Operating costs","Repairs","dollars per planted acre","No specific size","Arkansas Non-Delta","United States",2013,51.19,"Base survey of 2013"
"Rice","Operating costs","Repairs","dollars per planted acre","No specific size","Arkansas Non-Delta","United States",2014,52.17,"Base survey of 2013"
"Rice","Operating costs","Repairs","dollars per planted acre","No specific size","Arkansas Non-Delta","United States",2015,52.08,"Base survey of 2013"
"Rice","Operating costs","Repairs","dollars per planted acre","No specific size","Arkansas Non-Delta","United States",2016,52.17,"Base survey of 2013"
"Rice","Operating costs","Repairs","dollars per planted acre","No specific size","Arkansas Non-Delta","United States",2017,53.11,"Base survey of 2013"
"Rice","Operating costs","Repairs","dollars per planted acre","No specific size","Arkansas Non-Delta","United States",2018,54.93,"Base survey of 2013"
"Rice","Operating costs","Repairs","dollars per planted acre","No specific size","Arkansas Non-Delta","United States",2019,56.46,"Base survey of 2013"
"Rice","Operating costs","Repairs","dollars per planted acre","No specific size","Arkansas Non-Delta","United States",2020,57.34,"Base survey of 2013"
"Rice","Operating costs","Repairs","dollars per planted acre","No specific size","Arkansas Non-Delta","United States",2021,66.47,"Base survey of 2021"
"Rice","Operating costs","Repairs","dollars per planted acre","No specific size","Arkansas Non-Delta","United States",2022,73.83,"Base survey of 2021"
"Rice","Operating costs","Repairs","dollars per planted acre","No specific size","Arkansas Non-Delta","United States",2023,76.6,"Base survey of 2021"
"Rice","Operating costs","Repairs","dollars per planted acre","No specific size","Arkansas Non-Delta","United States",2024,77.42,"Base survey of 2021"
"Rice","Operating costs","Repairs","dollars per planted acre","No specific size","Mississippi River Delta","United States",2000,19.38,"Base survey of 2000"
"Rice","Operating costs","Repairs","dollars per planted acre","No specific size","Mississippi River Delta","United States",2001,19.96,"Base survey of 2000"
"Rice","Operating costs","Repairs","dollars per planted acre","No specific size","Mississippi River Delta","United States",2002,20.44,"Base survey of 2000"
"Rice","Operating costs","Repairs","dollars per planted acre","No specific size","Mississippi River Delta","United States",2003,20.52,"Base survey of 2000"
"Rice","Operating costs","Repairs","dollars per planted acre","No specific size","Mississippi River Delta","United States",2004,21.99,"Base survey of 2000"
"Rice","Operating costs","Repairs","dollars per planted acre","No specific size","Mississippi River Delta","United States",2005,22.95,"Base survey of 2000"
"Rice","Operating costs","Repairs","dollars per planted acre","No specific size","Mississippi River Delta","United States",2006,24.94,"Base survey of 2006"
"Rice","Operating costs","Repairs","dollars per planted acre","No specific size","Mississippi River Delta","United States",2007,25.63,"Base survey of 2006"
"Rice","Operating costs","Repairs","dollars per planted acre","No specific size","Mississippi River Delta","United States",2008,26.49,"Base survey of 2006"
"Rice","Operating costs","Repairs","dollars per planted acre","No specific size","Mississippi River Delta","United States",2009,27,"Base survey of 2006"
"Rice","Operating costs","Repairs","dollars per planted acre","No specific size","Mississippi River Delta","United States",2010,27.69,"Base survey of 2006"
"Rice","Operating costs","Repairs","dollars per planted acre","No specific size","Mississippi River Delta","United States",2011,28.55,"Base survey of 2006"
"Rice","Operating costs","Repairs","dollars per planted acre","No specific size","Mississippi River Delta","United States",2012,29.41,"Base survey of 2006"
"Rice","Operating costs","Repairs","dollars per planted acre","No specific size","Mississippi River Delta","United States",2013,50.43,"Base survey of 2013"
"Rice","Operating costs","Repairs","dollars per planted acre","No specific size","Mississippi River Delta","United States",2014,51.4,"Base survey of 2013"
"Rice","Operating costs","Repairs","dollars per planted acre","No specific size","Mississippi River Delta","United States",2015,51.3,"Base survey of 2013"
"Rice","Operating costs","Repairs","dollars per planted acre","No specific size","Mississippi River Delta","United States",2016,51.4,"Base survey of 2013"
"Rice","Operating costs","Repairs","dollars per planted acre","No specific size","Mississippi River Delta","United States",2017,52.32,"Base survey of 2013"
"Rice","Operating costs","Repairs","dollars per planted acre","No specific size","Mississippi River Delta","United States",2018,54.12,"Base survey of 2013"
"Rice","Operating costs","Repairs","dollars per planted acre","No specific size","Mississippi River Delta","United States",2019,55.62,"Base survey of 2013"
"Rice","Operating costs","Repairs","dollars per planted acre","No specific size","Mississippi River Delta","United States",2020,56.49,"Base survey of 2013"
"Rice","Operating costs","Repairs","dollars per planted acre","No specific size","Mississippi River Delta","United States",2021,86.45,"Base survey of 2021"
"Rice","Operating costs","Repairs","dollars per planted acre","No specific size","Mississippi River Delta","United States",2022,97.26,"Base survey of 2021"
"Rice","Operating costs","Repairs","dollars per planted acre","No specific size","Mississippi River Delta","United States",2023,100.11,"Base survey of 2021"
"Rice","Operating costs","Repairs","dollars per planted acre","No specific size","Mississippi River Delta","United States",2024,98.04,"Base survey of 2021"
"Rice","Operating costs","Commercial drying  ","dollars per planted acre","No specific size","U.S. total","United States",2006,20.61,"Base survey of 2006"
"Rice","Operating costs","Commercial drying  ","dollars per planted acre","No specific size","U.S. total","United States",2007,23.34,"Base survey of 2006"
"Rice","Operating costs","Commercial drying  ","dollars per planted acre","No specific size","U.S. total","United States",2008,29.4,"Base survey of 2006"
"Rice","Operating costs","Commercial drying  ","dollars per planted acre","No specific size","U.S. total","United States",2009,20.43,"Base survey of 2006"
"Rice","Operating costs","Commercial drying  ","dollars per planted acre","No specific size","U.S. total","United States",2010,23.23,"Base survey of 2006"
"Rice","Operating costs","Commercial drying  ","dollars per planted acre","No specific size","U.S. total","United States",2011,33.47,"Base survey of 2006"
"Rice","Operating costs","Commercial drying  ","dollars per planted acre","No specific size","U.S. total","United States",2012,33.63,"Base survey of 2006"
"Rice","Operating costs","Commercial drying  ","dollars per planted acre","No specific size","U.S. total","United States",2013,44.09,"Base survey of 2013"
"Rice","Operating costs","Commercial drying  ","dollars per planted acre","No specific size","U.S. total","United States",2014,36.72,"Base survey of 2013"
"Rice","Operating costs","Commercial drying  ","dollars per planted acre","No specific size","U.S. total","United States",2015,24.51,"Base survey of 2013"
"Rice","Operating costs","Commercial drying  ","dollars per planted acre","No specific size","U.S. total","United States",2016,21.22,"Base survey of 2013"
"Rice","Operating costs","Commercial drying  ","dollars per planted acre","No specific size","U.S. total","United States",2017,25.08,"Base survey of 2013"
"Rice","Operating costs","Commercial drying  ","dollars per planted acre","No specific size","U.S. total","United States",2018,28.92,"Base survey of 2013"
"Rice","Operating costs","Commercial drying  ","dollars per planted acre","No specific size","U.S. total","United States",2019,29.89,"Base survey of 2013"
"Rice","Operating costs","Commercial drying  ","dollars per planted acre","No specific size","U.S. total","United States",2020,23.97,"Base survey of 2013"
"Rice","Operating costs","Commercial drying  ","dollars per planted acre","No specific size","U.S. total","United States",2021,47.61,"Base survey of 2021"
"Rice","Operating costs","Commercial drying  ","dollars per planted acre","No specific size","U.S. total","United States",2022,47.84,"Base survey of 2021"
"Rice","Operating costs","Commercial drying  ","dollars per planted acre","No specific size","U.S. total","United States",2023,55.72,"Base survey of 2021"
"Rice","Operating costs","Commercial drying  ","dollars per planted acre","No specific size","U.S. total","United States",2024,56.34,"Base survey of 2021"
"Rice","Operating costs","Commercial drying  ","dollars per planted acre","No specific size","California","United States",2006,32.49,"Base survey of 2006"
"Rice","Operating costs","Commercial drying  ","dollars per planted acre","No specific size","California","United States",2007,38.88,"Base survey of 2006"
"Rice","Operating costs","Commercial drying  ","dollars per planted acre","No specific size","California","United States",2008,50.66,"Base survey of 2006"
"Rice","Operating costs","Commercial drying  ","dollars per planted acre","No specific size","California","United States",2009,34.94,"Base survey of 2006"
"Rice","Operating costs","Commercial drying  ","dollars per planted acre","No specific size","California","United States",2010,40.31,"Base survey of 2006"
"Rice","Operating costs","Commercial drying  ","dollars per planted acre","No specific size","California","United States",2011,53.31,"Base survey of 2006"
"Rice","Operating costs","Commercial drying  ","dollars per planted acre","No specific size","California","United States",2012,51.5,"Base survey of 2006"
"Rice","Operating costs","Commercial drying  ","dollars per planted acre","No specific size","California","United States",2013,96.83,"Base survey of 2013"
"Rice","Operating costs","Commercial drying  ","dollars per planted acre","No specific size","California","United States",2014,96.95,"Base survey of 2013"
"Rice","Operating costs","Commercial drying  ","dollars per planted acre","No specific size","California","United States",2015,64.96,"Base survey of 2013"
"Rice","Operating costs","Commercial drying  ","dollars per planted acre","No specific size","California","United States",2016,56.88,"Base survey of 2013"
"Rice","Operating costs","Commercial drying  ","dollars per planted acre","No specific size","California","United States",2017,61.81,"Base survey of 2013"
"Rice","Operating costs","Commercial drying  ","dollars per planted acre","No specific size","California","United States",2018,71.44,"Base survey of 2013"
"Rice","Operating costs","Commercial drying  ","dollars per planted acre","No specific size","California","United States",2019,66.51,"Base survey of 2013"
"Rice","Operating costs","Commercial drying  ","dollars per planted acre","No specific size","California","United States",2020,58.48,"Base survey of 2013"
"Rice","Operating costs","Commercial drying  ","dollars per planted acre","No specific size","California","United States",2021,125.72,"Base survey of 2021"
"Rice","Operating costs","Commercial drying  ","dollars per planted acre","No specific size","California","United States",2022,136.48,"Base survey of 2021"
"Rice","Operating costs","Commercial drying  ","dollars per planted acre","No specific size","California","United States",2023,140.38,"Base survey of 2021"
"Rice","Operating costs","Commercial drying  ","dollars per planted acre","No specific size","California","United States",2024,144.72,"Base survey of 2021"
"Rice","Operating costs","Commercial drying  ","dollars per planted acre","No specific size","Gulf Coast","United States",2006,35.41,"Base survey of 2006"
"Rice","Operating costs","Commercial drying  ","dollars per planted acre","No specific size","Gulf Coast","United States",2007,39.11,"Base survey of 2006"
"Rice","Operating costs","Commercial drying  ","dollars per planted acre","No specific size","Gulf Coast","United States",2008,49.49,"Base survey of 2006"
"Rice","Operating costs","Commercial drying  ","dollars per planted acre","No specific size","Gulf Coast","United States",2009,36.39,"Base survey of 2006"
"Rice","Operating costs","Commercial drying  ","dollars per planted acre","No specific size","Gulf Coast","United States",2010,42.69,"Base survey of 2006"
"Rice","Operating costs","Commercial drying  ","dollars per planted acre","No specific size","Gulf Coast","United States",2011,55.97,"Base survey of 2006"
"Rice","Operating costs","Commercial drying  ","dollars per planted acre","No specific size","Gulf Coast","United States",2012,58.48,"Base survey of 2006"
"Rice","Operating costs","Commercial drying  ","dollars per planted acre","No specific size","Gulf Coast","United States",2013,59.16,"Base survey of 2013"
"Rice","Operating costs","Commercial drying  ","dollars per planted acre","No specific size","Gulf Coast","United States",2014,56.57,"Base survey of 2013"
"Rice","Operating costs","Commercial drying  ","dollars per planted acre","No specific size","Gulf Coast","United States",2015,35.36,"Base survey of 2013"
"Rice","Operating costs","Commercial drying  ","dollars per planted acre","No specific size","Gulf Coast","United States",2016,30.2,"Base survey of 2013"
"Rice","Operating costs","Commercial drying  ","dollars per planted acre","No specific size","Gulf Coast","United States",2017,33.9,"Base survey of 2013"
"Rice","Operating costs","Commercial drying  ","dollars per planted acre","No specific size","Gulf Coast","United States",2018,42.18,"Base survey of 2013"
"Rice","Operating costs","Commercial drying  ","dollars per planted acre","No specific size","Gulf Coast","United States",2019,35.56,"Base survey of 2013"
"Rice","Operating costs","Commercial drying  ","dollars per planted acre","No specific size","Gulf Coast","United States",2020,34.54,"Base survey of 2013"
"Rice","Operating costs","Commercial drying  ","dollars per planted acre","No specific size","Gulf Coast","United States",2021,52.85,"Base survey of 2021"
"Rice","Operating costs","Commercial drying  ","dollars per planted acre","No specific size","Gulf Coast","United States",2022,57.16,"Base survey of 2021"
"Rice","Operating costs","Commercial drying  ","dollars per planted acre","No specific size","Gulf Coast","United States",2023,61.38,"Base survey of 2021"
"Rice","Operating costs","Commercial drying  ","dollars per planted acre","No specific size","Gulf Coast","United States",2024,67,"Base survey of 2021"
"Rice","Operating costs","Commercial drying  ","dollars per planted acre","No specific size","Arkansas Non-Delta","United States",2006,12.9,"Base survey of 2006"
"Rice","Operating costs","Commercial drying  ","dollars per planted acre","No specific size","Arkansas Non-Delta","United States",2007,14.87,"Base survey of 2006"
"Rice","Operating costs","Commercial drying  ","dollars per planted acre","No specific size","Arkansas Non-Delta","United States",2008,18.07,"Base survey of 2006"
"Rice","Operating costs","Commercial drying  ","dollars per planted acre","No specific size","Arkansas Non-Delta","United States",2009,12.21,"Base survey of 2006"
"Rice","Operating costs","Commercial drying  ","dollars per planted acre","No specific size","Arkansas Non-Delta","United States",2010,14.49,"Base survey of 2006"
"Rice","Operating costs","Commercial drying  ","dollars per planted acre","No specific size","Arkansas Non-Delta","United States",2011,18.47,"Base survey of 2006"
"Rice","Operating costs","Commercial drying  ","dollars per planted acre","No specific size","Arkansas Non-Delta","United States",2012,21.01,"Base survey of 2006"
"Rice","Operating costs","Commercial drying  ","dollars per planted acre","No specific size","Arkansas Non-Delta","United States",2013,20.02,"Base survey of 2013"
"Rice","Operating costs","Commercial drying  ","dollars per planted acre","No specific size","Arkansas Non-Delta","United States",2014,19.82,"Base survey of 2013"
"Rice","Operating costs","Commercial drying  ","dollars per planted acre","No specific size","Arkansas Non-Delta","United States",2015,12.37,"Base survey of 2013"
"Rice","Operating costs","Commercial drying  ","dollars per planted acre","No specific size","Arkansas Non-Delta","United States",2016,10.27,"Base survey of 2013"
"Rice","Operating costs","Commercial drying  ","dollars per planted acre","No specific size","Arkansas Non-Delta","United States",2017,12.31,"Base survey of 2013"
"Rice","Operating costs","Commercial drying  ","dollars per planted acre","No specific size","Arkansas Non-Delta","United States",2018,14.44,"Base survey of 2013"
"Rice","Operating costs","Commercial drying  ","dollars per planted acre","No specific size","Arkansas Non-Delta","United States",2019,13.24,"Base survey of 2013"
"Rice","Operating costs","Commercial drying  ","dollars per planted acre","No specific size","Arkansas Non-Delta","United States",2020,12.7,"Base survey of 2013"
"Rice","Operating costs","Commercial drying  ","dollars per planted acre","No specific size","Arkansas Non-Delta","United States",2021,28.62,"Base survey of 2021"
"Rice","Operating costs","Commercial drying  ","dollars per planted acre","No specific size","Arkansas Non-Delta","United States",2022,31.32,"Base survey of 2021"
"Rice","Operating costs","Commercial drying  ","dollars per planted acre","No specific size","Arkansas Non-Delta","United States",2023,33.86,"Base survey of 2021"
"Rice","Operating costs","Commercial drying  ","dollars per planted acre","No specific size","Arkansas Non-Delta","United States",2024,35.6,"Base survey of 2021"
"Rice","Operating costs","Commercial drying  ","dollars per planted acre","No specific size","Mississippi River Delta","United States",2006,10.47,"Base survey of 2006"
"Rice","Operating costs","Commercial drying  ","dollars per planted acre","No specific size","Mississippi River Delta","United States",2007,12.13,"Base survey of 2006"
"Rice","Operating costs","Commercial drying  ","dollars per planted acre","No specific size","Mississippi River Delta","United States",2008,14.6,"Base survey of 2006"
"Rice","Operating costs","Commercial drying  ","dollars per planted acre","No specific size","Mississippi River Delta","United States",2009,9.72,"Base survey of 2006"
"Rice","Operating costs","Commercial drying  ","dollars per planted acre","No specific size","Mississippi River Delta","United States",2010,11.88,"Base survey of 2006"
"Rice","Operating costs","Commercial drying  ","dollars per planted acre","No specific size","Mississippi River Delta","United States",2011,15.36,"Base survey of 2006"
"Rice","Operating costs","Commercial drying  ","dollars per planted acre","No specific size","Mississippi River Delta","United States",2012,16.68,"Base survey of 2006"
"Rice","Operating costs","Commercial drying  ","dollars per planted acre","No specific size","Mississippi River Delta","United States",2013,11.35,"Base survey of 2013"
"Rice","Operating costs","Commercial drying  ","dollars per planted acre","No specific size","Mississippi River Delta","United States",2014,11.24,"Base survey of 2013"
"Rice","Operating costs","Commercial drying  ","dollars per planted acre","No specific size","Mississippi River Delta","United States",2015,7,"Base survey of 2013"
"Rice","Operating costs","Commercial drying  ","dollars per planted acre","No specific size","Mississippi River Delta","United States",2016,5.89,"Base survey of 2013"
"Rice","Operating costs","Commercial drying  ","dollars per planted acre","No specific size","Mississippi River Delta","United States",2017,6.97,"Base survey of 2013"
"Rice","Operating costs","Commercial drying  ","dollars per planted acre","No specific size","Mississippi River Delta","United States",2018,8.08,"Base survey of 2013"
"Rice","Operating costs","Commercial drying  ","dollars per planted acre","No specific size","Mississippi River Delta","United States",2019,7.5,"Base survey of 2013"
"Rice","Operating costs","Commercial drying  ","dollars per planted acre","No specific size","Mississippi River Delta","United States",2020,7.05,"Base survey of 2013"
"Rice","Operating costs","Commercial drying  ","dollars per planted acre","No specific size","Mississippi River Delta","United States",2021,10.45,"Base survey of 2021"
"Rice","Operating costs","Commercial drying  ","dollars per planted acre","No specific size","Mississippi River Delta","United States",2022,11.6,"Base survey of 2021"
"Rice","Operating costs","Commercial drying  ","dollars per planted acre","No specific size","Mississippi River Delta","United States",2023,12.44,"Base survey of 2021"
"Rice","Operating costs","Commercial drying  ","dollars per planted acre","No specific size","Mississippi River Delta","United States",2024,12.67,"Base survey of 2021"
"Rice","Operating costs","Purchased irrigation water","dollars per planted acre","No specific size","U.S. total","United States",2000,11.12,"Base survey of 2000"
"Rice","Operating costs","Purchased irrigation water","dollars per planted acre","No specific size","U.S. total","United States",2001,9.64,"Base survey of 2000"
"Rice","Operating costs","Purchased irrigation water","dollars per planted acre","No specific size","U.S. total","United States",2002,10.46,"Base survey of 2000"
"Rice","Operating costs","Purchased irrigation water","dollars per planted acre","No specific size","U.S. total","United States",2003,10.79,"Base survey of 2000"
"Rice","Operating costs","Purchased irrigation water","dollars per planted acre","No specific size","U.S. total","United States",2004,11.64,"Base survey of 2000"
"Rice","Operating costs","Purchased irrigation water","dollars per planted acre","No specific size","U.S. total","United States",2005,10.5,"Base survey of 2000"
"Rice","Operating costs","Purchased irrigation water","dollars per planted acre","No specific size","U.S. total","United States",2006,10.36,"Base survey of 2006"
"Rice","Operating costs","Purchased irrigation water","dollars per planted acre","No specific size","U.S. total","United States",2007,11.84,"Base survey of 2006"
"Rice","Operating costs","Purchased irrigation water","dollars per planted acre","No specific size","U.S. total","United States",2008,11.32,"Base survey of 2006"
"Rice","Operating costs","Purchased irrigation water","dollars per planted acre","No specific size","U.S. total","United States",2009,12.18,"Base survey of 2006"
"Rice","Operating costs","Purchased irrigation water","dollars per planted acre","No specific size","U.S. total","United States",2010,11.24,"Base survey of 2006"
"Rice","Operating costs","Purchased irrigation water","dollars per planted acre","No specific size","U.S. total","United States",2011,15.13,"Base survey of 2006"
"Rice","Operating costs","Purchased irrigation water","dollars per planted acre","No specific size","U.S. total","United States",2012,14.47,"Base survey of 2006"
"Rice","Operating costs","Purchased irrigation water","dollars per planted acre","No specific size","U.S. total","United States",2013,15.57,"Base survey of 2013"
"Rice","Operating costs","Purchased irrigation water","dollars per planted acre","No specific size","U.S. total","United States",2014,11.78,"Base survey of 2013"
"Rice","Operating costs","Purchased irrigation water","dollars per planted acre","No specific size","U.S. total","United States",2015,13.16,"Base survey of 2013"
"Rice","Operating costs","Purchased irrigation water","dollars per planted acre","No specific size","U.S. total","United States",2016,13.63,"Base survey of 2013"
"Rice","Operating costs","Purchased irrigation water","dollars per planted acre","No specific size","U.S. total","United States",2017,14.56,"Base survey of 2013"
"Rice","Operating costs","Purchased irrigation water","dollars per planted acre","No specific size","U.S. total","United States",2018,13.8,"Base survey of 2013"
"Rice","Operating costs","Purchased irrigation water","dollars per planted acre","No specific size","U.S. total","United States",2019,15.84,"Base survey of 2013"
"Rice","Operating costs","Purchased irrigation water","dollars per planted acre","No specific size","U.S. total","United States",2020,14.39,"Base survey of 2013"
"Rice","Operating costs","Purchased irrigation water","dollars per planted acre","No specific size","U.S. total","United States",2021,16.24,"Base survey of 2021"
"Rice","Operating costs","Purchased irrigation water","dollars per planted acre","No specific size","U.S. total","United States",2022,14.97,"Base survey of 2021"
"Rice","Operating costs","Purchased irrigation water","dollars per planted acre","No specific size","U.S. total","United States",2023,19.4,"Base survey of 2021"
"Rice","Operating costs","Purchased irrigation water","dollars per planted acre","No specific size","U.S. total","United States",2024,18.32,"Base survey of 2021"
"Rice","Operating costs","Purchased irrigation water","dollars per planted acre","No specific size","California","United States",2000,40.84,"Base survey of 2000"
"Rice","Operating costs","Purchased irrigation water","dollars per planted acre","No specific size","California","United States",2001,42.25,"Base survey of 2000"
"Rice","Operating costs","Purchased irrigation water","dollars per planted acre","No specific size","California","United States",2002,41.9,"Base survey of 2000"
"Rice","Operating costs","Purchased irrigation water","dollars per planted acre","No specific size","California","United States",2003,43.3,"Base survey of 2000"
"Rice","Operating costs","Purchased irrigation water","dollars per planted acre","No specific size","California","United States",2004,43.66,"Base survey of 2000"
"Rice","Operating costs","Purchased irrigation water","dollars per planted acre","No specific size","California","United States",2005,44.27,"Base survey of 2000"
"Rice","Operating costs","Purchased irrigation water","dollars per planted acre","No specific size","California","United States",2006,43,"Base survey of 2006"
"Rice","Operating costs","Purchased irrigation water","dollars per planted acre","No specific size","California","United States",2007,45.17,"Base survey of 2006"
"Rice","Operating costs","Purchased irrigation water","dollars per planted acre","No specific size","California","United States",2008,45.17,"Base survey of 2006"
"Rice","Operating costs","Purchased irrigation water","dollars per planted acre","No specific size","California","United States",2009,48.26,"Base survey of 2006"
"Rice","Operating costs","Purchased irrigation water","dollars per planted acre","No specific size","California","United States",2010,49.81,"Base survey of 2006"
"Rice","Operating costs","Purchased irrigation water","dollars per planted acre","No specific size","California","United States",2011,50.73,"Base survey of 2006"
"Rice","Operating costs","Purchased irrigation water","dollars per planted acre","No specific size","California","United States",2012,51.75,"Base survey of 2006"
"Rice","Operating costs","Purchased irrigation water","dollars per planted acre","No specific size","California","United States",2013,49.15,"Base survey of 2013"
"Rice","Operating costs","Purchased irrigation water","dollars per planted acre","No specific size","California","United States",2014,50.54,"Base survey of 2013"
"Rice","Operating costs","Purchased irrigation water","dollars per planted acre","No specific size","California","United States",2015,52.72,"Base survey of 2013"
"Rice","Operating costs","Purchased irrigation water","dollars per planted acre","No specific size","California","United States",2016,53.6,"Base survey of 2013"
"Rice","Operating costs","Purchased irrigation water","dollars per planted acre","No specific size","California","United States",2017,53,"Base survey of 2013"
"Rice","Operating costs","Purchased irrigation water","dollars per planted acre","No specific size","California","United States",2018,52.53,"Base survey of 2013"
"Rice","Operating costs","Purchased irrigation water","dollars per planted acre","No specific size","California","United States",2019,54.9,"Base survey of 2013"
"Rice","Operating costs","Purchased irrigation water","dollars per planted acre","No specific size","California","United States",2020,55.46,"Base survey of 2013"
"Rice","Operating costs","Purchased irrigation water","dollars per planted acre","No specific size","California","United States",2021,77.19,"Base survey of 2021"
"Rice","Operating costs","Purchased irrigation water","dollars per planted acre","No specific size","California","United States",2022,86.72,"Base survey of 2021"
"Rice","Operating costs","Purchased irrigation water","dollars per planted acre","No specific size","California","United States",2023,91.39,"Base survey of 2021"
"Rice","Operating costs","Purchased irrigation water","dollars per planted acre","No specific size","California","United States",2024,94.4,"Base survey of 2021"
"Rice","Operating costs","Purchased irrigation water","dollars per planted acre","No specific size","Gulf Coast","United States",2000,15.6,"Base survey of 2000"
"Rice","Operating costs","Purchased irrigation water","dollars per planted acre","No specific size","Gulf Coast","United States",2001,15.01,"Base survey of 2000"
"Rice","Operating costs","Purchased irrigation water","dollars per planted acre","No specific size","Gulf Coast","United States",2002,14.52,"Base survey of 2000"
"Rice","Operating costs","Purchased irrigation water","dollars per planted acre","No specific size","Gulf Coast","United States",2003,15.43,"Base survey of 2000"
"Rice","Operating costs","Purchased irrigation water","dollars per planted acre","No specific size","Gulf Coast","United States",2004,15.93,"Base survey of 2000"
"Rice","Operating costs","Purchased irrigation water","dollars per planted acre","No specific size","Gulf Coast","United States",2005,15.34,"Base survey of 2000"
"Rice","Operating costs","Purchased irrigation water","dollars per planted acre","No specific size","Gulf Coast","United States",2006,15.98,"Base survey of 2006"
"Rice","Operating costs","Purchased irrigation water","dollars per planted acre","No specific size","Gulf Coast","United States",2007,16.78,"Base survey of 2006"
"Rice","Operating costs","Purchased irrigation water","dollars per planted acre","No specific size","Gulf Coast","United States",2008,16.78,"Base survey of 2006"
"Rice","Operating costs","Purchased irrigation water","dollars per planted acre","No specific size","Gulf Coast","United States",2009,17.93,"Base survey of 2006"
"Rice","Operating costs","Purchased irrigation water","dollars per planted acre","No specific size","Gulf Coast","United States",2010,18.51,"Base survey of 2006"
"Rice","Operating costs","Purchased irrigation water","dollars per planted acre","No specific size","Gulf Coast","United States",2011,18.85,"Base survey of 2006"
"Rice","Operating costs","Purchased irrigation water","dollars per planted acre","No specific size","Gulf Coast","United States",2012,19.23,"Base survey of 2006"
"Rice","Operating costs","Purchased irrigation water","dollars per planted acre","No specific size","Gulf Coast","United States",2013,19.41,"Base survey of 2013"
"Rice","Operating costs","Purchased irrigation water","dollars per planted acre","No specific size","Gulf Coast","United States",2014,19.96,"Base survey of 2013"
"Rice","Operating costs","Purchased irrigation water","dollars per planted acre","No specific size","Gulf Coast","United States",2015,20.82,"Base survey of 2013"
"Rice","Operating costs","Purchased irrigation water","dollars per planted acre","No specific size","Gulf Coast","United States",2016,21.17,"Base survey of 2013"
"Rice","Operating costs","Purchased irrigation water","dollars per planted acre","No specific size","Gulf Coast","United States",2017,20.93,"Base survey of 2013"
"Rice","Operating costs","Purchased irrigation water","dollars per planted acre","No specific size","Gulf Coast","United States",2018,20.75,"Base survey of 2013"
"Rice","Operating costs","Purchased irrigation water","dollars per planted acre","No specific size","Gulf Coast","United States",2019,21.68,"Base survey of 2013"
"Rice","Operating costs","Purchased irrigation water","dollars per planted acre","No specific size","Gulf Coast","United States",2020,21.9,"Base survey of 2013"
"Rice","Operating costs","Purchased irrigation water","dollars per planted acre","No specific size","Gulf Coast","United States",2021,15.92,"Base survey of 2021"
"Rice","Operating costs","Purchased irrigation water","dollars per planted acre","No specific size","Gulf Coast","United States",2022,18.15,"Base survey of 2021"
"Rice","Operating costs","Purchased irrigation water","dollars per planted acre","No specific size","Gulf Coast","United States",2023,14.61,"Base survey of 2021"
"Rice","Operating costs","Purchased irrigation water","dollars per planted acre","No specific size","Gulf Coast","United States",2024,14.9,"Base survey of 2021"
"Rice","Operating costs","Purchased irrigation water","dollars per planted acre","No specific size","Arkansas Non-Delta","United States",2000,0,"Base survey of 2000"
"Rice","Operating costs","Purchased irrigation water","dollars per planted acre","No specific size","Arkansas Non-Delta","United States",2001,0,"Base survey of 2000"
"Rice","Operating costs","Purchased irrigation water","dollars per planted acre","No specific size","Arkansas Non-Delta","United States",2002,0,"Base survey of 2000"
"Rice","Operating costs","Purchased irrigation water","dollars per planted acre","No specific size","Arkansas Non-Delta","United States",2003,0,"Base survey of 2000"
"Rice","Operating costs","Purchased irrigation water","dollars per planted acre","No specific size","Arkansas Non-Delta","United States",2004,0,"Base survey of 2000"
"Rice","Operating costs","Purchased irrigation water","dollars per planted acre","No specific size","Arkansas Non-Delta","United States",2005,0,"Base survey of 2000"
"Rice","Operating costs","Purchased irrigation water","dollars per planted acre","No specific size","Arkansas Non-Delta","United States",2006,0.18,"Base survey of 2006"
"Rice","Operating costs","Purchased irrigation water","dollars per planted acre","No specific size","Arkansas Non-Delta","United States",2007,0.19,"Base survey of 2006"
"Rice","Operating costs","Purchased irrigation water","dollars per planted acre","No specific size","Arkansas Non-Delta","United States",2008,0.19,"Base survey of 2006"
"Rice","Operating costs","Purchased irrigation water","dollars per planted acre","No specific size","Arkansas Non-Delta","United States",2009,0.2,"Base survey of 2006"
"Rice","Operating costs","Purchased irrigation water","dollars per planted acre","No specific size","Arkansas Non-Delta","United States",2010,0.21,"Base survey of 2006"
"Rice","Operating costs","Purchased irrigation water","dollars per planted acre","No specific size","Arkansas Non-Delta","United States",2011,0.21,"Base survey of 2006"
"Rice","Operating costs","Purchased irrigation water","dollars per planted acre","No specific size","Arkansas Non-Delta","United States",2012,0.22,"Base survey of 2006"
"Rice","Operating costs","Purchased irrigation water","dollars per planted acre","No specific size","Arkansas Non-Delta","United States",2013,0.69,"Base survey of 2013"
"Rice","Operating costs","Purchased irrigation water","dollars per planted acre","No specific size","Arkansas Non-Delta","United States",2014,0.71,"Base survey of 2013"
"Rice","Operating costs","Purchased irrigation water","dollars per planted acre","No specific size","Arkansas Non-Delta","United States",2015,0.74,"Base survey of 2013"
"Rice","Operating costs","Purchased irrigation water","dollars per planted acre","No specific size","Arkansas Non-Delta","United States",2016,0.75,"Base survey of 2013"
"Rice","Operating costs","Purchased irrigation water","dollars per planted acre","No specific size","Arkansas Non-Delta","United States",2017,0.74,"Base survey of 2013"
"Rice","Operating costs","Purchased irrigation water","dollars per planted acre","No specific size","Arkansas Non-Delta","United States",2018,0.74,"Base survey of 2013"
"Rice","Operating costs","Purchased irrigation water","dollars per planted acre","No specific size","Arkansas Non-Delta","United States",2019,0.77,"Base survey of 2013"
"Rice","Operating costs","Purchased irrigation water","dollars per planted acre","No specific size","Arkansas Non-Delta","United States",2020,0.78,"Base survey of 2013"
"Rice","Operating costs","Purchased irrigation water","dollars per planted acre","No specific size","Arkansas Non-Delta","United States",2021,0,"Base survey of 2021"
"Rice","Operating costs","Purchased irrigation water","dollars per planted acre","No specific size","Arkansas Non-Delta","United States",2022,0,"Base survey of 2021"
"Rice","Operating costs","Purchased irrigation water","dollars per planted acre","No specific size","Arkansas Non-Delta","United States",2023,0,"Base survey of 2021"
"Rice","Operating costs","Purchased irrigation water","dollars per planted acre","No specific size","Arkansas Non-Delta","United States",2024,0,"Base survey of 2021"
"Rice","Operating costs","Purchased irrigation water","dollars per planted acre","No specific size","Mississippi River Delta","United States",2000,0,"Base survey of 2000"
"Rice","Operating costs","Purchased irrigation water","dollars per planted acre","No specific size","Mississippi River Delta","United States",2001,0,"Base survey of 2000"
"Rice","Operating costs","Purchased irrigation water","dollars per planted acre","No specific size","Mississippi River Delta","United States",2002,0,"Base survey of 2000"
"Rice","Operating costs","Purchased irrigation water","dollars per planted acre","No specific size","Mississippi River Delta","United States",2003,0,"Base survey of 2000"
"Rice","Operating costs","Purchased irrigation water","dollars per planted acre","No specific size","Mississippi River Delta","United States",2004,0,"Base survey of 2000"
"Rice","Operating costs","Purchased irrigation water","dollars per planted acre","No specific size","Mississippi River Delta","United States",2005,0,"Base survey of 2000"
"Rice","Operating costs","Purchased irrigation water","dollars per planted acre","No specific size","Mississippi River Delta","United States",2006,0,"Base survey of 2006"
"Rice","Operating costs","Purchased irrigation water","dollars per planted acre","No specific size","Mississippi River Delta","United States",2007,0,"Base survey of 2006"
"Rice","Operating costs","Purchased irrigation water","dollars per planted acre","No specific size","Mississippi River Delta","United States",2008,0,"Base survey of 2006"
"Rice","Operating costs","Purchased irrigation water","dollars per planted acre","No specific size","Mississippi River Delta","United States",2009,0,"Base survey of 2006"
"Rice","Operating costs","Purchased irrigation water","dollars per planted acre","No specific size","Mississippi River Delta","United States",2010,0,"Base survey of 2006"
"Rice","Operating costs","Purchased irrigation water","dollars per planted acre","No specific size","Mississippi River Delta","United States",2011,0,"Base survey of 2006"
"Rice","Operating costs","Purchased irrigation water","dollars per planted acre","No specific size","Mississippi River Delta","United States",2012,0,"Base survey of 2006"
"Rice","Operating costs","Purchased irrigation water","dollars per planted acre","No specific size","Mississippi River Delta","United States",2013,0.37,"Base survey of 2013"
"Rice","Operating costs","Purchased irrigation water","dollars per planted acre","No specific size","Mississippi River Delta","United States",2014,0.38,"Base survey of 2013"
"Rice","Operating costs","Purchased irrigation water","dollars per planted acre","No specific size","Mississippi River Delta","United States",2015,0.4,"Base survey of 2013"
"Rice","Operating costs","Purchased irrigation water","dollars per planted acre","No specific size","Mississippi River Delta","United States",2016,0.4,"Base survey of 2013"
"Rice","Operating costs","Purchased irrigation water","dollars per planted acre","No specific size","Mississippi River Delta","United States",2017,0.4,"Base survey of 2013"
"Rice","Operating costs","Purchased irrigation water","dollars per planted acre","No specific size","Mississippi River Delta","United States",2018,0.4,"Base survey of 2013"
"Rice","Operating costs","Purchased irrigation water","dollars per planted acre","No specific size","Mississippi River Delta","United States",2019,0.41,"Base survey of 2013"
"Rice","Operating costs","Purchased irrigation water","dollars per planted acre","No specific size","Mississippi River Delta","United States",2020,0.42,"Base survey of 2013"
"Rice","Operating costs","Purchased irrigation water","dollars per planted acre","No specific size","Mississippi River Delta","United States",2021,0,"Base survey of 2021"
"Rice","Operating costs","Purchased irrigation water","dollars per planted acre","No specific size","Mississippi River Delta","United States",2022,0,"Base survey of 2021"
"Rice","Operating costs","Purchased irrigation water","dollars per planted acre","No specific size","Mississippi River Delta","United States",2023,0,"Base survey of 2021"
"Rice","Operating costs","Purchased irrigation water","dollars per planted acre","No specific size","Mississippi River Delta","United States",2024,0,"Base survey of 2021"
"Rice","Operating costs","Interest on operating capital","dollars per planted acre","No specific size","U.S. total","United States",2000,7.77,"Base survey of 2000"
"Rice","Operating costs","Interest on operating capital","dollars per planted acre","No specific size","U.S. total","United States",2001,4.96,"Base survey of 2000"
"Rice","Operating costs","Interest on operating capital","dollars per planted acre","No specific size","U.S. total","United States",2002,2.34,"Base survey of 2000"
"Rice","Operating costs","Interest on operating capital","dollars per planted acre","No specific size","U.S. total","United States",2003,1.62,"Base survey of 2000"
"Rice","Operating costs","Interest on operating capital","dollars per planted acre","No specific size","U.S. total","United States",2004,2.57,"Base survey of 2000"
"Rice","Operating costs","Interest on operating capital","dollars per planted acre","No specific size","U.S. total","United States",2005,6.22,"Base survey of 2000"
"Rice","Operating costs","Interest on operating capital","dollars per planted acre","No specific size","U.S. total","United States",2006,8.11,"Base survey of 2006"
"Rice","Operating costs","Interest on operating capital","dollars per planted acre","No specific size","U.S. total","United States",2007,8.74,"Base survey of 2006"
"Rice","Operating costs","Interest on operating capital","dollars per planted acre","No specific size","U.S. total","United States",2008,3.31,"Base survey of 2006"
"Rice","Operating costs","Interest on operating capital","dollars per planted acre","No specific size","U.S. total","United States",2009,0.62,"Base survey of 2006"
"Rice","Operating costs","Interest on operating capital","dollars per planted acre","No specific size","U.S. total","United States",2010,0.42,"Base survey of 2006"
"Rice","Operating costs","Interest on operating capital","dollars per planted acre","No specific size","U.S. total","United States",2011,0.25,"Base survey of 2006"
"Rice","Operating costs","Interest on operating capital","dollars per planted acre","No specific size","U.S. total","United States",2012,0.34,"Base survey of 2006"
"Rice","Operating costs","Interest on operating capital","dollars per planted acre","No specific size","U.S. total","United States",2013,0.27,"Base survey of 2013"
"Rice","Operating costs","Interest on operating capital","dollars per planted acre","No specific size","U.S. total","United States",2014,0.18,"Base survey of 2013"
"Rice","Operating costs","Interest on operating capital","dollars per planted acre","No specific size","U.S. total","United States",2015,0.44,"Base survey of 2013"
"Rice","Operating costs","Interest on operating capital","dollars per planted acre","No specific size","U.S. total","United States",2016,1.14,"Base survey of 2013"
"Rice","Operating costs","Interest on operating capital","dollars per planted acre","No specific size","U.S. total","United States",2017,2.61,"Base survey of 2013"
"Rice","Operating costs","Interest on operating capital","dollars per planted acre","No specific size","U.S. total","United States",2018,5.22,"Base survey of 2013"
"Rice","Operating costs","Interest on operating capital","dollars per planted acre","No specific size","U.S. total","United States",2019,5.26,"Base survey of 2013"
"Rice","Operating costs","Interest on operating capital","dollars per planted acre","No specific size","U.S. total","United States",2020,0.91,"Base survey of 2013"
"Rice","Operating costs","Interest on operating capital","dollars per planted acre","No specific size","U.S. total","United States",2021,0.19,"Base survey of 2021"
"Rice","Operating costs","Interest on operating capital","dollars per planted acre","No specific size","U.S. total","United States",2022,9.83,"Base survey of 2021"
"Rice","Operating costs","Interest on operating capital","dollars per planted acre","No specific size","U.S. total","United States",2023,19.36,"Base survey of 2021"
"Rice","Operating costs","Interest on operating capital","dollars per planted acre","No specific size","U.S. total","United States",2024,16.52,"Base survey of 2021"
"Rice","Operating costs","Interest on operating capital","dollars per planted acre","No specific size","California","United States",2000,11.63,"Base survey of 2000"
"Rice","Operating costs","Interest on operating capital","dollars per planted acre","No specific size","California","United States",2001,7.35,"Base survey of 2000"
"Rice","Operating costs","Interest on operating capital","dollars per planted acre","No specific size","California","United States",2002,3.46,"Base survey of 2000"
"Rice","Operating costs","Interest on operating capital","dollars per planted acre","No specific size","California","United States",2003,2.31,"Base survey of 2000"
"Rice","Operating costs","Interest on operating capital","dollars per planted acre","No specific size","California","United States",2004,3.6,"Base survey of 2000"
"Rice","Operating costs","Interest on operating capital","dollars per planted acre","No specific size","California","United States",2005,7.87,"Base survey of 2000"
"Rice","Operating costs","Interest on operating capital","dollars per planted acre","No specific size","California","United States",2006,9.98,"Base survey of 2006"
"Rice","Operating costs","Interest on operating capital","dollars per planted acre","No specific size","California","United States",2007,10.62,"Base survey of 2006"
"Rice","Operating costs","Interest on operating capital","dollars per planted acre","No specific size","California","United States",2008,3.87,"Base survey of 2006"
"Rice","Operating costs","Interest on operating capital","dollars per planted acre","No specific size","California","United States",2009,0.76,"Base survey of 2006"
"Rice","Operating costs","Interest on operating capital","dollars per planted acre","No specific size","California","United States",2010,0.52,"Base survey of 2006"
"Rice","Operating costs","Interest on operating capital","dollars per planted acre","No specific size","California","United States",2011,0.29,"Base survey of 2006"
"Rice","Operating costs","Interest on operating capital","dollars per planted acre","No specific size","California","United States",2012,0.39,"Base survey of 2006"
"Rice","Operating costs","Interest on operating capital","dollars per planted acre","No specific size","California","United States",2013,0.32,"Base survey of 2013"
"Rice","Operating costs","Interest on operating capital","dollars per planted acre","No specific size","California","United States",2014,0.2,"Base survey of 2013"
"Rice","Operating costs","Interest on operating capital","dollars per planted acre","No specific size","California","United States",2015,0.51,"Base survey of 2013"
"Rice","Operating costs","Interest on operating capital","dollars per planted acre","No specific size","California","United States",2016,1.33,"Base survey of 2013"
"Rice","Operating costs","Interest on operating capital","dollars per planted acre","No specific size","California","United States",2017,3.02,"Base survey of 2013"
"Rice","Operating costs","Interest on operating capital","dollars per planted acre","No specific size","California","United States",2018,5.98,"Base survey of 2013"
"Rice","Operating costs","Interest on operating capital","dollars per planted acre","No specific size","California","United States",2019,6.01,"Base survey of 2013"
"Rice","Operating costs","Interest on operating capital","dollars per planted acre","No specific size","California","United States",2020,1.07,"Base survey of 2013"
"Rice","Operating costs","Interest on operating capital","dollars per planted acre","No specific size","California","United States",2021,0.27,"Base survey of 2021"
"Rice","Operating costs","Interest on operating capital","dollars per planted acre","No specific size","California","United States",2022,13.19,"Base survey of 2021"
"Rice","Operating costs","Interest on operating capital","dollars per planted acre","No specific size","California","United States",2023,25.68,"Base survey of 2021"
"Rice","Operating costs","Interest on operating capital","dollars per planted acre","No specific size","California","United States",2024,21.97,"Base survey of 2021"
"Rice","Operating costs","Interest on operating capital","dollars per planted acre","No specific size","Gulf Coast","United States",2000,8.35,"Base survey of 2000"
"Rice","Operating costs","Interest on operating capital","dollars per planted acre","No specific size","Gulf Coast","United States",2001,5.51,"Base survey of 2000"
"Rice","Operating costs","Interest on operating capital","dollars per planted acre","No specific size","Gulf Coast","United States",2002,2.55,"Base survey of 2000"
"Rice","Operating costs","Interest on operating capital","dollars per planted acre","No specific size","Gulf Coast","United States",2003,1.71,"Base survey of 2000"
"Rice","Operating costs","Interest on operating capital","dollars per planted acre","No specific size","Gulf Coast","United States",2004,2.78,"Base survey of 2000"
"Rice","Operating costs","Interest on operating capital","dollars per planted acre","No specific size","Gulf Coast","United States",2005,7.08,"Base survey of 2000"
"Rice","Operating costs","Interest on operating capital","dollars per planted acre","No specific size","Gulf Coast","United States",2006,9.1,"Base survey of 2006"
"Rice","Operating costs","Interest on operating capital","dollars per planted acre","No specific size","Gulf Coast","United States",2007,9.77,"Base survey of 2006"
"Rice","Operating costs","Interest on operating capital","dollars per planted acre","No specific size","Gulf Coast","United States",2008,3.74,"Base survey of 2006"
"Rice","Operating costs","Interest on operating capital","dollars per planted acre","No specific size","Gulf Coast","United States",2009,0.69,"Base survey of 2006"
"Rice","Operating costs","Interest on operating capital","dollars per planted acre","No specific size","Gulf Coast","United States",2010,0.47,"Base survey of 2006"
"Rice","Operating costs","Interest on operating capital","dollars per planted acre","No specific size","Gulf Coast","United States",2011,0.27,"Base survey of 2006"
"Rice","Operating costs","Interest on operating capital","dollars per planted acre","No specific size","Gulf Coast","United States",2012,0.37,"Base survey of 2006"
"Rice","Operating costs","Interest on operating capital","dollars per planted acre","No specific size","Gulf Coast","United States",2013,0.26,"Base survey of 2013"
"Rice","Operating costs","Interest on operating capital","dollars per planted acre","No specific size","Gulf Coast","United States",2014,0.17,"Base survey of 2013"
"Rice","Operating costs","Interest on operating capital","dollars per planted acre","No specific size","Gulf Coast","United States",2015,0.41,"Base survey of 2013"
"Rice","Operating costs","Interest on operating capital","dollars per planted acre","No specific size","Gulf Coast","United States",2016,1.04,"Base survey of 2013"
"Rice","Operating costs","Interest on operating capital","dollars per planted acre","No specific size","Gulf Coast","United States",2017,2.41,"Base survey of 2013"
"Rice","Operating costs","Interest on operating capital","dollars per planted acre","No specific size","Gulf Coast","United States",2018,4.86,"Base survey of 2013"
"Rice","Operating costs","Interest on operating capital","dollars per planted acre","No specific size","Gulf Coast","United States",2019,4.83,"Base survey of 2013"
"Rice","Operating costs","Interest on operating capital","dollars per planted acre","No specific size","Gulf Coast","United States",2020,0.84,"Base survey of 2013"
"Rice","Operating costs","Interest on operating capital","dollars per planted acre","No specific size","Gulf Coast","United States",2021,0.18,"Base survey of 2021"
"Rice","Operating costs","Interest on operating capital","dollars per planted acre","No specific size","Gulf Coast","United States",2022,9.4,"Base survey of 2021"
"Rice","Operating costs","Interest on operating capital","dollars per planted acre","No specific size","Gulf Coast","United States",2023,18.22,"Base survey of 2021"
"Rice","Operating costs","Interest on operating capital","dollars per planted acre","No specific size","Gulf Coast","United States",2024,15.67,"Base survey of 2021"
"Rice","Operating costs","Interest on operating capital","dollars per planted acre","No specific size","Arkansas Non-Delta","United States",2000,6.11,"Base survey of 2000"
"Rice","Operating costs","Interest on operating capital","dollars per planted acre","No specific size","Arkansas Non-Delta","United States",2001,4.01,"Base survey of 2000"
"Rice","Operating costs","Interest on operating capital","dollars per planted acre","No specific size","Arkansas Non-Delta","United States",2002,1.86,"Base survey of 2000"
"Rice","Operating costs","Interest on operating capital","dollars per planted acre","No specific size","Arkansas Non-Delta","United States",2003,1.34,"Base survey of 2000"
"Rice","Operating costs","Interest on operating capital","dollars per planted acre","No specific size","Arkansas Non-Delta","United States",2004,2.08,"Base survey of 2000"
"Rice","Operating costs","Interest on operating capital","dollars per planted acre","No specific size","Arkansas Non-Delta","United States",2005,5.31,"Base survey of 2000"
"Rice","Operating costs","Interest on operating capital","dollars per planted acre","No specific size","Arkansas Non-Delta","United States",2006,7.24,"Base survey of 2006"
"Rice","Operating costs","Interest on operating capital","dollars per planted acre","No specific size","Arkansas Non-Delta","United States",2007,7.78,"Base survey of 2006"
"Rice","Operating costs","Interest on operating capital","dollars per planted acre","No specific size","Arkansas Non-Delta","United States",2008,2.98,"Base survey of 2006"
"Rice","Operating costs","Interest on operating capital","dollars per planted acre","No specific size","Arkansas Non-Delta","United States",2009,0.55,"Base survey of 2006"
"Rice","Operating costs","Interest on operating capital","dollars per planted acre","No specific size","Arkansas Non-Delta","United States",2010,0.38,"Base survey of 2006"
"Rice","Operating costs","Interest on operating capital","dollars per planted acre","No specific size","Arkansas Non-Delta","United States",2011,0.22,"Base survey of 2006"
"Rice","Operating costs","Interest on operating capital","dollars per planted acre","No specific size","Arkansas Non-Delta","United States",2012,0.3,"Base survey of 2006"
"Rice","Operating costs","Interest on operating capital","dollars per planted acre","No specific size","Arkansas Non-Delta","United States",2013,0.26,"Base survey of 2013"
"Rice","Operating costs","Interest on operating capital","dollars per planted acre","No specific size","Arkansas Non-Delta","United States",2014,0.18,"Base survey of 2013"
"Rice","Operating costs","Interest on operating capital","dollars per planted acre","No specific size","Arkansas Non-Delta","United States",2015,0.43,"Base survey of 2013"
"Rice","Operating costs","Interest on operating capital","dollars per planted acre","No specific size","Arkansas Non-Delta","United States",2016,1.1,"Base survey of 2013"
"Rice","Operating costs","Interest on operating capital","dollars per planted acre","No specific size","Arkansas Non-Delta","United States",2017,2.54,"Base survey of 2013"
"Rice","Operating costs","Interest on operating capital","dollars per planted acre","No specific size","Arkansas Non-Delta","United States",2018,5.13,"Base survey of 2013"
"Rice","Operating costs","Interest on operating capital","dollars per planted acre","No specific size","Arkansas Non-Delta","United States",2019,5.09,"Base survey of 2013"
"Rice","Operating costs","Interest on operating capital","dollars per planted acre","No specific size","Arkansas Non-Delta","United States",2020,0.88,"Base survey of 2013"
"Rice","Operating costs","Interest on operating capital","dollars per planted acre","No specific size","Arkansas Non-Delta","United States",2021,0.17,"Base survey of 2021"
"Rice","Operating costs","Interest on operating capital","dollars per planted acre","No specific size","Arkansas Non-Delta","United States",2022,9.42,"Base survey of 2021"
"Rice","Operating costs","Interest on operating capital","dollars per planted acre","No specific size","Arkansas Non-Delta","United States",2023,17.97,"Base survey of 2021"
"Rice","Operating costs","Interest on operating capital","dollars per planted acre","No specific size","Arkansas Non-Delta","United States",2024,15.52,"Base survey of 2021"
"Rice","Operating costs","Interest on operating capital","dollars per planted acre","No specific size","Mississippi River Delta","United States",2000,6.74,"Base survey of 2000"
"Rice","Operating costs","Interest on operating capital","dollars per planted acre","No specific size","Mississippi River Delta","United States",2001,4.61,"Base survey of 2000"
"Rice","Operating costs","Interest on operating capital","dollars per planted acre","No specific size","Mississippi River Delta","United States",2002,2.14,"Base survey of 2000"
"Rice","Operating costs","Interest on operating capital","dollars per planted acre","No specific size","Mississippi River Delta","United States",2003,1.51,"Base survey of 2000"
"Rice","Operating costs","Interest on operating capital","dollars per planted acre","No specific size","Mississippi River Delta","United States",2004,2.35,"Base survey of 2000"
"Rice","Operating costs","Interest on operating capital","dollars per planted acre","No specific size","Mississippi River Delta","United States",2005,5.87,"Base survey of 2000"
"Rice","Operating costs","Interest on operating capital","dollars per planted acre","No specific size","Mississippi River Delta","United States",2006,7.46,"Base survey of 2006"
"Rice","Operating costs","Interest on operating capital","dollars per planted acre","No specific size","Mississippi River Delta","United States",2007,8.03,"Base survey of 2006"
"Rice","Operating costs","Interest on operating capital","dollars per planted acre","No specific size","Mississippi River Delta","United States",2008,3.09,"Base survey of 2006"
"Rice","Operating costs","Interest on operating capital","dollars per planted acre","No specific size","Mississippi River Delta","United States",2009,0.57,"Base survey of 2006"
"Rice","Operating costs","Interest on operating capital","dollars per planted acre","No specific size","Mississippi River Delta","United States",2010,0.4,"Base survey of 2006"
"Rice","Operating costs","Interest on operating capital","dollars per planted acre","No specific size","Mississippi River Delta","United States",2011,0.23,"Base survey of 2006"
"Rice","Operating costs","Interest on operating capital","dollars per planted acre","No specific size","Mississippi River Delta","United States",2012,0.31,"Base survey of 2006"
"Rice","Operating costs","Interest on operating capital","dollars per planted acre","No specific size","Mississippi River Delta","United States",2013,0.26,"Base survey of 2013"
"Rice","Operating costs","Interest on operating capital","dollars per planted acre","No specific size","Mississippi River Delta","United States",2014,0.18,"Base survey of 2013"
"Rice","Operating costs","Interest on operating capital","dollars per planted acre","No specific size","Mississippi River Delta","United States",2015,0.45,"Base survey of 2013"
"Rice","Operating costs","Interest on operating capital","dollars per planted acre","No specific size","Mississippi River Delta","United States",2016,1.14,"Base survey of 2013"
"Rice","Operating costs","Interest on operating capital","dollars per planted acre","No specific size","Mississippi River Delta","United States",2017,2.62,"Base survey of 2013"
"Rice","Operating costs","Interest on operating capital","dollars per planted acre","No specific size","Mississippi River Delta","United States",2018,5.29,"Base survey of 2013"
"Rice","Operating costs","Interest on operating capital","dollars per planted acre","No specific size","Mississippi River Delta","United States",2019,5.26,"Base survey of 2013"
"Rice","Operating costs","Interest on operating capital","dollars per planted acre","No specific size","Mississippi River Delta","United States",2020,0.91,"Base survey of 2013"
"Rice","Operating costs","Interest on operating capital","dollars per planted acre","No specific size","Mississippi River Delta","United States",2021,0.16,"Base survey of 2021"
"Rice","Operating costs","Interest on operating capital","dollars per planted acre","No specific size","Mississippi River Delta","United States",2022,9.29,"Base survey of 2021"
"Rice","Operating costs","Interest on operating capital","dollars per planted acre","No specific size","Mississippi River Delta","United States",2023,17.66,"Base survey of 2021"
"Rice","Operating costs","Interest on operating capital","dollars per planted acre","No specific size","Mississippi River Delta","United States",2024,15.07,"Base survey of 2021"
"Rice","Operating costs","Total, operating costs","dollars per planted acre","No specific size","U.S. total","United States",2000,283.8,"Base survey of 2000"
"Rice","Operating costs","Total, operating costs","dollars per planted acre","No specific size","U.S. total","United States",2001,299.11,"Base survey of 2000"
"Rice","Operating costs","Total, operating costs","dollars per planted acre","No specific size","U.S. total","United States",2002,280.67,"Base survey of 2000"
"Rice","Operating costs","Total, operating costs","dollars per planted acre","No specific size","U.S. total","United States",2003,308.55,"Base survey of 2000"
"Rice","Operating costs","Total, operating costs","dollars per planted acre","No specific size","U.S. total","United States",2004,328.95,"Base survey of 2000"
"Rice","Operating costs","Total, operating costs","dollars per planted acre","No specific size","U.S. total","United States",2005,375.12,"Base survey of 2000"
"Rice","Operating costs","Total, operating costs","dollars per planted acre","No specific size","U.S. total","United States",2006,366.48,"Base survey of 2006"
"Rice","Operating costs","Total, operating costs","dollars per planted acre","No specific size","U.S. total","United States",2007,395.96,"Base survey of 2006"
"Rice","Operating costs","Total, operating costs","dollars per planted acre","No specific size","U.S. total","United States",2008,480.43,"Base survey of 2006"
"Rice","Operating costs","Total, operating costs","dollars per planted acre","No specific size","U.S. total","United States",2009,447.35,"Base survey of 2006"
"Rice","Operating costs","Total, operating costs","dollars per planted acre","No specific size","U.S. total","United States",2010,446.11,"Base survey of 2006"
"Rice","Operating costs","Total, operating costs","dollars per planted acre","No specific size","U.S. total","United States",2011,525.77,"Base survey of 2006"
"Rice","Operating costs","Total, operating costs","dollars per planted acre","No specific size","U.S. total","United States",2012,534.32,"Base survey of 2006"
"Rice","Operating costs","Total, operating costs","dollars per planted acre","No specific size","U.S. total","United States",2013,602.52,"Base survey of 2013"
"Rice","Operating costs","Total, operating costs","dollars per planted acre","No specific size","U.S. total","United States",2014,601.3,"Base survey of 2013"
"Rice","Operating costs","Total, operating costs","dollars per planted acre","No specific size","U.S. total","United States",2015,543.79,"Base survey of 2013"
"Rice","Operating costs","Total, operating costs","dollars per planted acre","No specific size","U.S. total","United States",2016,516.4,"Base survey of 2013"
"Rice","Operating costs","Total, operating costs","dollars per planted acre","No specific size","U.S. total","United States",2017,523.97,"Base survey of 2013"
"Rice","Operating costs","Total, operating costs","dollars per planted acre","No specific size","U.S. total","United States",2018,533.7,"Base survey of 2013"
"Rice","Operating costs","Total, operating costs","dollars per planted acre","No specific size","U.S. total","United States",2019,543.14,"Base survey of 2013"
"Rice","Operating costs","Total, operating costs","dollars per planted acre","No specific size","U.S. total","United States",2020,492.64,"Base survey of 2013"
"Rice","Operating costs","Total, operating costs","dollars per planted acre","No specific size","U.S. total","United States",2021,622.3,"Base survey of 2021"
"Rice","Operating costs","Total, operating costs","dollars per planted acre","No specific size","U.S. total","United States",2022,863.42,"Base survey of 2021"
"Rice","Operating costs","Total, operating costs","dollars per planted acre","No specific size","U.S. total","United States",2023,837.14,"Base survey of 2021"
"Rice","Operating costs","Total, operating costs","dollars per planted acre","No specific size","U.S. total","United States",2024,759.74,"Base survey of 2021"
"Rice","Operating costs","Total, operating costs","dollars per planted acre","No specific size","California","United States",2000,415.68,"Base survey of 2000"
"Rice","Operating costs","Total, operating costs","dollars per planted acre","No specific size","California","United States",2001,443.54,"Base survey of 2000"
"Rice","Operating costs","Total, operating costs","dollars per planted acre","No specific size","California","United States",2002,414.11,"Base survey of 2000"
"Rice","Operating costs","Total, operating costs","dollars per planted acre","No specific size","California","United States",2003,439.45,"Base survey of 2000"
"Rice","Operating costs","Total, operating costs","dollars per planted acre","No specific size","California","United States",2004,461.15,"Base survey of 2000"
"Rice","Operating costs","Total, operating costs","dollars per planted acre","No specific size","California","United States",2005,474.45,"Base survey of 2000"
"Rice","Operating costs","Total, operating costs","dollars per planted acre","No specific size","California","United States",2006,458.51,"Base survey of 2006"
"Rice","Operating costs","Total, operating costs","dollars per planted acre","No specific size","California","United States",2007,491.85,"Base survey of 2006"
"Rice","Operating costs","Total, operating costs","dollars per planted acre","No specific size","California","United States",2008,577.78,"Base survey of 2006"
"Rice","Operating costs","Total, operating costs","dollars per planted acre","No specific size","California","United States",2009,563.16,"Base survey of 2006"
"Rice","Operating costs","Total, operating costs","dollars per planted acre","No specific size","California","United States",2010,559.47,"Base survey of 2006"
"Rice","Operating costs","Total, operating costs","dollars per planted acre","No specific size","California","United States",2011,625.19,"Base survey of 2006"
"Rice","Operating costs","Total, operating costs","dollars per planted acre","No specific size","California","United States",2012,640.43,"Base survey of 2006"
"Rice","Operating costs","Total, operating costs","dollars per planted acre","No specific size","California","United States",2013,711,"Base survey of 2013"
"Rice","Operating costs","Total, operating costs","dollars per planted acre","No specific size","California","United States",2014,721.67,"Base survey of 2013"
"Rice","Operating costs","Total, operating costs","dollars per planted acre","No specific size","California","United States",2015,660.36,"Base survey of 2013"
"Rice","Operating costs","Total, operating costs","dollars per planted acre","No specific size","California","United States",2016,634.84,"Base survey of 2013"
"Rice","Operating costs","Total, operating costs","dollars per planted acre","No specific size","California","United States",2017,635.27,"Base survey of 2013"
"Rice","Operating costs","Total, operating costs","dollars per planted acre","No specific size","California","United States",2018,646.68,"Base survey of 2013"
"Rice","Operating costs","Total, operating costs","dollars per planted acre","No specific size","California","United States",2019,652.79,"Base survey of 2013"
"Rice","Operating costs","Total, operating costs","dollars per planted acre","No specific size","California","United States",2020,609.99,"Base survey of 2013"
"Rice","Operating costs","Total, operating costs","dollars per planted acre","No specific size","California","United States",2021,883.84,"Base survey of 2021"
"Rice","Operating costs","Total, operating costs","dollars per planted acre","No specific size","California","United States",2022,1230.81,"Base survey of 2021"
"Rice","Operating costs","Total, operating costs","dollars per planted acre","No specific size","California","United States",2023,1177.1,"Base survey of 2021"
"Rice","Operating costs","Total, operating costs","dollars per planted acre","No specific size","California","United States",2024,1080.08,"Base survey of 2021"
"Rice","Operating costs","Total, operating costs","dollars per planted acre","No specific size","Gulf Coast","United States",2000,304.93,"Base survey of 2000"
"Rice","Operating costs","Total, operating costs","dollars per planted acre","No specific size","Gulf Coast","United States",2001,332.35,"Base survey of 2000"
"Rice","Operating costs","Total, operating costs","dollars per planted acre","No specific size","Gulf Coast","United States",2002,305.27,"Base survey of 2000"
"Rice","Operating costs","Total, operating costs","dollars per planted acre","No specific size","Gulf Coast","United States",2003,324.57,"Base survey of 2000"
"Rice","Operating costs","Total, operating costs","dollars per planted acre","No specific size","Gulf Coast","United States",2004,356.33,"Base survey of 2000"
"Rice","Operating costs","Total, operating costs","dollars per planted acre","No specific size","Gulf Coast","United States",2005,426.86,"Base survey of 2000"
"Rice","Operating costs","Total, operating costs","dollars per planted acre","No specific size","Gulf Coast","United States",2006,423.66,"Base survey of 2006"
"Rice","Operating costs","Total, operating costs","dollars per planted acre","No specific size","Gulf Coast","United States",2007,455.76,"Base survey of 2006"
"Rice","Operating costs","Total, operating costs","dollars per planted acre","No specific size","Gulf Coast","United States",2008,559.04,"Base survey of 2006"
"Rice","Operating costs","Total, operating costs","dollars per planted acre","No specific size","Gulf Coast","United States",2009,513.24,"Base survey of 2006"
"Rice","Operating costs","Total, operating costs","dollars per planted acre","No specific size","Gulf Coast","United States",2010,517.41,"Base survey of 2006"
"Rice","Operating costs","Total, operating costs","dollars per planted acre","No specific size","Gulf Coast","United States",2011,600.33,"Base survey of 2006"
"Rice","Operating costs","Total, operating costs","dollars per planted acre","No specific size","Gulf Coast","United States",2012,616.76,"Base survey of 2006"
"Rice","Operating costs","Total, operating costs","dollars per planted acre","No specific size","Gulf Coast","United States",2013,570.35,"Base survey of 2013"
"Rice","Operating costs","Total, operating costs","dollars per planted acre","No specific size","Gulf Coast","United States",2014,578.28,"Base survey of 2013"
"Rice","Operating costs","Total, operating costs","dollars per planted acre","No specific size","Gulf Coast","United States",2015,512.96,"Base survey of 2013"
"Rice","Operating costs","Total, operating costs","dollars per planted acre","No specific size","Gulf Coast","United States",2016,484.91,"Base survey of 2013"
"Rice","Operating costs","Total, operating costs","dollars per planted acre","No specific size","Gulf Coast","United States",2017,494.35,"Base survey of 2013"
"Rice","Operating costs","Total, operating costs","dollars per planted acre","No specific size","Gulf Coast","United States",2018,509.48,"Base survey of 2013"
"Rice","Operating costs","Total, operating costs","dollars per planted acre","No specific size","Gulf Coast","United States",2019,506.9,"Base survey of 2013"
"Rice","Operating costs","Total, operating costs","dollars per planted acre","No specific size","Gulf Coast","United States",2020,467.72,"Base survey of 2013"
"Rice","Operating costs","Total, operating costs","dollars per planted acre","No specific size","Gulf Coast","United States",2021,594.32,"Base survey of 2021"
"Rice","Operating costs","Total, operating costs","dollars per planted acre","No specific size","Gulf Coast","United States",2022,836.96,"Base survey of 2021"
"Rice","Operating costs","Total, operating costs","dollars per planted acre","No specific size","Gulf Coast","United States",2023,796.84,"Base survey of 2021"
"Rice","Operating costs","Total, operating costs","dollars per planted acre","No specific size","Gulf Coast","United States",2024,734.33,"Base survey of 2021"
"Rice","Operating costs","Total, operating costs","dollars per planted acre","No specific size","Arkansas Non-Delta","United States",2000,226.18,"Base survey of 2000"
"Rice","Operating costs","Total, operating costs","dollars per planted acre","No specific size","Arkansas Non-Delta","United States",2001,241.75,"Base survey of 2000"
"Rice","Operating costs","Total, operating costs","dollars per planted acre","No specific size","Arkansas Non-Delta","United States",2002,222.95,"Base survey of 2000"
"Rice","Operating costs","Total, operating costs","dollars per planted acre","No specific size","Arkansas Non-Delta","United States",2003,255.7,"Base survey of 2000"
"Rice","Operating costs","Total, operating costs","dollars per planted acre","No specific size","Arkansas Non-Delta","United States",2004,266.31,"Base survey of 2000"
"Rice","Operating costs","Total, operating costs","dollars per planted acre","No specific size","Arkansas Non-Delta","United States",2005,320.59,"Base survey of 2000"
"Rice","Operating costs","Total, operating costs","dollars per planted acre","No specific size","Arkansas Non-Delta","United States",2006,321.69,"Base survey of 2006"
"Rice","Operating costs","Total, operating costs","dollars per planted acre","No specific size","Arkansas Non-Delta","United States",2007,346.75,"Base survey of 2006"
"Rice","Operating costs","Total, operating costs","dollars per planted acre","No specific size","Arkansas Non-Delta","United States",2008,424.25,"Base survey of 2006"
"Rice","Operating costs","Total, operating costs","dollars per planted acre","No specific size","Arkansas Non-Delta","United States",2009,388.75,"Base survey of 2006"
"Rice","Operating costs","Total, operating costs","dollars per planted acre","No specific size","Arkansas Non-Delta","United States",2010,395.07,"Base survey of 2006"
"Rice","Operating costs","Total, operating costs","dollars per planted acre","No specific size","Arkansas Non-Delta","United States",2011,455.69,"Base survey of 2006"
"Rice","Operating costs","Total, operating costs","dollars per planted acre","No specific size","Arkansas Non-Delta","United States",2012,468.34,"Base survey of 2006"
"Rice","Operating costs","Total, operating costs","dollars per planted acre","No specific size","Arkansas Non-Delta","United States",2013,569.12,"Base survey of 2013"
"Rice","Operating costs","Total, operating costs","dollars per planted acre","No specific size","Arkansas Non-Delta","United States",2014,579.21,"Base survey of 2013"
"Rice","Operating costs","Total, operating costs","dollars per planted acre","No specific size","Arkansas Non-Delta","United States",2015,520.09,"Base survey of 2013"
"Rice","Operating costs","Total, operating costs","dollars per planted acre","No specific size","Arkansas Non-Delta","United States",2016,490.34,"Base survey of 2013"
"Rice","Operating costs","Total, operating costs","dollars per planted acre","No specific size","Arkansas Non-Delta","United States",2017,498.02,"Base survey of 2013"
"Rice","Operating costs","Total, operating costs","dollars per planted acre","No specific size","Arkansas Non-Delta","United States",2018,508.03,"Base survey of 2013"
"Rice","Operating costs","Total, operating costs","dollars per planted acre","No specific size","Arkansas Non-Delta","United States",2019,510.3,"Base survey of 2013"
"Rice","Operating costs","Total, operating costs","dollars per planted acre","No specific size","Arkansas Non-Delta","United States",2020,466.23,"Base survey of 2013"
"Rice","Operating costs","Total, operating costs","dollars per planted acre","No specific size","Arkansas Non-Delta","United States",2021,570.54,"Base survey of 2021"
"Rice","Operating costs","Total, operating costs","dollars per planted acre","No specific size","Arkansas Non-Delta","United States",2022,813.27,"Base survey of 2021"
"Rice","Operating costs","Total, operating costs","dollars per planted acre","No specific size","Arkansas Non-Delta","United States",2023,759.5,"Base survey of 2021"
"Rice","Operating costs","Total, operating costs","dollars per planted acre","No specific size","Arkansas Non-Delta","United States",2024,696.54,"Base survey of 2021"
"Rice","Operating costs","Total, operating costs","dollars per planted acre","No specific size","Mississippi River Delta","United States",2000,248.22,"Base survey of 2000"
"Rice","Operating costs","Total, operating costs","dollars per planted acre","No specific size","Mississippi River Delta","United States",2001,278.19,"Base survey of 2000"
"Rice","Operating costs","Total, operating costs","dollars per planted acre","No specific size","Mississippi River Delta","United States",2002,256.27,"Base survey of 2000"
"Rice","Operating costs","Total, operating costs","dollars per planted acre","No specific size","Mississippi River Delta","United States",2003,287.43,"Base survey of 2000"
"Rice","Operating costs","Total, operating costs","dollars per planted acre","No specific size","Mississippi River Delta","United States",2004,300.93,"Base survey of 2000"
"Rice","Operating costs","Total, operating costs","dollars per planted acre","No specific size","Mississippi River Delta","United States",2005,354.24,"Base survey of 2000"
"Rice","Operating costs","Total, operating costs","dollars per planted acre","No specific size","Mississippi River Delta","United States",2006,328.94,"Base survey of 2006"
"Rice","Operating costs","Total, operating costs","dollars per planted acre","No specific size","Mississippi River Delta","United States",2007,354.61,"Base survey of 2006"
"Rice","Operating costs","Total, operating costs","dollars per planted acre","No specific size","Mississippi River Delta","United States",2008,435.13,"Base survey of 2006"
"Rice","Operating costs","Total, operating costs","dollars per planted acre","No specific size","Mississippi River Delta","United States",2009,405.38,"Base survey of 2006"
"Rice","Operating costs","Total, operating costs","dollars per planted acre","No specific size","Mississippi River Delta","United States",2010,407.64,"Base survey of 2006"
"Rice","Operating costs","Total, operating costs","dollars per planted acre","No specific size","Mississippi River Delta","United States",2011,469.3,"Base survey of 2006"
"Rice","Operating costs","Total, operating costs","dollars per planted acre","No specific size","Mississippi River Delta","United States",2012,481.74,"Base survey of 2006"
"Rice","Operating costs","Total, operating costs","dollars per planted acre","No specific size","Mississippi River Delta","United States",2013,573.63,"Base survey of 2013"
"Rice","Operating costs","Total, operating costs","dollars per planted acre","No specific size","Mississippi River Delta","United States",2014,585.42,"Base survey of 2013"
"Rice","Operating costs","Total, operating costs","dollars per planted acre","No specific size","Mississippi River Delta","United States",2015,531.62,"Base survey of 2013"
"Rice","Operating costs","Total, operating costs","dollars per planted acre","No specific size","Mississippi River Delta","United States",2016,502.18,"Base survey of 2013"
"Rice","Operating costs","Total, operating costs","dollars per planted acre","No specific size","Mississippi River Delta","United States",2017,509.35,"Base survey of 2013"
"Rice","Operating costs","Total, operating costs","dollars per planted acre","No specific size","Mississippi River Delta","United States",2018,517.52,"Base survey of 2013"
"Rice","Operating costs","Total, operating costs","dollars per planted acre","No specific size","Mississippi River Delta","United States",2019,520.7,"Base survey of 2013"
"Rice","Operating costs","Total, operating costs","dollars per planted acre","No specific size","Mississippi River Delta","United States",2020,475.18,"Base survey of 2013"
"Rice","Operating costs","Total, operating costs","dollars per planted acre","No specific size","Mississippi River Delta","United States",2021,538.49,"Base survey of 2021"
"Rice","Operating costs","Total, operating costs","dollars per planted acre","No specific size","Mississippi River Delta","United States",2022,782.42,"Base survey of 2021"
"Rice","Operating costs","Total, operating costs","dollars per planted acre","No specific size","Mississippi River Delta","United States",2023,725.5,"Base survey of 2021"
"Rice","Operating costs","Total, operating costs","dollars per planted acre","No specific size","Mississippi River Delta","United States",2024,654.23,"Base survey of 2021"
"Rice","Allocated overhead","Hired labor","dollars per planted acre","No specific size","U.S. total","United States",2000,26.28,"Base survey of 2000"
"Rice","Allocated overhead","Hired labor","dollars per planted acre","No specific size","U.S. total","United States",2001,26.13,"Base survey of 2000"
"Rice","Allocated overhead","Hired labor","dollars per planted acre","No specific size","U.S. total","United States",2002,27.67,"Base survey of 2000"
"Rice","Allocated overhead","Hired labor","dollars per planted acre","No specific size","U.S. total","United States",2003,27.96,"Base survey of 2000"
"Rice","Allocated overhead","Hired labor","dollars per planted acre","No specific size","U.S. total","United States",2004,30.04,"Base survey of 2000"
"Rice","Allocated overhead","Hired labor","dollars per planted acre","No specific size","U.S. total","United States",2005,29.81,"Base survey of 2000"
"Rice","Allocated overhead","Hired labor","dollars per planted acre","No specific size","U.S. total","United States",2006,18.42,"Base survey of 2006"
"Rice","Allocated overhead","Hired labor","dollars per planted acre","No specific size","U.S. total","United States",2007,19.21,"Base survey of 2006"
"Rice","Allocated overhead","Hired labor","dollars per planted acre","No specific size","U.S. total","United States",2008,19.52,"Base survey of 2006"
"Rice","Allocated overhead","Hired labor","dollars per planted acre","No specific size","U.S. total","United States",2009,20.08,"Base survey of 2006"
"Rice","Allocated overhead","Hired labor","dollars per planted acre","No specific size","U.S. total","United States",2010,20.23,"Base survey of 2006"
"Rice","Allocated overhead","Hired labor","dollars per planted acre","No specific size","U.S. total","United States",2011,20.45,"Base survey of 2006"
"Rice","Allocated overhead","Hired labor","dollars per planted acre","No specific size","U.S. total","United States",2012,21.44,"Base survey of 2006"
"Rice","Allocated overhead","Hired labor","dollars per planted acre","No specific size","U.S. total","United States",2013,26.83,"Base survey of 2013"
"Rice","Allocated overhead","Hired labor","dollars per planted acre","No specific size","U.S. total","United States",2014,26.81,"Base survey of 2013"
"Rice","Allocated overhead","Hired labor","dollars per planted acre","No specific size","U.S. total","United States",2015,27.88,"Base survey of 2013"
"Rice","Allocated overhead","Hired labor","dollars per planted acre","No specific size","U.S. total","United States",2016,29.04,"Base survey of 2013"
"Rice","Allocated overhead","Hired labor","dollars per planted acre","No specific size","U.S. total","United States",2017,29.6,"Base survey of 2013"
"Rice","Allocated overhead","Hired labor","dollars per planted acre","No specific size","U.S. total","United States",2018,31.49,"Base survey of 2013"
"Rice","Allocated overhead","Hired labor","dollars per planted acre","No specific size","U.S. total","United States",2019,33.3,"Base survey of 2013"
"Rice","Allocated overhead","Hired labor","dollars per planted acre","No specific size","U.S. total","United States",2020,34.41,"Base survey of 2013"
"Rice","Allocated overhead","Hired labor","dollars per planted acre","No specific size","U.S. total","United States",2021,28.3,"Base survey of 2021"
"Rice","Allocated overhead","Hired labor","dollars per planted acre","No specific size","U.S. total","United States",2022,29.3,"Base survey of 2021"
"Rice","Allocated overhead","Hired labor","dollars per planted acre","No specific size","U.S. total","United States",2023,32.76,"Base survey of 2021"
"Rice","Allocated overhead","Hired labor","dollars per planted acre","No specific size","U.S. total","United States",2024,33.39,"Base survey of 2021"
"Rice","Allocated overhead","Hired labor","dollars per planted acre","No specific size","California","United States",2000,31.79,"Base survey of 2000"
"Rice","Allocated overhead","Hired labor","dollars per planted acre","No specific size","California","United States",2001,33.57,"Base survey of 2000"
"Rice","Allocated overhead","Hired labor","dollars per planted acre","No specific size","California","United States",2002,35.35,"Base survey of 2000"
"Rice","Allocated overhead","Hired labor","dollars per planted acre","No specific size","California","United States",2003,35.82,"Base survey of 2000"
"Rice","Allocated overhead","Hired labor","dollars per planted acre","No specific size","California","United States",2004,36.09,"Base survey of 2000"
"Rice","Allocated overhead","Hired labor","dollars per planted acre","No specific size","California","United States",2005,37.79,"Base survey of 2000"
"Rice","Allocated overhead","Hired labor","dollars per planted acre","No specific size","California","United States",2006,23.72,"Base survey of 2006"
"Rice","Allocated overhead","Hired labor","dollars per planted acre","No specific size","California","United States",2007,24.55,"Base survey of 2006"
"Rice","Allocated overhead","Hired labor","dollars per planted acre","No specific size","California","United States",2008,25.38,"Base survey of 2006"
"Rice","Allocated overhead","Hired labor","dollars per planted acre","No specific size","California","United States",2009,25.94,"Base survey of 2006"
"Rice","Allocated overhead","Hired labor","dollars per planted acre","No specific size","California","United States",2010,26.22,"Base survey of 2006"
"Rice","Allocated overhead","Hired labor","dollars per planted acre","No specific size","California","United States",2011,26.49,"Base survey of 2006"
"Rice","Allocated overhead","Hired labor","dollars per planted acre","No specific size","California","United States",2012,27.43,"Base survey of 2006"
"Rice","Allocated overhead","Hired labor","dollars per planted acre","No specific size","California","United States",2013,34.88,"Base survey of 2013"
"Rice","Allocated overhead","Hired labor","dollars per planted acre","No specific size","California","United States",2014,35.54,"Base survey of 2013"
"Rice","Allocated overhead","Hired labor","dollars per planted acre","No specific size","California","United States",2015,36.82,"Base survey of 2013"
"Rice","Allocated overhead","Hired labor","dollars per planted acre","No specific size","California","United States",2016,38.14,"Base survey of 2013"
"Rice","Allocated overhead","Hired labor","dollars per planted acre","No specific size","California","United States",2017,39.19,"Base survey of 2013"
"Rice","Allocated overhead","Hired labor","dollars per planted acre","No specific size","California","United States",2018,41.56,"Base survey of 2013"
"Rice","Allocated overhead","Hired labor","dollars per planted acre","No specific size","California","United States",2019,43.83,"Base survey of 2013"
"Rice","Allocated overhead","Hired labor","dollars per planted acre","No specific size","California","United States",2020,45.48,"Base survey of 2013"
"Rice","Allocated overhead","Hired labor","dollars per planted acre","No specific size","California","United States",2021,43.49,"Base survey of 2021"
"Rice","Allocated overhead","Hired labor","dollars per planted acre","No specific size","California","United States",2022,46.71,"Base survey of 2021"
"Rice","Allocated overhead","Hired labor","dollars per planted acre","No specific size","California","United States",2023,49.27,"Base survey of 2021"
"Rice","Allocated overhead","Hired labor","dollars per planted acre","No specific size","California","United States",2024,50.91,"Base survey of 2021"
"Rice","Allocated overhead","Hired labor","dollars per planted acre","No specific size","Gulf Coast","United States",2000,26.21,"Base survey of 2000"
"Rice","Allocated overhead","Hired labor","dollars per planted acre","No specific size","Gulf Coast","United States",2001,25.72,"Base survey of 2000"
"Rice","Allocated overhead","Hired labor","dollars per planted acre","No specific size","Gulf Coast","United States",2002,26.91,"Base survey of 2000"
"Rice","Allocated overhead","Hired labor","dollars per planted acre","No specific size","Gulf Coast","United States",2003,28.68,"Base survey of 2000"
"Rice","Allocated overhead","Hired labor","dollars per planted acre","No specific size","Gulf Coast","United States",2004,29.55,"Base survey of 2000"
"Rice","Allocated overhead","Hired labor","dollars per planted acre","No specific size","Gulf Coast","United States",2005,29.77,"Base survey of 2000"
"Rice","Allocated overhead","Hired labor","dollars per planted acre","No specific size","Gulf Coast","United States",2006,9.18,"Base survey of 2006"
"Rice","Allocated overhead","Hired labor","dollars per planted acre","No specific size","Gulf Coast","United States",2007,9.5,"Base survey of 2006"
"Rice","Allocated overhead","Hired labor","dollars per planted acre","No specific size","Gulf Coast","United States",2008,9.82,"Base survey of 2006"
"Rice","Allocated overhead","Hired labor","dollars per planted acre","No specific size","Gulf Coast","United States",2009,10.04,"Base survey of 2006"
"Rice","Allocated overhead","Hired labor","dollars per planted acre","No specific size","Gulf Coast","United States",2010,10.15,"Base survey of 2006"
"Rice","Allocated overhead","Hired labor","dollars per planted acre","No specific size","Gulf Coast","United States",2011,10.25,"Base survey of 2006"
"Rice","Allocated overhead","Hired labor","dollars per planted acre","No specific size","Gulf Coast","United States",2012,10.62,"Base survey of 2006"
"Rice","Allocated overhead","Hired labor","dollars per planted acre","No specific size","Gulf Coast","United States",2013,17.64,"Base survey of 2013"
"Rice","Allocated overhead","Hired labor","dollars per planted acre","No specific size","Gulf Coast","United States",2014,17.97,"Base survey of 2013"
"Rice","Allocated overhead","Hired labor","dollars per planted acre","No specific size","Gulf Coast","United States",2015,18.62,"Base survey of 2013"
"Rice","Allocated overhead","Hired labor","dollars per planted acre","No specific size","Gulf Coast","United States",2016,19.29,"Base survey of 2013"
"Rice","Allocated overhead","Hired labor","dollars per planted acre","No specific size","Gulf Coast","United States",2017,19.82,"Base survey of 2013"
"Rice","Allocated overhead","Hired labor","dollars per planted acre","No specific size","Gulf Coast","United States",2018,21.02,"Base survey of 2013"
"Rice","Allocated overhead","Hired labor","dollars per planted acre","No specific size","Gulf Coast","United States",2019,22.17,"Base survey of 2013"
"Rice","Allocated overhead","Hired labor","dollars per planted acre","No specific size","Gulf Coast","United States",2020,23,"Base survey of 2013"
"Rice","Allocated overhead","Hired labor","dollars per planted acre","No specific size","Gulf Coast","United States",2021,16.4,"Base survey of 2021"
"Rice","Allocated overhead","Hired labor","dollars per planted acre","No specific size","Gulf Coast","United States",2022,17.64,"Base survey of 2021"
"Rice","Allocated overhead","Hired labor","dollars per planted acre","No specific size","Gulf Coast","United States",2023,18.15,"Base survey of 2021"
"Rice","Allocated overhead","Hired labor","dollars per planted acre","No specific size","Gulf Coast","United States",2024,18.73,"Base survey of 2021"
"Rice","Allocated overhead","Hired labor","dollars per planted acre","No specific size","Arkansas Non-Delta","United States",2000,22.75,"Base survey of 2000"
"Rice","Allocated overhead","Hired labor","dollars per planted acre","No specific size","Arkansas Non-Delta","United States",2001,22.53,"Base survey of 2000"
"Rice","Allocated overhead","Hired labor","dollars per planted acre","No specific size","Arkansas Non-Delta","United States",2002,23.66,"Base survey of 2000"
"Rice","Allocated overhead","Hired labor","dollars per planted acre","No specific size","Arkansas Non-Delta","United States",2003,23.06,"Base survey of 2000"
"Rice","Allocated overhead","Hired labor","dollars per planted acre","No specific size","Arkansas Non-Delta","United States",2004,26.29,"Base survey of 2000"
"Rice","Allocated overhead","Hired labor","dollars per planted acre","No specific size","Arkansas Non-Delta","United States",2005,25.75,"Base survey of 2000"
"Rice","Allocated overhead","Hired labor","dollars per planted acre","No specific size","Arkansas Non-Delta","United States",2006,19.61,"Base survey of 2006"
"Rice","Allocated overhead","Hired labor","dollars per planted acre","No specific size","Arkansas Non-Delta","United States",2007,20.3,"Base survey of 2006"
"Rice","Allocated overhead","Hired labor","dollars per planted acre","No specific size","Arkansas Non-Delta","United States",2008,20.99,"Base survey of 2006"
"Rice","Allocated overhead","Hired labor","dollars per planted acre","No specific size","Arkansas Non-Delta","United States",2009,21.44,"Base survey of 2006"
"Rice","Allocated overhead","Hired labor","dollars per planted acre","No specific size","Arkansas Non-Delta","United States",2010,21.67,"Base survey of 2006"
"Rice","Allocated overhead","Hired labor","dollars per planted acre","No specific size","Arkansas Non-Delta","United States",2011,21.9,"Base survey of 2006"
"Rice","Allocated overhead","Hired labor","dollars per planted acre","No specific size","Arkansas Non-Delta","United States",2012,22.68,"Base survey of 2006"
"Rice","Allocated overhead","Hired labor","dollars per planted acre","No specific size","Arkansas Non-Delta","United States",2013,26.9,"Base survey of 2013"
"Rice","Allocated overhead","Hired labor","dollars per planted acre","No specific size","Arkansas Non-Delta","United States",2014,27.41,"Base survey of 2013"
"Rice","Allocated overhead","Hired labor","dollars per planted acre","No specific size","Arkansas Non-Delta","United States",2015,28.4,"Base survey of 2013"
"Rice","Allocated overhead","Hired labor","dollars per planted acre","No specific size","Arkansas Non-Delta","United States",2016,29.41,"Base survey of 2013"
"Rice","Allocated overhead","Hired labor","dollars per planted acre","No specific size","Arkansas Non-Delta","United States",2017,30.22,"Base survey of 2013"
"Rice","Allocated overhead","Hired labor","dollars per planted acre","No specific size","Arkansas Non-Delta","United States",2018,32.05,"Base survey of 2013"
"Rice","Allocated overhead","Hired labor","dollars per planted acre","No specific size","Arkansas Non-Delta","United States",2019,33.8,"Base survey of 2013"
"Rice","Allocated overhead","Hired labor","dollars per planted acre","No specific size","Arkansas Non-Delta","United States",2020,35.07,"Base survey of 2013"
"Rice","Allocated overhead","Hired labor","dollars per planted acre","No specific size","Arkansas Non-Delta","United States",2021,26.38,"Base survey of 2021"
"Rice","Allocated overhead","Hired labor","dollars per planted acre","No specific size","Arkansas Non-Delta","United States",2022,28.48,"Base survey of 2021"
"Rice","Allocated overhead","Hired labor","dollars per planted acre","No specific size","Arkansas Non-Delta","United States",2023,30.03,"Base survey of 2021"
"Rice","Allocated overhead","Hired labor","dollars per planted acre","No specific size","Arkansas Non-Delta","United States",2024,30.97,"Base survey of 2021"
"Rice","Allocated overhead","Hired labor","dollars per planted acre","No specific size","Mississippi River Delta","United States",2000,26.36,"Base survey of 2000"
"Rice","Allocated overhead","Hired labor","dollars per planted acre","No specific size","Mississippi River Delta","United States",2001,26.69,"Base survey of 2000"
"Rice","Allocated overhead","Hired labor","dollars per planted acre","No specific size","Mississippi River Delta","United States",2002,28.01,"Base survey of 2000"
"Rice","Allocated overhead","Hired labor","dollars per planted acre","No specific size","Mississippi River Delta","United States",2003,28.69,"Base survey of 2000"
"Rice","Allocated overhead","Hired labor","dollars per planted acre","No specific size","Mississippi River Delta","United States",2004,30.27,"Base survey of 2000"
"Rice","Allocated overhead","Hired labor","dollars per planted acre","No specific size","Mississippi River Delta","United States",2005,29.56,"Base survey of 2000"
"Rice","Allocated overhead","Hired labor","dollars per planted acre","No specific size","Mississippi River Delta","United States",2006,19.77,"Base survey of 2006"
"Rice","Allocated overhead","Hired labor","dollars per planted acre","No specific size","Mississippi River Delta","United States",2007,20.46,"Base survey of 2006"
"Rice","Allocated overhead","Hired labor","dollars per planted acre","No specific size","Mississippi River Delta","United States",2008,21.16,"Base survey of 2006"
"Rice","Allocated overhead","Hired labor","dollars per planted acre","No specific size","Mississippi River Delta","United States",2009,21.62,"Base survey of 2006"
"Rice","Allocated overhead","Hired labor","dollars per planted acre","No specific size","Mississippi River Delta","United States",2010,21.85,"Base survey of 2006"
"Rice","Allocated overhead","Hired labor","dollars per planted acre","No specific size","Mississippi River Delta","United States",2011,22.08,"Base survey of 2006"
"Rice","Allocated overhead","Hired labor","dollars per planted acre","No specific size","Mississippi River Delta","United States",2012,22.86,"Base survey of 2006"
"Rice","Allocated overhead","Hired labor","dollars per planted acre","No specific size","Mississippi River Delta","United States",2013,27.14,"Base survey of 2013"
"Rice","Allocated overhead","Hired labor","dollars per planted acre","No specific size","Mississippi River Delta","United States",2014,27.65,"Base survey of 2013"
"Rice","Allocated overhead","Hired labor","dollars per planted acre","No specific size","Mississippi River Delta","United States",2015,28.65,"Base survey of 2013"
"Rice","Allocated overhead","Hired labor","dollars per planted acre","No specific size","Mississippi River Delta","United States",2016,29.67,"Base survey of 2013"
"Rice","Allocated overhead","Hired labor","dollars per planted acre","No specific size","Mississippi River Delta","United States",2017,30.49,"Base survey of 2013"
"Rice","Allocated overhead","Hired labor","dollars per planted acre","No specific size","Mississippi River Delta","United States",2018,32.34,"Base survey of 2013"
"Rice","Allocated overhead","Hired labor","dollars per planted acre","No specific size","Mississippi River Delta","United States",2019,34.1,"Base survey of 2013"
"Rice","Allocated overhead","Hired labor","dollars per planted acre","No specific size","Mississippi River Delta","United States",2020,35.38,"Base survey of 2013"
"Rice","Allocated overhead","Hired labor","dollars per planted acre","No specific size","Mississippi River Delta","United States",2021,38,"Base survey of 2021"
"Rice","Allocated overhead","Hired labor","dollars per planted acre","No specific size","Mississippi River Delta","United States",2022,41.27,"Base survey of 2021"
"Rice","Allocated overhead","Hired labor","dollars per planted acre","No specific size","Mississippi River Delta","United States",2023,43.16,"Base survey of 2021"
"Rice","Allocated overhead","Hired labor","dollars per planted acre","No specific size","Mississippi River Delta","United States",2024,43.12,"Base survey of 2021"
"Rice","Allocated overhead","Opportunity cost of unpaid labor","dollars per planted acre","No specific size","U.S. total","United States",2000,43.55,"Base survey of 2000"
"Rice","Allocated overhead","Opportunity cost of unpaid labor","dollars per planted acre","No specific size","U.S. total","United States",2001,43.9,"Base survey of 2000"
"Rice","Allocated overhead","Opportunity cost of unpaid labor","dollars per planted acre","No specific size","U.S. total","United States",2002,46.93,"Base survey of 2000"
"Rice","Allocated overhead","Opportunity cost of unpaid labor","dollars per planted acre","No specific size","U.S. total","United States",2003,47.24,"Base survey of 2000"
"Rice","Allocated overhead","Opportunity cost of unpaid labor","dollars per planted acre","No specific size","U.S. total","United States",2004,47.87,"Base survey of 2000"
"Rice","Allocated overhead","Opportunity cost of unpaid labor","dollars per planted acre","No specific size","U.S. total","United States",2005,48.08,"Base survey of 2000"
"Rice","Allocated overhead","Opportunity cost of unpaid labor","dollars per planted acre","No specific size","U.S. total","United States",2006,41.23,"Base survey of 2006"
"Rice","Allocated overhead","Opportunity cost of unpaid labor","dollars per planted acre","No specific size","U.S. total","United States",2007,43.34,"Base survey of 2006"
"Rice","Allocated overhead","Opportunity cost of unpaid labor","dollars per planted acre","No specific size","U.S. total","United States",2008,44.4,"Base survey of 2006"
"Rice","Allocated overhead","Opportunity cost of unpaid labor","dollars per planted acre","No specific size","U.S. total","United States",2009,45.42,"Base survey of 2006"
"Rice","Allocated overhead","Opportunity cost of unpaid labor","dollars per planted acre","No specific size","U.S. total","United States",2010,44.95,"Base survey of 2006"
"Rice","Allocated overhead","Opportunity cost of unpaid labor","dollars per planted acre","No specific size","U.S. total","United States",2011,48.1,"Base survey of 2006"
"Rice","Allocated overhead","Opportunity cost of unpaid labor","dollars per planted acre","No specific size","U.S. total","United States",2012,49.18,"Base survey of 2006"
"Rice","Allocated overhead","Opportunity cost of unpaid labor","dollars per planted acre","No specific size","U.S. total","United States",2013,66.62,"Base survey of 2013"
"Rice","Allocated overhead","Opportunity cost of unpaid labor","dollars per planted acre","No specific size","U.S. total","United States",2014,66.21,"Base survey of 2013"
"Rice","Allocated overhead","Opportunity cost of unpaid labor","dollars per planted acre","No specific size","U.S. total","United States",2015,69.09,"Base survey of 2013"
"Rice","Allocated overhead","Opportunity cost of unpaid labor","dollars per planted acre","No specific size","U.S. total","United States",2016,71.46,"Base survey of 2013"
"Rice","Allocated overhead","Opportunity cost of unpaid labor","dollars per planted acre","No specific size","U.S. total","United States",2017,74.65,"Base survey of 2013"
"Rice","Allocated overhead","Opportunity cost of unpaid labor","dollars per planted acre","No specific size","U.S. total","United States",2018,78.57,"Base survey of 2013"
"Rice","Allocated overhead","Opportunity cost of unpaid labor","dollars per planted acre","No specific size","U.S. total","United States",2019,83.79,"Base survey of 2013"
"Rice","Allocated overhead","Opportunity cost of unpaid labor","dollars per planted acre","No specific size","U.S. total","United States",2020,85.84,"Base survey of 2013"
"Rice","Allocated overhead","Opportunity cost of unpaid labor","dollars per planted acre","No specific size","U.S. total","United States",2021,34.22,"Base survey of 2021"
"Rice","Allocated overhead","Opportunity cost of unpaid labor","dollars per planted acre","No specific size","U.S. total","United States",2022,35.16,"Base survey of 2021"
"Rice","Allocated overhead","Opportunity cost of unpaid labor","dollars per planted acre","No specific size","U.S. total","United States",2023,38.7,"Base survey of 2021"
"Rice","Allocated overhead","Opportunity cost of unpaid labor","dollars per planted acre","No specific size","U.S. total","United States",2024,38.55,"Base survey of 2021"
"Rice","Allocated overhead","Opportunity cost of unpaid labor","dollars per planted acre","No specific size","California","United States",2000,56.71,"Base survey of 2000"
"Rice","Allocated overhead","Opportunity cost of unpaid labor","dollars per planted acre","No specific size","California","United States",2001,58.58,"Base survey of 2000"
"Rice","Allocated overhead","Opportunity cost of unpaid labor","dollars per planted acre","No specific size","California","United States",2002,59.26,"Base survey of 2000"
"Rice","Allocated overhead","Opportunity cost of unpaid labor","dollars per planted acre","No specific size","California","United States",2003,59.9,"Base survey of 2000"
"Rice","Allocated overhead","Opportunity cost of unpaid labor","dollars per planted acre","No specific size","California","United States",2004,61.09,"Base survey of 2000"
"Rice","Allocated overhead","Opportunity cost of unpaid labor","dollars per planted acre","No specific size","California","United States",2005,62.48,"Base survey of 2000"
"Rice","Allocated overhead","Opportunity cost of unpaid labor","dollars per planted acre","No specific size","California","United States",2006,65.18,"Base survey of 2006"
"Rice","Allocated overhead","Opportunity cost of unpaid labor","dollars per planted acre","No specific size","California","United States",2007,67.47,"Base survey of 2006"
"Rice","Allocated overhead","Opportunity cost of unpaid labor","dollars per planted acre","No specific size","California","United States",2008,69.75,"Base survey of 2006"
"Rice","Allocated overhead","Opportunity cost of unpaid labor","dollars per planted acre","No specific size","California","United States",2009,71.28,"Base survey of 2006"
"Rice","Allocated overhead","Opportunity cost of unpaid labor","dollars per planted acre","No specific size","California","United States",2010,72.04,"Base survey of 2006"
"Rice","Allocated overhead","Opportunity cost of unpaid labor","dollars per planted acre","No specific size","California","United States",2011,72.8,"Base survey of 2006"
"Rice","Allocated overhead","Opportunity cost of unpaid labor","dollars per planted acre","No specific size","California","United States",2012,75.38,"Base survey of 2006"
"Rice","Allocated overhead","Opportunity cost of unpaid labor","dollars per planted acre","No specific size","California","United States",2013,77.24,"Base survey of 2013"
"Rice","Allocated overhead","Opportunity cost of unpaid labor","dollars per planted acre","No specific size","California","United States",2014,78.7,"Base survey of 2013"
"Rice","Allocated overhead","Opportunity cost of unpaid labor","dollars per planted acre","No specific size","California","United States",2015,81.54,"Base survey of 2013"
"Rice","Allocated overhead","Opportunity cost of unpaid labor","dollars per planted acre","No specific size","California","United States",2016,84.45,"Base survey of 2013"
"Rice","Allocated overhead","Opportunity cost of unpaid labor","dollars per planted acre","No specific size","California","United States",2017,86.79,"Base survey of 2013"
"Rice","Allocated overhead","Opportunity cost of unpaid labor","dollars per planted acre","No specific size","California","United States",2018,92.03,"Base survey of 2013"
"Rice","Allocated overhead","Opportunity cost of unpaid labor","dollars per planted acre","No specific size","California","United States",2019,97.06,"Base survey of 2013"
"Rice","Allocated overhead","Opportunity cost of unpaid labor","dollars per planted acre","No specific size","California","United States",2020,100.7,"Base survey of 2013"
"Rice","Allocated overhead","Opportunity cost of unpaid labor","dollars per planted acre","No specific size","California","United States",2021,76.5,"Base survey of 2021"
"Rice","Allocated overhead","Opportunity cost of unpaid labor","dollars per planted acre","No specific size","California","United States",2022,82.16,"Base survey of 2021"
"Rice","Allocated overhead","Opportunity cost of unpaid labor","dollars per planted acre","No specific size","California","United States",2023,86.66,"Base survey of 2021"
"Rice","Allocated overhead","Opportunity cost of unpaid labor","dollars per planted acre","No specific size","California","United States",2024,89.54,"Base survey of 2021"
"Rice","Allocated overhead","Opportunity cost of unpaid labor","dollars per planted acre","No specific size","Gulf Coast","United States",2000,57.1,"Base survey of 2000"
"Rice","Allocated overhead","Opportunity cost of unpaid labor","dollars per planted acre","No specific size","Gulf Coast","United States",2001,57.97,"Base survey of 2000"
"Rice","Allocated overhead","Opportunity cost of unpaid labor","dollars per planted acre","No specific size","Gulf Coast","United States",2002,62.74,"Base survey of 2000"
"Rice","Allocated overhead","Opportunity cost of unpaid labor","dollars per planted acre","No specific size","Gulf Coast","United States",2003,62.46,"Base survey of 2000"
"Rice","Allocated overhead","Opportunity cost of unpaid labor","dollars per planted acre","No specific size","Gulf Coast","United States",2004,61.54,"Base survey of 2000"
"Rice","Allocated overhead","Opportunity cost of unpaid labor","dollars per planted acre","No specific size","Gulf Coast","United States",2005,63.54,"Base survey of 2000"
"Rice","Allocated overhead","Opportunity cost of unpaid labor","dollars per planted acre","No specific size","Gulf Coast","United States",2006,46.55,"Base survey of 2006"
"Rice","Allocated overhead","Opportunity cost of unpaid labor","dollars per planted acre","No specific size","Gulf Coast","United States",2007,48.18,"Base survey of 2006"
"Rice","Allocated overhead","Opportunity cost of unpaid labor","dollars per planted acre","No specific size","Gulf Coast","United States",2008,49.82,"Base survey of 2006"
"Rice","Allocated overhead","Opportunity cost of unpaid labor","dollars per planted acre","No specific size","Gulf Coast","United States",2009,50.91,"Base survey of 2006"
"Rice","Allocated overhead","Opportunity cost of unpaid labor","dollars per planted acre","No specific size","Gulf Coast","United States",2010,51.45,"Base survey of 2006"
"Rice","Allocated overhead","Opportunity cost of unpaid labor","dollars per planted acre","No specific size","Gulf Coast","United States",2011,51.99,"Base survey of 2006"
"Rice","Allocated overhead","Opportunity cost of unpaid labor","dollars per planted acre","No specific size","Gulf Coast","United States",2012,53.83,"Base survey of 2006"
"Rice","Allocated overhead","Opportunity cost of unpaid labor","dollars per planted acre","No specific size","Gulf Coast","United States",2013,82.15,"Base survey of 2013"
"Rice","Allocated overhead","Opportunity cost of unpaid labor","dollars per planted acre","No specific size","Gulf Coast","United States",2014,83.7,"Base survey of 2013"
"Rice","Allocated overhead","Opportunity cost of unpaid labor","dollars per planted acre","No specific size","Gulf Coast","United States",2015,86.72,"Base survey of 2013"
"Rice","Allocated overhead","Opportunity cost of unpaid labor","dollars per planted acre","No specific size","Gulf Coast","United States",2016,89.82,"Base survey of 2013"
"Rice","Allocated overhead","Opportunity cost of unpaid labor","dollars per planted acre","No specific size","Gulf Coast","United States",2017,92.3,"Base survey of 2013"
"Rice","Allocated overhead","Opportunity cost of unpaid labor","dollars per planted acre","No specific size","Gulf Coast","United States",2018,97.88,"Base survey of 2013"
"Rice","Allocated overhead","Opportunity cost of unpaid labor","dollars per planted acre","No specific size","Gulf Coast","United States",2019,103.23,"Base survey of 2013"
"Rice","Allocated overhead","Opportunity cost of unpaid labor","dollars per planted acre","No specific size","Gulf Coast","United States",2020,107.11,"Base survey of 2013"
"Rice","Allocated overhead","Opportunity cost of unpaid labor","dollars per planted acre","No specific size","Gulf Coast","United States",2021,50.35,"Base survey of 2021"
"Rice","Allocated overhead","Opportunity cost of unpaid labor","dollars per planted acre","No specific size","Gulf Coast","United States",2022,54.12,"Base survey of 2021"
"Rice","Allocated overhead","Opportunity cost of unpaid labor","dollars per planted acre","No specific size","Gulf Coast","United States",2023,56.22,"Base survey of 2021"
"Rice","Allocated overhead","Opportunity cost of unpaid labor","dollars per planted acre","No specific size","Gulf Coast","United States",2024,58.05,"Base survey of 2021"
"Rice","Allocated overhead","Opportunity cost of unpaid labor","dollars per planted acre","No specific size","Arkansas Non-Delta","United States",2000,44.33,"Base survey of 2000"
"Rice","Allocated overhead","Opportunity cost of unpaid labor","dollars per planted acre","No specific size","Arkansas Non-Delta","United States",2001,45.85,"Base survey of 2000"
"Rice","Allocated overhead","Opportunity cost of unpaid labor","dollars per planted acre","No specific size","Arkansas Non-Delta","United States",2002,49.21,"Base survey of 2000"
"Rice","Allocated overhead","Opportunity cost of unpaid labor","dollars per planted acre","No specific size","Arkansas Non-Delta","United States",2003,50.14,"Base survey of 2000"
"Rice","Allocated overhead","Opportunity cost of unpaid labor","dollars per planted acre","No specific size","Arkansas Non-Delta","United States",2004,49.91,"Base survey of 2000"
"Rice","Allocated overhead","Opportunity cost of unpaid labor","dollars per planted acre","No specific size","Arkansas Non-Delta","United States",2005,50.73,"Base survey of 2000"
"Rice","Allocated overhead","Opportunity cost of unpaid labor","dollars per planted acre","No specific size","Arkansas Non-Delta","United States",2006,35.32,"Base survey of 2006"
"Rice","Allocated overhead","Opportunity cost of unpaid labor","dollars per planted acre","No specific size","Arkansas Non-Delta","United States",2007,36.56,"Base survey of 2006"
"Rice","Allocated overhead","Opportunity cost of unpaid labor","dollars per planted acre","No specific size","Arkansas Non-Delta","United States",2008,37.8,"Base survey of 2006"
"Rice","Allocated overhead","Opportunity cost of unpaid labor","dollars per planted acre","No specific size","Arkansas Non-Delta","United States",2009,38.62,"Base survey of 2006"
"Rice","Allocated overhead","Opportunity cost of unpaid labor","dollars per planted acre","No specific size","Arkansas Non-Delta","United States",2010,39.04,"Base survey of 2006"
"Rice","Allocated overhead","Opportunity cost of unpaid labor","dollars per planted acre","No specific size","Arkansas Non-Delta","United States",2011,39.45,"Base survey of 2006"
"Rice","Allocated overhead","Opportunity cost of unpaid labor","dollars per planted acre","No specific size","Arkansas Non-Delta","United States",2012,40.85,"Base survey of 2006"
"Rice","Allocated overhead","Opportunity cost of unpaid labor","dollars per planted acre","No specific size","Arkansas Non-Delta","United States",2013,64.05,"Base survey of 2013"
"Rice","Allocated overhead","Opportunity cost of unpaid labor","dollars per planted acre","No specific size","Arkansas Non-Delta","United States",2014,65.26,"Base survey of 2013"
"Rice","Allocated overhead","Opportunity cost of unpaid labor","dollars per planted acre","No specific size","Arkansas Non-Delta","United States",2015,67.62,"Base survey of 2013"
"Rice","Allocated overhead","Opportunity cost of unpaid labor","dollars per planted acre","No specific size","Arkansas Non-Delta","United States",2016,70.03,"Base survey of 2013"
"Rice","Allocated overhead","Opportunity cost of unpaid labor","dollars per planted acre","No specific size","Arkansas Non-Delta","United States",2017,71.97,"Base survey of 2013"
"Rice","Allocated overhead","Opportunity cost of unpaid labor","dollars per planted acre","No specific size","Arkansas Non-Delta","United States",2018,76.32,"Base survey of 2013"
"Rice","Allocated overhead","Opportunity cost of unpaid labor","dollars per planted acre","No specific size","Arkansas Non-Delta","United States",2019,80.49,"Base survey of 2013"
"Rice","Allocated overhead","Opportunity cost of unpaid labor","dollars per planted acre","No specific size","Arkansas Non-Delta","United States",2020,83.51,"Base survey of 2013"
"Rice","Allocated overhead","Opportunity cost of unpaid labor","dollars per planted acre","No specific size","Arkansas Non-Delta","United States",2021,17.25,"Base survey of 2021"
"Rice","Allocated overhead","Opportunity cost of unpaid labor","dollars per planted acre","No specific size","Arkansas Non-Delta","United States",2022,18.51,"Base survey of 2021"
"Rice","Allocated overhead","Opportunity cost of unpaid labor","dollars per planted acre","No specific size","Arkansas Non-Delta","United States",2023,19.53,"Base survey of 2021"
"Rice","Allocated overhead","Opportunity cost of unpaid labor","dollars per planted acre","No specific size","Arkansas Non-Delta","United States",2024,20.18,"Base survey of 2021"
"Rice","Allocated overhead","Opportunity cost of unpaid labor","dollars per planted acre","No specific size","Mississippi River Delta","United States",2000,14.84,"Base survey of 2000"
"Rice","Allocated overhead","Opportunity cost of unpaid labor","dollars per planted acre","No specific size","Mississippi River Delta","United States",2001,15.33,"Base survey of 2000"
"Rice","Allocated overhead","Opportunity cost of unpaid labor","dollars per planted acre","No specific size","Mississippi River Delta","United States",2002,16.01,"Base survey of 2000"
"Rice","Allocated overhead","Opportunity cost of unpaid labor","dollars per planted acre","No specific size","Mississippi River Delta","United States",2003,16.48,"Base survey of 2000"
"Rice","Allocated overhead","Opportunity cost of unpaid labor","dollars per planted acre","No specific size","Mississippi River Delta","United States",2004,16.62,"Base survey of 2000"
"Rice","Allocated overhead","Opportunity cost of unpaid labor","dollars per planted acre","No specific size","Mississippi River Delta","United States",2005,16.86,"Base survey of 2000"
"Rice","Allocated overhead","Opportunity cost of unpaid labor","dollars per planted acre","No specific size","Mississippi River Delta","United States",2006,28.94,"Base survey of 2006"
"Rice","Allocated overhead","Opportunity cost of unpaid labor","dollars per planted acre","No specific size","Mississippi River Delta","United States",2007,29.96,"Base survey of 2006"
"Rice","Allocated overhead","Opportunity cost of unpaid labor","dollars per planted acre","No specific size","Mississippi River Delta","United States",2008,30.97,"Base survey of 2006"
"Rice","Allocated overhead","Opportunity cost of unpaid labor","dollars per planted acre","No specific size","Mississippi River Delta","United States",2009,31.65,"Base survey of 2006"
"Rice","Allocated overhead","Opportunity cost of unpaid labor","dollars per planted acre","No specific size","Mississippi River Delta","United States",2010,31.99,"Base survey of 2006"
"Rice","Allocated overhead","Opportunity cost of unpaid labor","dollars per planted acre","No specific size","Mississippi River Delta","United States",2011,32.32,"Base survey of 2006"
"Rice","Allocated overhead","Opportunity cost of unpaid labor","dollars per planted acre","No specific size","Mississippi River Delta","United States",2012,33.47,"Base survey of 2006"
"Rice","Allocated overhead","Opportunity cost of unpaid labor","dollars per planted acre","No specific size","Mississippi River Delta","United States",2013,41.04,"Base survey of 2013"
"Rice","Allocated overhead","Opportunity cost of unpaid labor","dollars per planted acre","No specific size","Mississippi River Delta","United States",2014,41.81,"Base survey of 2013"
"Rice","Allocated overhead","Opportunity cost of unpaid labor","dollars per planted acre","No specific size","Mississippi River Delta","United States",2015,43.32,"Base survey of 2013"
"Rice","Allocated overhead","Opportunity cost of unpaid labor","dollars per planted acre","No specific size","Mississippi River Delta","United States",2016,44.87,"Base survey of 2013"
"Rice","Allocated overhead","Opportunity cost of unpaid labor","dollars per planted acre","No specific size","Mississippi River Delta","United States",2017,46.11,"Base survey of 2013"
"Rice","Allocated overhead","Opportunity cost of unpaid labor","dollars per planted acre","No specific size","Mississippi River Delta","United States",2018,48.9,"Base survey of 2013"
"Rice","Allocated overhead","Opportunity cost of unpaid labor","dollars per planted acre","No specific size","Mississippi River Delta","United States",2019,51.57,"Base survey of 2013"
"Rice","Allocated overhead","Opportunity cost of unpaid labor","dollars per planted acre","No specific size","Mississippi River Delta","United States",2020,53.51,"Base survey of 2013"
"Rice","Allocated overhead","Opportunity cost of unpaid labor","dollars per planted acre","No specific size","Mississippi River Delta","United States",2021,13.34,"Base survey of 2021"
"Rice","Allocated overhead","Opportunity cost of unpaid labor","dollars per planted acre","No specific size","Mississippi River Delta","United States",2022,14.64,"Base survey of 2021"
"Rice","Allocated overhead","Opportunity cost of unpaid labor","dollars per planted acre","No specific size","Mississippi River Delta","United States",2023,15.19,"Base survey of 2021"
"Rice","Allocated overhead","Opportunity cost of unpaid labor","dollars per planted acre","No specific size","Mississippi River Delta","United States",2024,14.69,"Base survey of 2021"
"Rice","Allocated overhead","Capital recovery of machinery and equipment","dollars per planted acre","No specific size","U.S. total","United States",2000,79.42,"Base survey of 2000"
"Rice","Allocated overhead","Capital recovery of machinery and equipment","dollars per planted acre","No specific size","U.S. total","United States",2001,82.09,"Base survey of 2000"
"Rice","Allocated overhead","Capital recovery of machinery and equipment","dollars per planted acre","No specific size","U.S. total","United States",2002,84.64,"Base survey of 2000"
"Rice","Allocated overhead","Capital recovery of machinery and equipment","dollars per planted acre","No specific size","U.S. total","United States",2003,85.26,"Base survey of 2000"
"Rice","Allocated overhead","Capital recovery of machinery and equipment","dollars per planted acre","No specific size","U.S. total","United States",2004,90.99,"Base survey of 2000"
"Rice","Allocated overhead","Capital recovery of machinery and equipment","dollars per planted acre","No specific size","U.S. total","United States",2005,94.77,"Base survey of 2000"
"Rice","Allocated overhead","Capital recovery of machinery and equipment","dollars per planted acre","No specific size","U.S. total","United States",2006,96.8,"Base survey of 2006"
"Rice","Allocated overhead","Capital recovery of machinery and equipment","dollars per planted acre","No specific size","U.S. total","United States",2007,101.52,"Base survey of 2006"
"Rice","Allocated overhead","Capital recovery of machinery and equipment","dollars per planted acre","No specific size","U.S. total","United States",2008,110.87,"Base survey of 2006"
"Rice","Allocated overhead","Capital recovery of machinery and equipment","dollars per planted acre","No specific size","U.S. total","United States",2009,117.81,"Base survey of 2006"
"Rice","Allocated overhead","Capital recovery of machinery and equipment","dollars per planted acre","No specific size","U.S. total","United States",2010,121.87,"Base survey of 2006"
"Rice","Allocated overhead","Capital recovery of machinery and equipment","dollars per planted acre","No specific size","U.S. total","United States",2011,129.82,"Base survey of 2006"
"Rice","Allocated overhead","Capital recovery of machinery and equipment","dollars per planted acre","No specific size","U.S. total","United States",2012,136.45,"Base survey of 2006"
"Rice","Allocated overhead","Capital recovery of machinery and equipment","dollars per planted acre","No specific size","U.S. total","United States",2013,119.65,"Base survey of 2013"
"Rice","Allocated overhead","Capital recovery of machinery and equipment","dollars per planted acre","No specific size","U.S. total","United States",2014,127.59,"Base survey of 2013"
"Rice","Allocated overhead","Capital recovery of machinery and equipment","dollars per planted acre","No specific size","U.S. total","United States",2015,129.87,"Base survey of 2013"
"Rice","Allocated overhead","Capital recovery of machinery and equipment","dollars per planted acre","No specific size","U.S. total","United States",2016,130.48,"Base survey of 2013"
"Rice","Allocated overhead","Capital recovery of machinery and equipment","dollars per planted acre","No specific size","U.S. total","United States",2017,132.7,"Base survey of 2013"
"Rice","Allocated overhead","Capital recovery of machinery and equipment","dollars per planted acre","No specific size","U.S. total","United States",2018,135.61,"Base survey of 2013"
"Rice","Allocated overhead","Capital recovery of machinery and equipment","dollars per planted acre","No specific size","U.S. total","United States",2019,139,"Base survey of 2013"
"Rice","Allocated overhead","Capital recovery of machinery and equipment","dollars per planted acre","No specific size","U.S. total","United States",2020,141.05,"Base survey of 2013"
"Rice","Allocated overhead","Capital recovery of machinery and equipment","dollars per planted acre","No specific size","U.S. total","United States",2021,175.77,"Base survey of 2021"
"Rice","Allocated overhead","Capital recovery of machinery and equipment","dollars per planted acre","No specific size","U.S. total","United States",2022,183.72,"Base survey of 2021"
"Rice","Allocated overhead","Capital recovery of machinery and equipment","dollars per planted acre","No specific size","U.S. total","United States",2023,197.71,"Base survey of 2021"
"Rice","Allocated overhead","Capital recovery of machinery and equipment","dollars per planted acre","No specific size","U.S. total","United States",2024,206.28,"Base survey of 2021"
"Rice","Allocated overhead","Capital recovery of machinery and equipment","dollars per planted acre","No specific size","California","United States",2000,76.85,"Base survey of 2000"
"Rice","Allocated overhead","Capital recovery of machinery and equipment","dollars per planted acre","No specific size","California","United States",2001,81.53,"Base survey of 2000"
"Rice","Allocated overhead","Capital recovery of machinery and equipment","dollars per planted acre","No specific size","California","United States",2002,82.75,"Base survey of 2000"
"Rice","Allocated overhead","Capital recovery of machinery and equipment","dollars per planted acre","No specific size","California","United States",2003,88.78,"Base survey of 2000"
"Rice","Allocated overhead","Capital recovery of machinery and equipment","dollars per planted acre","No specific size","California","United States",2004,92.26,"Base survey of 2000"
"Rice","Allocated overhead","Capital recovery of machinery and equipment","dollars per planted acre","No specific size","California","United States",2005,94.75,"Base survey of 2000"
"Rice","Allocated overhead","Capital recovery of machinery and equipment","dollars per planted acre","No specific size","California","United States",2006,101.22,"Base survey of 2006"
"Rice","Allocated overhead","Capital recovery of machinery and equipment","dollars per planted acre","No specific size","California","United States",2007,106.23,"Base survey of 2006"
"Rice","Allocated overhead","Capital recovery of machinery and equipment","dollars per planted acre","No specific size","California","United States",2008,116.24,"Base survey of 2006"
"Rice","Allocated overhead","Capital recovery of machinery and equipment","dollars per planted acre","No specific size","California","United States",2009,123.47,"Base survey of 2006"
"Rice","Allocated overhead","Capital recovery of machinery and equipment","dollars per planted acre","No specific size","California","United States",2010,127.92,"Base survey of 2006"
"Rice","Allocated overhead","Capital recovery of machinery and equipment","dollars per planted acre","No specific size","California","United States",2011,135.7,"Base survey of 2006"
"Rice","Allocated overhead","Capital recovery of machinery and equipment","dollars per planted acre","No specific size","California","United States",2012,142.49,"Base survey of 2006"
"Rice","Allocated overhead","Capital recovery of machinery and equipment","dollars per planted acre","No specific size","California","United States",2013,89.83,"Base survey of 2013"
"Rice","Allocated overhead","Capital recovery of machinery and equipment","dollars per planted acre","No specific size","California","United States",2014,93.16,"Base survey of 2013"
"Rice","Allocated overhead","Capital recovery of machinery and equipment","dollars per planted acre","No specific size","California","United States",2015,95.32,"Base survey of 2013"
"Rice","Allocated overhead","Capital recovery of machinery and equipment","dollars per planted acre","No specific size","California","United States",2016,95.99,"Base survey of 2013"
"Rice","Allocated overhead","Capital recovery of machinery and equipment","dollars per planted acre","No specific size","California","United States",2017,98.06,"Base survey of 2013"
"Rice","Allocated overhead","Capital recovery of machinery and equipment","dollars per planted acre","No specific size","California","United States",2018,103.97,"Base survey of 2013"
"Rice","Allocated overhead","Capital recovery of machinery and equipment","dollars per planted acre","No specific size","California","United States",2019,102.56,"Base survey of 2013"
"Rice","Allocated overhead","Capital recovery of machinery and equipment","dollars per planted acre","No specific size","California","United States",2020,103.8,"Base survey of 2013"
"Rice","Allocated overhead","Capital recovery of machinery and equipment","dollars per planted acre","No specific size","California","United States",2021,166.58,"Base survey of 2021"
"Rice","Allocated overhead","Capital recovery of machinery and equipment","dollars per planted acre","No specific size","California","United States",2022,174.59,"Base survey of 2021"
"Rice","Allocated overhead","Capital recovery of machinery and equipment","dollars per planted acre","No specific size","California","United States",2023,186.38,"Base survey of 2021"
"Rice","Allocated overhead","Capital recovery of machinery and equipment","dollars per planted acre","No specific size","California","United States",2024,194.39,"Base survey of 2021"
"Rice","Allocated overhead","Capital recovery of machinery and equipment","dollars per planted acre","No specific size","Gulf Coast","United States",2000,86.1,"Base survey of 2000"
"Rice","Allocated overhead","Capital recovery of machinery and equipment","dollars per planted acre","No specific size","Gulf Coast","United States",2001,88.42,"Base survey of 2000"
"Rice","Allocated overhead","Capital recovery of machinery and equipment","dollars per planted acre","No specific size","Gulf Coast","United States",2002,91.19,"Base survey of 2000"
"Rice","Allocated overhead","Capital recovery of machinery and equipment","dollars per planted acre","No specific size","Gulf Coast","United States",2003,90.89,"Base survey of 2000"
"Rice","Allocated overhead","Capital recovery of machinery and equipment","dollars per planted acre","No specific size","Gulf Coast","United States",2004,96.69,"Base survey of 2000"
"Rice","Allocated overhead","Capital recovery of machinery and equipment","dollars per planted acre","No specific size","Gulf Coast","United States",2005,102.59,"Base survey of 2000"
"Rice","Allocated overhead","Capital recovery of machinery and equipment","dollars per planted acre","No specific size","Gulf Coast","United States",2006,95.13,"Base survey of 2006"
"Rice","Allocated overhead","Capital recovery of machinery and equipment","dollars per planted acre","No specific size","Gulf Coast","United States",2007,99.83,"Base survey of 2006"
"Rice","Allocated overhead","Capital recovery of machinery and equipment","dollars per planted acre","No specific size","Gulf Coast","United States",2008,109.24,"Base survey of 2006"
"Rice","Allocated overhead","Capital recovery of machinery and equipment","dollars per planted acre","No specific size","Gulf Coast","United States",2009,116.04,"Base survey of 2006"
"Rice","Allocated overhead","Capital recovery of machinery and equipment","dollars per planted acre","No specific size","Gulf Coast","United States",2010,120.22,"Base survey of 2006"
"Rice","Allocated overhead","Capital recovery of machinery and equipment","dollars per planted acre","No specific size","Gulf Coast","United States",2011,127.54,"Base survey of 2006"
"Rice","Allocated overhead","Capital recovery of machinery and equipment","dollars per planted acre","No specific size","Gulf Coast","United States",2012,133.91,"Base survey of 2006"
"Rice","Allocated overhead","Capital recovery of machinery and equipment","dollars per planted acre","No specific size","Gulf Coast","United States",2013,123.32,"Base survey of 2013"
"Rice","Allocated overhead","Capital recovery of machinery and equipment","dollars per planted acre","No specific size","Gulf Coast","United States",2014,127.89,"Base survey of 2013"
"Rice","Allocated overhead","Capital recovery of machinery and equipment","dollars per planted acre","No specific size","Gulf Coast","United States",2015,130.86,"Base survey of 2013"
"Rice","Allocated overhead","Capital recovery of machinery and equipment","dollars per planted acre","No specific size","Gulf Coast","United States",2016,131.77,"Base survey of 2013"
"Rice","Allocated overhead","Capital recovery of machinery and equipment","dollars per planted acre","No specific size","Gulf Coast","United States",2017,134.62,"Base survey of 2013"
"Rice","Allocated overhead","Capital recovery of machinery and equipment","dollars per planted acre","No specific size","Gulf Coast","United States",2018,142.73,"Base survey of 2013"
"Rice","Allocated overhead","Capital recovery of machinery and equipment","dollars per planted acre","No specific size","Gulf Coast","United States",2019,140.79,"Base survey of 2013"
"Rice","Allocated overhead","Capital recovery of machinery and equipment","dollars per planted acre","No specific size","Gulf Coast","United States",2020,142.5,"Base survey of 2013"
"Rice","Allocated overhead","Capital recovery of machinery and equipment","dollars per planted acre","No specific size","Gulf Coast","United States",2021,148.12,"Base survey of 2021"
"Rice","Allocated overhead","Capital recovery of machinery and equipment","dollars per planted acre","No specific size","Gulf Coast","United States",2022,155.16,"Base survey of 2021"
"Rice","Allocated overhead","Capital recovery of machinery and equipment","dollars per planted acre","No specific size","Gulf Coast","United States",2023,167.1,"Base survey of 2021"
"Rice","Allocated overhead","Capital recovery of machinery and equipment","dollars per planted acre","No specific size","Gulf Coast","United States",2024,174.35,"Base survey of 2021"
"Rice","Allocated overhead","Capital recovery of machinery and equipment","dollars per planted acre","No specific size","Arkansas Non-Delta","United States",2000,78.66,"Base survey of 2000"
"Rice","Allocated overhead","Capital recovery of machinery and equipment","dollars per planted acre","No specific size","Arkansas Non-Delta","United States",2001,80.85,"Base survey of 2000"
"Rice","Allocated overhead","Capital recovery of machinery and equipment","dollars per planted acre","No specific size","Arkansas Non-Delta","United States",2002,83.91,"Base survey of 2000"
"Rice","Allocated overhead","Capital recovery of machinery and equipment","dollars per planted acre","No specific size","Arkansas Non-Delta","United States",2003,83.35,"Base survey of 2000"
"Rice","Allocated overhead","Capital recovery of machinery and equipment","dollars per planted acre","No specific size","Arkansas Non-Delta","United States",2004,89.69,"Base survey of 2000"
"Rice","Allocated overhead","Capital recovery of machinery and equipment","dollars per planted acre","No specific size","Arkansas Non-Delta","United States",2005,93.19,"Base survey of 2000"
"Rice","Allocated overhead","Capital recovery of machinery and equipment","dollars per planted acre","No specific size","Arkansas Non-Delta","United States",2006,98.55,"Base survey of 2006"
"Rice","Allocated overhead","Capital recovery of machinery and equipment","dollars per planted acre","No specific size","Arkansas Non-Delta","United States",2007,103.42,"Base survey of 2006"
"Rice","Allocated overhead","Capital recovery of machinery and equipment","dollars per planted acre","No specific size","Arkansas Non-Delta","United States",2008,113.17,"Base survey of 2006"
"Rice","Allocated overhead","Capital recovery of machinery and equipment","dollars per planted acre","No specific size","Arkansas Non-Delta","United States",2009,120.21,"Base survey of 2006"
"Rice","Allocated overhead","Capital recovery of machinery and equipment","dollars per planted acre","No specific size","Arkansas Non-Delta","United States",2010,124.54,"Base survey of 2006"
"Rice","Allocated overhead","Capital recovery of machinery and equipment","dollars per planted acre","No specific size","Arkansas Non-Delta","United States",2011,132.12,"Base survey of 2006"
"Rice","Allocated overhead","Capital recovery of machinery and equipment","dollars per planted acre","No specific size","Arkansas Non-Delta","United States",2012,138.73,"Base survey of 2006"
"Rice","Allocated overhead","Capital recovery of machinery and equipment","dollars per planted acre","No specific size","Arkansas Non-Delta","United States",2013,131.59,"Base survey of 2013"
"Rice","Allocated overhead","Capital recovery of machinery and equipment","dollars per planted acre","No specific size","Arkansas Non-Delta","United States",2014,136.46,"Base survey of 2013"
"Rice","Allocated overhead","Capital recovery of machinery and equipment","dollars per planted acre","No specific size","Arkansas Non-Delta","United States",2015,139.63,"Base survey of 2013"
"Rice","Allocated overhead","Capital recovery of machinery and equipment","dollars per planted acre","No specific size","Arkansas Non-Delta","United States",2016,140.61,"Base survey of 2013"
"Rice","Allocated overhead","Capital recovery of machinery and equipment","dollars per planted acre","No specific size","Arkansas Non-Delta","United States",2017,143.65,"Base survey of 2013"
"Rice","Allocated overhead","Capital recovery of machinery and equipment","dollars per planted acre","No specific size","Arkansas Non-Delta","United States",2018,152.3,"Base survey of 2013"
"Rice","Allocated overhead","Capital recovery of machinery and equipment","dollars per planted acre","No specific size","Arkansas Non-Delta","United States",2019,150.23,"Base survey of 2013"
"Rice","Allocated overhead","Capital recovery of machinery and equipment","dollars per planted acre","No specific size","Arkansas Non-Delta","United States",2020,152.06,"Base survey of 2013"
"Rice","Allocated overhead","Capital recovery of machinery and equipment","dollars per planted acre","No specific size","Arkansas Non-Delta","United States",2021,179.31,"Base survey of 2021"
"Rice","Allocated overhead","Capital recovery of machinery and equipment","dollars per planted acre","No specific size","Arkansas Non-Delta","United States",2022,187.46,"Base survey of 2021"
"Rice","Allocated overhead","Capital recovery of machinery and equipment","dollars per planted acre","No specific size","Arkansas Non-Delta","United States",2023,200.13,"Base survey of 2021"
"Rice","Allocated overhead","Capital recovery of machinery and equipment","dollars per planted acre","No specific size","Arkansas Non-Delta","United States",2024,208.93,"Base survey of 2021"
"Rice","Allocated overhead","Capital recovery of machinery and equipment","dollars per planted acre","No specific size","Mississippi River Delta","United States",2000,81.83,"Base survey of 2000"
"Rice","Allocated overhead","Capital recovery of machinery and equipment","dollars per planted acre","No specific size","Mississippi River Delta","United States",2001,84.33,"Base survey of 2000"
"Rice","Allocated overhead","Capital recovery of machinery and equipment","dollars per planted acre","No specific size","Mississippi River Delta","United States",2002,86.59,"Base survey of 2000"
"Rice","Allocated overhead","Capital recovery of machinery and equipment","dollars per planted acre","No specific size","Mississippi River Delta","United States",2003,86.72,"Base survey of 2000"
"Rice","Allocated overhead","Capital recovery of machinery and equipment","dollars per planted acre","No specific size","Mississippi River Delta","United States",2004,92.7,"Base survey of 2000"
"Rice","Allocated overhead","Capital recovery of machinery and equipment","dollars per planted acre","No specific size","Mississippi River Delta","United States",2005,97.06,"Base survey of 2000"
"Rice","Allocated overhead","Capital recovery of machinery and equipment","dollars per planted acre","No specific size","Mississippi River Delta","United States",2006,89.75,"Base survey of 2006"
"Rice","Allocated overhead","Capital recovery of machinery and equipment","dollars per planted acre","No specific size","Mississippi River Delta","United States",2007,94.19,"Base survey of 2006"
"Rice","Allocated overhead","Capital recovery of machinery and equipment","dollars per planted acre","No specific size","Mississippi River Delta","United States",2008,103.06,"Base survey of 2006"
"Rice","Allocated overhead","Capital recovery of machinery and equipment","dollars per planted acre","No specific size","Mississippi River Delta","United States",2009,109.48,"Base survey of 2006"
"Rice","Allocated overhead","Capital recovery of machinery and equipment","dollars per planted acre","No specific size","Mississippi River Delta","United States",2010,113.42,"Base survey of 2006"
"Rice","Allocated overhead","Capital recovery of machinery and equipment","dollars per planted acre","No specific size","Mississippi River Delta","United States",2011,120.32,"Base survey of 2006"
"Rice","Allocated overhead","Capital recovery of machinery and equipment","dollars per planted acre","No specific size","Mississippi River Delta","United States",2012,126.34,"Base survey of 2006"
"Rice","Allocated overhead","Capital recovery of machinery and equipment","dollars per planted acre","No specific size","Mississippi River Delta","United States",2013,127.72,"Base survey of 2013"
"Rice","Allocated overhead","Capital recovery of machinery and equipment","dollars per planted acre","No specific size","Mississippi River Delta","United States",2014,132.45,"Base survey of 2013"
"Rice","Allocated overhead","Capital recovery of machinery and equipment","dollars per planted acre","No specific size","Mississippi River Delta","United States",2015,135.53,"Base survey of 2013"
"Rice","Allocated overhead","Capital recovery of machinery and equipment","dollars per planted acre","No specific size","Mississippi River Delta","United States",2016,136.47,"Base survey of 2013"
"Rice","Allocated overhead","Capital recovery of machinery and equipment","dollars per planted acre","No specific size","Mississippi River Delta","United States",2017,139.43,"Base survey of 2013"
"Rice","Allocated overhead","Capital recovery of machinery and equipment","dollars per planted acre","No specific size","Mississippi River Delta","United States",2018,147.82,"Base survey of 2013"
"Rice","Allocated overhead","Capital recovery of machinery and equipment","dollars per planted acre","No specific size","Mississippi River Delta","United States",2019,145.81,"Base survey of 2013"
"Rice","Allocated overhead","Capital recovery of machinery and equipment","dollars per planted acre","No specific size","Mississippi River Delta","United States",2020,147.59,"Base survey of 2013"
"Rice","Allocated overhead","Capital recovery of machinery and equipment","dollars per planted acre","No specific size","Mississippi River Delta","United States",2021,223.87,"Base survey of 2021"
"Rice","Allocated overhead","Capital recovery of machinery and equipment","dollars per planted acre","No specific size","Mississippi River Delta","United States",2022,236.48,"Base survey of 2021"
"Rice","Allocated overhead","Capital recovery of machinery and equipment","dollars per planted acre","No specific size","Mississippi River Delta","United States",2023,250.91,"Base survey of 2021"
"Rice","Allocated overhead","Capital recovery of machinery and equipment","dollars per planted acre","No specific size","Mississippi River Delta","United States",2024,255.66,"Base survey of 2021"
"Rice","Allocated overhead","Opportunity cost of land","dollars per planted acre","No specific size","U.S. total","United States",2000,108.04,"Base survey of 2000"
"Rice","Allocated overhead","Opportunity cost of land","dollars per planted acre","No specific size","U.S. total","United States",2001,104.29,"Base survey of 2000"
"Rice","Allocated overhead","Opportunity cost of land","dollars per planted acre","No specific size","U.S. total","United States",2002,107.21,"Base survey of 2000"
"Rice","Allocated overhead","Opportunity cost of land","dollars per planted acre","No specific size","U.S. total","United States",2003,105.08,"Base survey of 2000"
"Rice","Allocated overhead","Opportunity cost of land","dollars per planted acre","No specific size","U.S. total","United States",2004,113.11,"Base survey of 2000"
"Rice","Allocated overhead","Opportunity cost of land","dollars per planted acre","No specific size","U.S. total","United States",2005,113.37,"Base survey of 2000"
"Rice","Allocated overhead","Opportunity cost of land","dollars per planted acre","No specific size","U.S. total","United States",2006,118.31,"Base survey of 2006"
"Rice","Allocated overhead","Opportunity cost of land","dollars per planted acre","No specific size","U.S. total","United States",2007,117.16,"Base survey of 2006"
"Rice","Allocated overhead","Opportunity cost of land","dollars per planted acre","No specific size","U.S. total","United States",2008,126.6,"Base survey of 2006"
"Rice","Allocated overhead","Opportunity cost of land","dollars per planted acre","No specific size","U.S. total","United States",2009,147.33,"Base survey of 2006"
"Rice","Allocated overhead","Opportunity cost of land","dollars per planted acre","No specific size","U.S. total","United States",2010,146.9,"Base survey of 2006"
"Rice","Allocated overhead","Opportunity cost of land","dollars per planted acre","No specific size","U.S. total","United States",2011,173.74,"Base survey of 2006"
"Rice","Allocated overhead","Opportunity cost of land","dollars per planted acre","No specific size","U.S. total","United States",2012,192.73,"Base survey of 2006"
"Rice","Allocated overhead","Opportunity cost of land","dollars per planted acre","No specific size","U.S. total","United States",2013,158.54,"Base survey of 2013"
"Rice","Allocated overhead","Opportunity cost of land","dollars per planted acre","No specific size","U.S. total","United States",2014,150.15,"Base survey of 2013"
"Rice","Allocated overhead","Opportunity cost of land","dollars per planted acre","No specific size","U.S. total","United States",2015,156.24,"Base survey of 2013"
"Rice","Allocated overhead","Opportunity cost of land","dollars per planted acre","No specific size","U.S. total","United States",2016,149.42,"Base survey of 2013"
"Rice","Allocated overhead","Opportunity cost of land","dollars per planted acre","No specific size","U.S. total","United States",2017,149.72,"Base survey of 2013"
"Rice","Allocated overhead","Opportunity cost of land","dollars per planted acre","No specific size","U.S. total","United States",2018,151.04,"Base survey of 2013"
"Rice","Allocated overhead","Opportunity cost of land","dollars per planted acre","No specific size","U.S. total","United States",2019,157.13,"Base survey of 2013"
"Rice","Allocated overhead","Opportunity cost of land","dollars per planted acre","No specific size","U.S. total","United States",2020,151.72,"Base survey of 2013"
"Rice","Allocated overhead","Opportunity cost of land","dollars per planted acre","No specific size","U.S. total","United States",2021,170.02,"Base survey of 2021"
"Rice","Allocated overhead","Opportunity cost of land","dollars per planted acre","No specific size","U.S. total","United States",2022,163.76,"Base survey of 2021"
"Rice","Allocated overhead","Opportunity cost of land","dollars per planted acre","No specific size","U.S. total","United States",2023,187.75,"Base survey of 2021"
"Rice","Allocated overhead","Opportunity cost of land","dollars per planted acre","No specific size","U.S. total","United States",2024,186.75,"Base survey of 2021"
"Rice","Allocated overhead","Opportunity cost of land","dollars per planted acre","No specific size","California","United States",2000,197.02,"Base survey of 2000"
"Rice","Allocated overhead","Opportunity cost of land","dollars per planted acre","No specific size","California","United States",2001,203.59,"Base survey of 2000"
"Rice","Allocated overhead","Opportunity cost of land","dollars per planted acre","No specific size","California","United States",2002,203.59,"Base survey of 2000"
"Rice","Allocated overhead","Opportunity cost of land","dollars per planted acre","No specific size","California","United States",2003,197.02,"Base survey of 2000"
"Rice","Allocated overhead","Opportunity cost of land","dollars per planted acre","No specific size","California","United States",2004,197.02,"Base survey of 2000"
"Rice","Allocated overhead","Opportunity cost of land","dollars per planted acre","No specific size","California","United States",2005,216.72,"Base survey of 2000"
"Rice","Allocated overhead","Opportunity cost of land","dollars per planted acre","No specific size","California","United States",2006,234.25,"Base survey of 2006"
"Rice","Allocated overhead","Opportunity cost of land","dollars per planted acre","No specific size","California","United States",2007,228.36,"Base survey of 2006"
"Rice","Allocated overhead","Opportunity cost of land","dollars per planted acre","No specific size","California","United States",2008,251.93,"Base survey of 2006"
"Rice","Allocated overhead","Opportunity cost of land","dollars per planted acre","No specific size","California","United States",2009,291.71,"Base survey of 2006"
"Rice","Allocated overhead","Opportunity cost of land","dollars per planted acre","No specific size","California","United States",2010,300.55,"Base survey of 2006"
"Rice","Allocated overhead","Opportunity cost of land","dollars per planted acre","No specific size","California","United States",2011,327.07,"Base survey of 2006"
"Rice","Allocated overhead","Opportunity cost of land","dollars per planted acre","No specific size","California","United States",2012,368.32,"Base survey of 2006"
"Rice","Allocated overhead","Opportunity cost of land","dollars per planted acre","No specific size","California","United States",2013,305.7,"Base survey of 2013"
"Rice","Allocated overhead","Opportunity cost of land","dollars per planted acre","No specific size","California","United States",2014,316.94,"Base survey of 2013"
"Rice","Allocated overhead","Opportunity cost of land","dollars per planted acre","No specific size","California","United States",2015,323.68,"Base survey of 2013"
"Rice","Allocated overhead","Opportunity cost of land","dollars per planted acre","No specific size","California","United States",2016,305.7,"Base survey of 2013"
"Rice","Allocated overhead","Opportunity cost of land","dollars per planted acre","No specific size","California","United States",2017,305.7,"Base survey of 2013"
"Rice","Allocated overhead","Opportunity cost of land","dollars per planted acre","No specific size","California","United States",2018,310.2,"Base survey of 2013"
"Rice","Allocated overhead","Opportunity cost of land","dollars per planted acre","No specific size","California","United States",2019,314.69,"Base survey of 2013"
"Rice","Allocated overhead","Opportunity cost of land","dollars per planted acre","No specific size","California","United States",2020,312.44,"Base survey of 2013"
"Rice","Allocated overhead","Opportunity cost of land","dollars per planted acre","No specific size","California","United States",2021,361.14,"Base survey of 2021"
"Rice","Allocated overhead","Opportunity cost of land","dollars per planted acre","No specific size","California","United States",2022,364.27,"Base survey of 2021"
"Rice","Allocated overhead","Opportunity cost of land","dollars per planted acre","No specific size","California","United States",2023,380.72,"Base survey of 2021"
"Rice","Allocated overhead","Opportunity cost of land","dollars per planted acre","No specific size","California","United States",2024,379.16,"Base survey of 2021"
"Rice","Allocated overhead","Opportunity cost of land","dollars per planted acre","No specific size","Gulf Coast","United States",2000,94.4,"Base survey of 2000"
"Rice","Allocated overhead","Opportunity cost of land","dollars per planted acre","No specific size","Gulf Coast","United States",2001,97.79,"Base survey of 2000"
"Rice","Allocated overhead","Opportunity cost of land","dollars per planted acre","No specific size","Gulf Coast","United States",2002,94.12,"Base survey of 2000"
"Rice","Allocated overhead","Opportunity cost of land","dollars per planted acre","No specific size","Gulf Coast","United States",2003,93.58,"Base survey of 2000"
"Rice","Allocated overhead","Opportunity cost of land","dollars per planted acre","No specific size","Gulf Coast","United States",2004,101.41,"Base survey of 2000"
"Rice","Allocated overhead","Opportunity cost of land","dollars per planted acre","No specific size","Gulf Coast","United States",2005,96.7,"Base survey of 2000"
"Rice","Allocated overhead","Opportunity cost of land","dollars per planted acre","No specific size","Gulf Coast","United States",2006,109.98,"Base survey of 2006"
"Rice","Allocated overhead","Opportunity cost of land","dollars per planted acre","No specific size","Gulf Coast","United States",2007,107.21,"Base survey of 2006"
"Rice","Allocated overhead","Opportunity cost of land","dollars per planted acre","No specific size","Gulf Coast","United States",2008,118.28,"Base survey of 2006"
"Rice","Allocated overhead","Opportunity cost of land","dollars per planted acre","No specific size","Gulf Coast","United States",2009,136.96,"Base survey of 2006"
"Rice","Allocated overhead","Opportunity cost of land","dollars per planted acre","No specific size","Gulf Coast","United States",2010,141.11,"Base survey of 2006"
"Rice","Allocated overhead","Opportunity cost of land","dollars per planted acre","No specific size","Gulf Coast","United States",2011,153.56,"Base survey of 2006"
"Rice","Allocated overhead","Opportunity cost of land","dollars per planted acre","No specific size","Gulf Coast","United States",2012,172.92,"Base survey of 2006"
"Rice","Allocated overhead","Opportunity cost of land","dollars per planted acre","No specific size","Gulf Coast","United States",2013,83.28,"Base survey of 2013"
"Rice","Allocated overhead","Opportunity cost of land","dollars per planted acre","No specific size","Gulf Coast","United States",2014,86.34,"Base survey of 2013"
"Rice","Allocated overhead","Opportunity cost of land","dollars per planted acre","No specific size","Gulf Coast","United States",2015,88.18,"Base survey of 2013"
"Rice","Allocated overhead","Opportunity cost of land","dollars per planted acre","No specific size","Gulf Coast","United States",2016,83.28,"Base survey of 2013"
"Rice","Allocated overhead","Opportunity cost of land","dollars per planted acre","No specific size","Gulf Coast","United States",2017,83.28,"Base survey of 2013"
"Rice","Allocated overhead","Opportunity cost of land","dollars per planted acre","No specific size","Gulf Coast","United States",2018,84.5,"Base survey of 2013"
"Rice","Allocated overhead","Opportunity cost of land","dollars per planted acre","No specific size","Gulf Coast","United States",2019,85.73,"Base survey of 2013"
"Rice","Allocated overhead","Opportunity cost of land","dollars per planted acre","No specific size","Gulf Coast","United States",2020,85.12,"Base survey of 2013"
"Rice","Allocated overhead","Opportunity cost of land","dollars per planted acre","No specific size","Gulf Coast","United States",2021,97.11,"Base survey of 2021"
"Rice","Allocated overhead","Opportunity cost of land","dollars per planted acre","No specific size","Gulf Coast","United States",2022,102.31,"Base survey of 2021"
"Rice","Allocated overhead","Opportunity cost of land","dollars per planted acre","No specific size","Gulf Coast","United States",2023,104.45,"Base survey of 2021"
"Rice","Allocated overhead","Opportunity cost of land","dollars per planted acre","No specific size","Gulf Coast","United States",2024,106.64,"Base survey of 2021"
"Rice","Allocated overhead","Opportunity cost of land","dollars per planted acre","No specific size","Arkansas Non-Delta","United States",2000,85.9,"Base survey of 2000"
"Rice","Allocated overhead","Opportunity cost of land","dollars per planted acre","No specific size","Arkansas Non-Delta","United States",2001,83.75,"Base survey of 2000"
"Rice","Allocated overhead","Opportunity cost of land","dollars per planted acre","No specific size","Arkansas Non-Delta","United States",2002,85.9,"Base survey of 2000"
"Rice","Allocated overhead","Opportunity cost of land","dollars per planted acre","No specific size","Arkansas Non-Delta","United States",2003,83.75,"Base survey of 2000"
"Rice","Allocated overhead","Opportunity cost of land","dollars per planted acre","No specific size","Arkansas Non-Delta","United States",2004,92.34,"Base survey of 2000"
"Rice","Allocated overhead","Opportunity cost of land","dollars per planted acre","No specific size","Arkansas Non-Delta","United States",2005,92.34,"Base survey of 2000"
"Rice","Allocated overhead","Opportunity cost of land","dollars per planted acre","No specific size","Arkansas Non-Delta","United States",2006,89.46,"Base survey of 2006"
"Rice","Allocated overhead","Opportunity cost of land","dollars per planted acre","No specific size","Arkansas Non-Delta","United States",2007,87.21,"Base survey of 2006"
"Rice","Allocated overhead","Opportunity cost of land","dollars per planted acre","No specific size","Arkansas Non-Delta","United States",2008,96.21,"Base survey of 2006"
"Rice","Allocated overhead","Opportunity cost of land","dollars per planted acre","No specific size","Arkansas Non-Delta","United States",2009,111.4,"Base survey of 2006"
"Rice","Allocated overhead","Opportunity cost of land","dollars per planted acre","No specific size","Arkansas Non-Delta","United States",2010,114.78,"Base survey of 2006"
"Rice","Allocated overhead","Opportunity cost of land","dollars per planted acre","No specific size","Arkansas Non-Delta","United States",2011,124.91,"Base survey of 2006"
"Rice","Allocated overhead","Opportunity cost of land","dollars per planted acre","No specific size","Arkansas Non-Delta","United States",2012,140.66,"Base survey of 2006"
"Rice","Allocated overhead","Opportunity cost of land","dollars per planted acre","No specific size","Arkansas Non-Delta","United States",2013,128.26,"Base survey of 2013"
"Rice","Allocated overhead","Opportunity cost of land","dollars per planted acre","No specific size","Arkansas Non-Delta","United States",2014,132.98,"Base survey of 2013"
"Rice","Allocated overhead","Opportunity cost of land","dollars per planted acre","No specific size","Arkansas Non-Delta","United States",2015,135.8,"Base survey of 2013"
"Rice","Allocated overhead","Opportunity cost of land","dollars per planted acre","No specific size","Arkansas Non-Delta","United States",2016,128.26,"Base survey of 2013"
"Rice","Allocated overhead","Opportunity cost of land","dollars per planted acre","No specific size","Arkansas Non-Delta","United States",2017,128.26,"Base survey of 2013"
"Rice","Allocated overhead","Opportunity cost of land","dollars per planted acre","No specific size","Arkansas Non-Delta","United States",2018,130.15,"Base survey of 2013"
"Rice","Allocated overhead","Opportunity cost of land","dollars per planted acre","No specific size","Arkansas Non-Delta","United States",2019,132.03,"Base survey of 2013"
"Rice","Allocated overhead","Opportunity cost of land","dollars per planted acre","No specific size","Arkansas Non-Delta","United States",2020,131.09,"Base survey of 2013"
"Rice","Allocated overhead","Opportunity cost of land","dollars per planted acre","No specific size","Arkansas Non-Delta","United States",2021,141.64,"Base survey of 2021"
"Rice","Allocated overhead","Opportunity cost of land","dollars per planted acre","No specific size","Arkansas Non-Delta","United States",2022,147.58,"Base survey of 2021"
"Rice","Allocated overhead","Opportunity cost of land","dollars per planted acre","No specific size","Arkansas Non-Delta","United States",2023,152.69,"Base survey of 2021"
"Rice","Allocated overhead","Opportunity cost of land","dollars per planted acre","No specific size","Arkansas Non-Delta","United States",2024,154.78,"Base survey of 2021"
"Rice","Allocated overhead","Opportunity cost of land","dollars per planted acre","No specific size","Mississippi River Delta","United States",2000,77.68,"Base survey of 2000"
"Rice","Allocated overhead","Opportunity cost of land","dollars per planted acre","No specific size","Mississippi River Delta","United States",2001,77,"Base survey of 2000"
"Rice","Allocated overhead","Opportunity cost of land","dollars per planted acre","No specific size","Mississippi River Delta","United States",2002,77.1,"Base survey of 2000"
"Rice","Allocated overhead","Opportunity cost of land","dollars per planted acre","No specific size","Mississippi River Delta","United States",2003,75.69,"Base survey of 2000"
"Rice","Allocated overhead","Opportunity cost of land","dollars per planted acre","No specific size","Mississippi River Delta","United States",2004,83.3,"Base survey of 2000"
"Rice","Allocated overhead","Opportunity cost of land","dollars per planted acre","No specific size","Mississippi River Delta","United States",2005,85.5,"Base survey of 2000"
"Rice","Allocated overhead","Opportunity cost of land","dollars per planted acre","No specific size","Mississippi River Delta","United States",2006,84.48,"Base survey of 2006"
"Rice","Allocated overhead","Opportunity cost of land","dollars per planted acre","No specific size","Mississippi River Delta","United States",2007,82.35,"Base survey of 2006"
"Rice","Allocated overhead","Opportunity cost of land","dollars per planted acre","No specific size","Mississippi River Delta","United States",2008,90.86,"Base survey of 2006"
"Rice","Allocated overhead","Opportunity cost of land","dollars per planted acre","No specific size","Mississippi River Delta","United States",2009,105.2,"Base survey of 2006"
"Rice","Allocated overhead","Opportunity cost of land","dollars per planted acre","No specific size","Mississippi River Delta","United States",2010,108.39,"Base survey of 2006"
"Rice","Allocated overhead","Opportunity cost of land","dollars per planted acre","No specific size","Mississippi River Delta","United States",2011,117.95,"Base survey of 2006"
"Rice","Allocated overhead","Opportunity cost of land","dollars per planted acre","No specific size","Mississippi River Delta","United States",2012,132.83,"Base survey of 2006"
"Rice","Allocated overhead","Opportunity cost of land","dollars per planted acre","No specific size","Mississippi River Delta","United States",2013,124.18,"Base survey of 2013"
"Rice","Allocated overhead","Opportunity cost of land","dollars per planted acre","No specific size","Mississippi River Delta","United States",2014,128.75,"Base survey of 2013"
"Rice","Allocated overhead","Opportunity cost of land","dollars per planted acre","No specific size","Mississippi River Delta","United States",2015,131.48,"Base survey of 2013"
"Rice","Allocated overhead","Opportunity cost of land","dollars per planted acre","No specific size","Mississippi River Delta","United States",2016,124.18,"Base survey of 2013"
"Rice","Allocated overhead","Opportunity cost of land","dollars per planted acre","No specific size","Mississippi River Delta","United States",2017,124.18,"Base survey of 2013"
"Rice","Allocated overhead","Opportunity cost of land","dollars per planted acre","No specific size","Mississippi River Delta","United States",2018,126.01,"Base survey of 2013"
"Rice","Allocated overhead","Opportunity cost of land","dollars per planted acre","No specific size","Mississippi River Delta","United States",2019,127.83,"Base survey of 2013"
"Rice","Allocated overhead","Opportunity cost of land","dollars per planted acre","No specific size","Mississippi River Delta","United States",2020,126.92,"Base survey of 2013"
"Rice","Allocated overhead","Opportunity cost of land","dollars per planted acre","No specific size","Mississippi River Delta","United States",2021,170,"Base survey of 2021"
"Rice","Allocated overhead","Opportunity cost of land","dollars per planted acre","No specific size","Mississippi River Delta","United States",2022,176.54,"Base survey of 2021"
"Rice","Allocated overhead","Opportunity cost of land","dollars per planted acre","No specific size","Mississippi River Delta","United States",2023,186.49,"Base survey of 2021"
"Rice","Allocated overhead","Opportunity cost of land","dollars per planted acre","No specific size","Mississippi River Delta","United States",2024,196.12,"Base survey of 2021"
"Rice","Allocated overhead","Taxes and insurance","dollars per planted acre","No specific size","U.S. total","United States",2000,15.69,"Base survey of 2000"
"Rice","Allocated overhead","Taxes and insurance","dollars per planted acre","No specific size","U.S. total","United States",2001,15.87,"Base survey of 2000"
"Rice","Allocated overhead","Taxes and insurance","dollars per planted acre","No specific size","U.S. total","United States",2002,15.88,"Base survey of 2000"
"Rice","Allocated overhead","Taxes and insurance","dollars per planted acre","No specific size","U.S. total","United States",2003,16.34,"Base survey of 2000"
"Rice","Allocated overhead","Taxes and insurance","dollars per planted acre","No specific size","U.S. total","United States",2004,16.47,"Base survey of 2000"
"Rice","Allocated overhead","Taxes and insurance","dollars per planted acre","No specific size","U.S. total","United States",2005,16.83,"Base survey of 2000"
"Rice","Allocated overhead","Taxes and insurance","dollars per planted acre","No specific size","U.S. total","United States",2006,15.49,"Base survey of 2006"
"Rice","Allocated overhead","Taxes and insurance","dollars per planted acre","No specific size","U.S. total","United States",2007,17.87,"Base survey of 2006"
"Rice","Allocated overhead","Taxes and insurance","dollars per planted acre","No specific size","U.S. total","United States",2008,18.98,"Base survey of 2006"
"Rice","Allocated overhead","Taxes and insurance","dollars per planted acre","No specific size","U.S. total","United States",2009,18.25,"Base survey of 2006"
"Rice","Allocated overhead","Taxes and insurance","dollars per planted acre","No specific size","U.S. total","United States",2010,19.01,"Base survey of 2006"
"Rice","Allocated overhead","Taxes and insurance","dollars per planted acre","No specific size","U.S. total","United States",2011,19.54,"Base survey of 2006"
"Rice","Allocated overhead","Taxes and insurance","dollars per planted acre","No specific size","U.S. total","United States",2012,19.85,"Base survey of 2006"
"Rice","Allocated overhead","Taxes and insurance","dollars per planted acre","No specific size","U.S. total","United States",2013,16.01,"Base survey of 2013"
"Rice","Allocated overhead","Taxes and insurance","dollars per planted acre","No specific size","U.S. total","United States",2014,16.45,"Base survey of 2013"
"Rice","Allocated overhead","Taxes and insurance","dollars per planted acre","No specific size","U.S. total","United States",2015,19.36,"Base survey of 2013"
"Rice","Allocated overhead","Taxes and insurance","dollars per planted acre","No specific size","U.S. total","United States",2016,18,"Base survey of 2013"
"Rice","Allocated overhead","Taxes and insurance","dollars per planted acre","No specific size","U.S. total","United States",2017,18.12,"Base survey of 2013"
"Rice","Allocated overhead","Taxes and insurance","dollars per planted acre","No specific size","U.S. total","United States",2018,18.35,"Base survey of 2013"
"Rice","Allocated overhead","Taxes and insurance","dollars per planted acre","No specific size","U.S. total","United States",2019,18.39,"Base survey of 2013"
"Rice","Allocated overhead","Taxes and insurance","dollars per planted acre","No specific size","U.S. total","United States",2020,19.82,"Base survey of 2013"
"Rice","Allocated overhead","Taxes and insurance","dollars per planted acre","No specific size","U.S. total","United States",2021,19.67,"Base survey of 2021"
"Rice","Allocated overhead","Taxes and insurance","dollars per planted acre","No specific size","U.S. total","United States",2022,20.57,"Base survey of 2021"
"Rice","Allocated overhead","Taxes and insurance","dollars per planted acre","No specific size","U.S. total","United States",2023,23.05,"Base survey of 2021"
"Rice","Allocated overhead","Taxes and insurance","dollars per planted acre","No specific size","U.S. total","United States",2024,24.15,"Base survey of 2021"
"Rice","Allocated overhead","Taxes and insurance","dollars per planted acre","No specific size","California","United States",2000,19.64,"Base survey of 2000"
"Rice","Allocated overhead","Taxes and insurance","dollars per planted acre","No specific size","California","United States",2001,20.11,"Base survey of 2000"
"Rice","Allocated overhead","Taxes and insurance","dollars per planted acre","No specific size","California","United States",2002,19.99,"Base survey of 2000"
"Rice","Allocated overhead","Taxes and insurance","dollars per planted acre","No specific size","California","United States",2003,20.47,"Base survey of 2000"
"Rice","Allocated overhead","Taxes and insurance","dollars per planted acre","No specific size","California","United States",2004,20.65,"Base survey of 2000"
"Rice","Allocated overhead","Taxes and insurance","dollars per planted acre","No specific size","California","United States",2005,21.17,"Base survey of 2000"
"Rice","Allocated overhead","Taxes and insurance","dollars per planted acre","No specific size","California","United States",2006,13.67,"Base survey of 2006"
"Rice","Allocated overhead","Taxes and insurance","dollars per planted acre","No specific size","California","United States",2007,15.45,"Base survey of 2006"
"Rice","Allocated overhead","Taxes and insurance","dollars per planted acre","No specific size","California","United States",2008,16.42,"Base survey of 2006"
"Rice","Allocated overhead","Taxes and insurance","dollars per planted acre","No specific size","California","United States",2009,15.76,"Base survey of 2006"
"Rice","Allocated overhead","Taxes and insurance","dollars per planted acre","No specific size","California","United States",2010,16.3,"Base survey of 2006"
"Rice","Allocated overhead","Taxes and insurance","dollars per planted acre","No specific size","California","United States",2011,17.15,"Base survey of 2006"
"Rice","Allocated overhead","Taxes and insurance","dollars per planted acre","No specific size","California","United States",2012,17.32,"Base survey of 2006"
"Rice","Allocated overhead","Taxes and insurance","dollars per planted acre","No specific size","California","United States",2013,16.8,"Base survey of 2013"
"Rice","Allocated overhead","Taxes and insurance","dollars per planted acre","No specific size","California","United States",2014,17.13,"Base survey of 2013"
"Rice","Allocated overhead","Taxes and insurance","dollars per planted acre","No specific size","California","United States",2015,20.16,"Base survey of 2013"
"Rice","Allocated overhead","Taxes and insurance","dollars per planted acre","No specific size","California","United States",2016,18.71,"Base survey of 2013"
"Rice","Allocated overhead","Taxes and insurance","dollars per planted acre","No specific size","California","United States",2017,18.97,"Base survey of 2013"
"Rice","Allocated overhead","Taxes and insurance","dollars per planted acre","No specific size","California","United States",2018,19.1,"Base survey of 2013"
"Rice","Allocated overhead","Taxes and insurance","dollars per planted acre","No specific size","California","United States",2019,19.64,"Base survey of 2013"
"Rice","Allocated overhead","Taxes and insurance","dollars per planted acre","No specific size","California","United States",2020,20.68,"Base survey of 2013"
"Rice","Allocated overhead","Taxes and insurance","dollars per planted acre","No specific size","California","United States",2021,33.83,"Base survey of 2021"
"Rice","Allocated overhead","Taxes and insurance","dollars per planted acre","No specific size","California","United States",2022,37.33,"Base survey of 2021"
"Rice","Allocated overhead","Taxes and insurance","dollars per planted acre","No specific size","California","United States",2023,38.99,"Base survey of 2021"
"Rice","Allocated overhead","Taxes and insurance","dollars per planted acre","No specific size","California","United States",2024,41.26,"Base survey of 2021"
"Rice","Allocated overhead","Taxes and insurance","dollars per planted acre","No specific size","Gulf Coast","United States",2000,13.35,"Base survey of 2000"
"Rice","Allocated overhead","Taxes and insurance","dollars per planted acre","No specific size","Gulf Coast","United States",2001,13.58,"Base survey of 2000"
"Rice","Allocated overhead","Taxes and insurance","dollars per planted acre","No specific size","Gulf Coast","United States",2002,13.44,"Base survey of 2000"
"Rice","Allocated overhead","Taxes and insurance","dollars per planted acre","No specific size","Gulf Coast","United States",2003,13.81,"Base survey of 2000"
"Rice","Allocated overhead","Taxes and insurance","dollars per planted acre","No specific size","Gulf Coast","United States",2004,13.96,"Base survey of 2000"
"Rice","Allocated overhead","Taxes and insurance","dollars per planted acre","No specific size","Gulf Coast","United States",2005,14.31,"Base survey of 2000"
"Rice","Allocated overhead","Taxes and insurance","dollars per planted acre","No specific size","Gulf Coast","United States",2006,12.7,"Base survey of 2006"
"Rice","Allocated overhead","Taxes and insurance","dollars per planted acre","No specific size","Gulf Coast","United States",2007,14.35,"Base survey of 2006"
"Rice","Allocated overhead","Taxes and insurance","dollars per planted acre","No specific size","Gulf Coast","United States",2008,15.25,"Base survey of 2006"
"Rice","Allocated overhead","Taxes and insurance","dollars per planted acre","No specific size","Gulf Coast","United States",2009,14.64,"Base survey of 2006"
"Rice","Allocated overhead","Taxes and insurance","dollars per planted acre","No specific size","Gulf Coast","United States",2010,15.14,"Base survey of 2006"
"Rice","Allocated overhead","Taxes and insurance","dollars per planted acre","No specific size","Gulf Coast","United States",2011,15.93,"Base survey of 2006"
"Rice","Allocated overhead","Taxes and insurance","dollars per planted acre","No specific size","Gulf Coast","United States",2012,16.09,"Base survey of 2006"
"Rice","Allocated overhead","Taxes and insurance","dollars per planted acre","No specific size","Gulf Coast","United States",2013,12.41,"Base survey of 2013"
"Rice","Allocated overhead","Taxes and insurance","dollars per planted acre","No specific size","Gulf Coast","United States",2014,12.65,"Base survey of 2013"
"Rice","Allocated overhead","Taxes and insurance","dollars per planted acre","No specific size","Gulf Coast","United States",2015,14.89,"Base survey of 2013"
"Rice","Allocated overhead","Taxes and insurance","dollars per planted acre","No specific size","Gulf Coast","United States",2016,13.82,"Base survey of 2013"
"Rice","Allocated overhead","Taxes and insurance","dollars per planted acre","No specific size","Gulf Coast","United States",2017,14.01,"Base survey of 2013"
"Rice","Allocated overhead","Taxes and insurance","dollars per planted acre","No specific size","Gulf Coast","United States",2018,14.11,"Base survey of 2013"
"Rice","Allocated overhead","Taxes and insurance","dollars per planted acre","No specific size","Gulf Coast","United States",2019,14.51,"Base survey of 2013"
"Rice","Allocated overhead","Taxes and insurance","dollars per planted acre","No specific size","Gulf Coast","United States",2020,15.28,"Base survey of 2013"
"Rice","Allocated overhead","Taxes and insurance","dollars per planted acre","No specific size","Gulf Coast","United States",2021,11.59,"Base survey of 2021"
"Rice","Allocated overhead","Taxes and insurance","dollars per planted acre","No specific size","Gulf Coast","United States",2022,12.81,"Base survey of 2021"
"Rice","Allocated overhead","Taxes and insurance","dollars per planted acre","No specific size","Gulf Coast","United States",2023,12.98,"Base survey of 2021"
"Rice","Allocated overhead","Taxes and insurance","dollars per planted acre","No specific size","Gulf Coast","United States",2024,13.72,"Base survey of 2021"
"Rice","Allocated overhead","Taxes and insurance","dollars per planted acre","No specific size","Arkansas Non-Delta","United States",2000,14.85,"Base survey of 2000"
"Rice","Allocated overhead","Taxes and insurance","dollars per planted acre","No specific size","Arkansas Non-Delta","United States",2001,15.2,"Base survey of 2000"
"Rice","Allocated overhead","Taxes and insurance","dollars per planted acre","No specific size","Arkansas Non-Delta","United States",2002,15.11,"Base survey of 2000"
"Rice","Allocated overhead","Taxes and insurance","dollars per planted acre","No specific size","Arkansas Non-Delta","United States",2003,15.47,"Base survey of 2000"
"Rice","Allocated overhead","Taxes and insurance","dollars per planted acre","No specific size","Arkansas Non-Delta","United States",2004,15.62,"Base survey of 2000"
"Rice","Allocated overhead","Taxes and insurance","dollars per planted acre","No specific size","Arkansas Non-Delta","United States",2005,15.99,"Base survey of 2000"
"Rice","Allocated overhead","Taxes and insurance","dollars per planted acre","No specific size","Arkansas Non-Delta","United States",2006,16.28,"Base survey of 2006"
"Rice","Allocated overhead","Taxes and insurance","dollars per planted acre","No specific size","Arkansas Non-Delta","United States",2007,18.4,"Base survey of 2006"
"Rice","Allocated overhead","Taxes and insurance","dollars per planted acre","No specific size","Arkansas Non-Delta","United States",2008,19.55,"Base survey of 2006"
"Rice","Allocated overhead","Taxes and insurance","dollars per planted acre","No specific size","Arkansas Non-Delta","United States",2009,18.76,"Base survey of 2006"
"Rice","Allocated overhead","Taxes and insurance","dollars per planted acre","No specific size","Arkansas Non-Delta","United States",2010,19.41,"Base survey of 2006"
"Rice","Allocated overhead","Taxes and insurance","dollars per planted acre","No specific size","Arkansas Non-Delta","United States",2011,20.42,"Base survey of 2006"
"Rice","Allocated overhead","Taxes and insurance","dollars per planted acre","No specific size","Arkansas Non-Delta","United States",2012,20.62,"Base survey of 2006"
"Rice","Allocated overhead","Taxes and insurance","dollars per planted acre","No specific size","Arkansas Non-Delta","United States",2013,18.31,"Base survey of 2013"
"Rice","Allocated overhead","Taxes and insurance","dollars per planted acre","No specific size","Arkansas Non-Delta","United States",2014,18.67,"Base survey of 2013"
"Rice","Allocated overhead","Taxes and insurance","dollars per planted acre","No specific size","Arkansas Non-Delta","United States",2015,21.97,"Base survey of 2013"
"Rice","Allocated overhead","Taxes and insurance","dollars per planted acre","No specific size","Arkansas Non-Delta","United States",2016,20.39,"Base survey of 2013"
"Rice","Allocated overhead","Taxes and insurance","dollars per planted acre","No specific size","Arkansas Non-Delta","United States",2017,20.67,"Base survey of 2013"
"Rice","Allocated overhead","Taxes and insurance","dollars per planted acre","No specific size","Arkansas Non-Delta","United States",2018,20.82,"Base survey of 2013"
"Rice","Allocated overhead","Taxes and insurance","dollars per planted acre","No specific size","Arkansas Non-Delta","United States",2019,21.4,"Base survey of 2013"
"Rice","Allocated overhead","Taxes and insurance","dollars per planted acre","No specific size","Arkansas Non-Delta","United States",2020,22.54,"Base survey of 2013"
"Rice","Allocated overhead","Taxes and insurance","dollars per planted acre","No specific size","Arkansas Non-Delta","United States",2021,19.57,"Base survey of 2021"
"Rice","Allocated overhead","Taxes and insurance","dollars per planted acre","No specific size","Arkansas Non-Delta","United States",2022,21.45,"Base survey of 2021"
"Rice","Allocated overhead","Taxes and insurance","dollars per planted acre","No specific size","Arkansas Non-Delta","United States",2023,22.4,"Base survey of 2021"
"Rice","Allocated overhead","Taxes and insurance","dollars per planted acre","No specific size","Arkansas Non-Delta","United States",2024,23.77,"Base survey of 2021"
"Rice","Allocated overhead","Taxes and insurance","dollars per planted acre","No specific size","Mississippi River Delta","United States",2000,16.63,"Base survey of 2000"
"Rice","Allocated overhead","Taxes and insurance","dollars per planted acre","No specific size","Mississippi River Delta","United States",2001,17.07,"Base survey of 2000"
"Rice","Allocated overhead","Taxes and insurance","dollars per planted acre","No specific size","Mississippi River Delta","United States",2002,16.96,"Base survey of 2000"
"Rice","Allocated overhead","Taxes and insurance","dollars per planted acre","No specific size","Mississippi River Delta","United States",2003,17.47,"Base survey of 2000"
"Rice","Allocated overhead","Taxes and insurance","dollars per planted acre","No specific size","Mississippi River Delta","United States",2004,17.45,"Base survey of 2000"
"Rice","Allocated overhead","Taxes and insurance","dollars per planted acre","No specific size","Mississippi River Delta","United States",2005,18.07,"Base survey of 2000"
"Rice","Allocated overhead","Taxes and insurance","dollars per planted acre","No specific size","Mississippi River Delta","United States",2006,19.77,"Base survey of 2006"
"Rice","Allocated overhead","Taxes and insurance","dollars per planted acre","No specific size","Mississippi River Delta","United States",2007,22.34,"Base survey of 2006"
"Rice","Allocated overhead","Taxes and insurance","dollars per planted acre","No specific size","Mississippi River Delta","United States",2008,23.75,"Base survey of 2006"
"Rice","Allocated overhead","Taxes and insurance","dollars per planted acre","No specific size","Mississippi River Delta","United States",2009,22.79,"Base survey of 2006"
"Rice","Allocated overhead","Taxes and insurance","dollars per planted acre","No specific size","Mississippi River Delta","United States",2010,23.57,"Base survey of 2006"
"Rice","Allocated overhead","Taxes and insurance","dollars per planted acre","No specific size","Mississippi River Delta","United States",2011,24.8,"Base survey of 2006"
"Rice","Allocated overhead","Taxes and insurance","dollars per planted acre","No specific size","Mississippi River Delta","United States",2012,25.04,"Base survey of 2006"
"Rice","Allocated overhead","Taxes and insurance","dollars per planted acre","No specific size","Mississippi River Delta","United States",2013,14.3,"Base survey of 2013"
"Rice","Allocated overhead","Taxes and insurance","dollars per planted acre","No specific size","Mississippi River Delta","United States",2014,14.58,"Base survey of 2013"
"Rice","Allocated overhead","Taxes and insurance","dollars per planted acre","No specific size","Mississippi River Delta","United States",2015,17.16,"Base survey of 2013"
"Rice","Allocated overhead","Taxes and insurance","dollars per planted acre","No specific size","Mississippi River Delta","United States",2016,15.92,"Base survey of 2013"
"Rice","Allocated overhead","Taxes and insurance","dollars per planted acre","No specific size","Mississippi River Delta","United States",2017,16.15,"Base survey of 2013"
"Rice","Allocated overhead","Taxes and insurance","dollars per planted acre","No specific size","Mississippi River Delta","United States",2018,16.26,"Base survey of 2013"
"Rice","Allocated overhead","Taxes and insurance","dollars per planted acre","No specific size","Mississippi River Delta","United States",2019,16.72,"Base survey of 2013"
"Rice","Allocated overhead","Taxes and insurance","dollars per planted acre","No specific size","Mississippi River Delta","United States",2020,17.6,"Base survey of 2013"
"Rice","Allocated overhead","Taxes and insurance","dollars per planted acre","No specific size","Mississippi River Delta","United States",2021,17.6,"Base survey of 2021"
"Rice","Allocated overhead","Taxes and insurance","dollars per planted acre","No specific size","Mississippi River Delta","United States",2022,19.28,"Base survey of 2021"
"Rice","Allocated overhead","Taxes and insurance","dollars per planted acre","No specific size","Mississippi River Delta","United States",2023,20.25,"Base survey of 2021"
"Rice","Allocated overhead","Taxes and insurance","dollars per planted acre","No specific size","Mississippi River Delta","United States",2024,21.88,"Base survey of 2021"
"Rice","Allocated overhead","General farm overhead","dollars per planted acre","No specific size","U.S. total","United States",2000,22.11,"Base survey of 2000"
"Rice","Allocated overhead","General farm overhead","dollars per planted acre","No specific size","U.S. total","United States",2001,22.73,"Base survey of 2000"
"Rice","Allocated overhead","General farm overhead","dollars per planted acre","No specific size","U.S. total","United States",2002,23.32,"Base survey of 2000"
"Rice","Allocated overhead","General farm overhead","dollars per planted acre","No specific size","U.S. total","United States",2003,23.94,"Base survey of 2000"
"Rice","Allocated overhead","General farm overhead","dollars per planted acre","No specific size","U.S. total","United States",2004,24.38,"Base survey of 2000"
"Rice","Allocated overhead","General farm overhead","dollars per planted acre","No specific size","U.S. total","United States",2005,25.66,"Base survey of 2000"
"Rice","Allocated overhead","General farm overhead","dollars per planted acre","No specific size","U.S. total","United States",2006,24.24,"Base survey of 2006"
"Rice","Allocated overhead","General farm overhead","dollars per planted acre","No specific size","U.S. total","United States",2007,24.68,"Base survey of 2006"
"Rice","Allocated overhead","General farm overhead","dollars per planted acre","No specific size","U.S. total","United States",2008,25.28,"Base survey of 2006"
"Rice","Allocated overhead","General farm overhead","dollars per planted acre","No specific size","U.S. total","United States",2009,25.86,"Base survey of 2006"
"Rice","Allocated overhead","General farm overhead","dollars per planted acre","No specific size","U.S. total","United States",2010,26.17,"Base survey of 2006"
"Rice","Allocated overhead","General farm overhead","dollars per planted acre","No specific size","U.S. total","United States",2011,27.85,"Base survey of 2006"
"Rice","Allocated overhead","General farm overhead","dollars per planted acre","No specific size","U.S. total","United States",2012,28.41,"Base survey of 2006"
"Rice","Allocated overhead","General farm overhead","dollars per planted acre","No specific size","U.S. total","United States",2013,26.21,"Base survey of 2013"
"Rice","Allocated overhead","General farm overhead","dollars per planted acre","No specific size","U.S. total","United States",2014,25.09,"Base survey of 2013"
"Rice","Allocated overhead","General farm overhead","dollars per planted acre","No specific size","U.S. total","United States",2015,25.37,"Base survey of 2013"
"Rice","Allocated overhead","General farm overhead","dollars per planted acre","No specific size","U.S. total","United States",2016,25.65,"Base survey of 2013"
"Rice","Allocated overhead","General farm overhead","dollars per planted acre","No specific size","U.S. total","United States",2017,26.12,"Base survey of 2013"
"Rice","Allocated overhead","General farm overhead","dollars per planted acre","No specific size","U.S. total","United States",2018,26.92,"Base survey of 2013"
"Rice","Allocated overhead","General farm overhead","dollars per planted acre","No specific size","U.S. total","United States",2019,28.15,"Base survey of 2013"
"Rice","Allocated overhead","General farm overhead","dollars per planted acre","No specific size","U.S. total","United States",2020,28.05,"Base survey of 2013"
"Rice","Allocated overhead","General farm overhead","dollars per planted acre","No specific size","U.S. total","United States",2021,39.08,"Base survey of 2021"
"Rice","Allocated overhead","General farm overhead","dollars per planted acre","No specific size","U.S. total","United States",2022,41.63,"Base survey of 2021"
"Rice","Allocated overhead","General farm overhead","dollars per planted acre","No specific size","U.S. total","United States",2023,45.21,"Base survey of 2021"
"Rice","Allocated overhead","General farm overhead","dollars per planted acre","No specific size","U.S. total","United States",2024,45.64,"Base survey of 2021"
"Rice","Allocated overhead","General farm overhead","dollars per planted acre","No specific size","California","United States",2000,23.87,"Base survey of 2000"
"Rice","Allocated overhead","General farm overhead","dollars per planted acre","No specific size","California","United States",2001,24.64,"Base survey of 2000"
"Rice","Allocated overhead","General farm overhead","dollars per planted acre","No specific size","California","United States",2002,25.22,"Base survey of 2000"
"Rice","Allocated overhead","General farm overhead","dollars per planted acre","No specific size","California","United States",2003,25.79,"Base survey of 2000"
"Rice","Allocated overhead","General farm overhead","dollars per planted acre","No specific size","California","United States",2004,26.37,"Base survey of 2000"
"Rice","Allocated overhead","General farm overhead","dollars per planted acre","No specific size","California","United States",2005,27.72,"Base survey of 2000"
"Rice","Allocated overhead","General farm overhead","dollars per planted acre","No specific size","California","United States",2006,34.46,"Base survey of 2006"
"Rice","Allocated overhead","General farm overhead","dollars per planted acre","No specific size","California","United States",2007,35.41,"Base survey of 2006"
"Rice","Allocated overhead","General farm overhead","dollars per planted acre","No specific size","California","United States",2008,36.6,"Base survey of 2006"
"Rice","Allocated overhead","General farm overhead","dollars per planted acre","No specific size","California","United States",2009,37.31,"Base survey of 2006"
"Rice","Allocated overhead","General farm overhead","dollars per planted acre","No specific size","California","United States",2010,38.26,"Base survey of 2006"
"Rice","Allocated overhead","General farm overhead","dollars per planted acre","No specific size","California","United States",2011,39.45,"Base survey of 2006"
"Rice","Allocated overhead","General farm overhead","dollars per planted acre","No specific size","California","United States",2012,40.63,"Base survey of 2006"
"Rice","Allocated overhead","General farm overhead","dollars per planted acre","No specific size","California","United States",2013,43.7,"Base survey of 2013"
"Rice","Allocated overhead","General farm overhead","dollars per planted acre","No specific size","California","United States",2014,44.54,"Base survey of 2013"
"Rice","Allocated overhead","General farm overhead","dollars per planted acre","No specific size","California","United States",2015,44.46,"Base survey of 2013"
"Rice","Allocated overhead","General farm overhead","dollars per planted acre","No specific size","California","United States",2016,44.54,"Base survey of 2013"
"Rice","Allocated overhead","General farm overhead","dollars per planted acre","No specific size","California","United States",2017,45.34,"Base survey of 2013"
"Rice","Allocated overhead","General farm overhead","dollars per planted acre","No specific size","California","United States",2018,46.89,"Base survey of 2013"
"Rice","Allocated overhead","General farm overhead","dollars per planted acre","No specific size","California","United States",2019,48.2,"Base survey of 2013"
"Rice","Allocated overhead","General farm overhead","dollars per planted acre","No specific size","California","United States",2020,48.95,"Base survey of 2013"
"Rice","Allocated overhead","General farm overhead","dollars per planted acre","No specific size","California","United States",2021,69.36,"Base survey of 2021"
"Rice","Allocated overhead","General farm overhead","dollars per planted acre","No specific size","California","United States",2022,77.24,"Base survey of 2021"
"Rice","Allocated overhead","General farm overhead","dollars per planted acre","No specific size","California","United States",2023,80.13,"Base survey of 2021"
"Rice","Allocated overhead","General farm overhead","dollars per planted acre","No specific size","California","United States",2024,80.91,"Base survey of 2021"
"Rice","Allocated overhead","General farm overhead","dollars per planted acre","No specific size","Gulf Coast","United States",2000,19.99,"Base survey of 2000"
"Rice","Allocated overhead","General farm overhead","dollars per planted acre","No specific size","Gulf Coast","United States",2001,20.47,"Base survey of 2000"
"Rice","Allocated overhead","General farm overhead","dollars per planted acre","No specific size","Gulf Coast","United States",2002,20.9,"Base survey of 2000"
"Rice","Allocated overhead","General farm overhead","dollars per planted acre","No specific size","Gulf Coast","United States",2003,21.44,"Base survey of 2000"
"Rice","Allocated overhead","General farm overhead","dollars per planted acre","No specific size","Gulf Coast","United States",2004,21.97,"Base survey of 2000"
"Rice","Allocated overhead","General farm overhead","dollars per planted acre","No specific size","Gulf Coast","United States",2005,22.97,"Base survey of 2000"
"Rice","Allocated overhead","General farm overhead","dollars per planted acre","No specific size","Gulf Coast","United States",2006,21.38,"Base survey of 2006"
"Rice","Allocated overhead","General farm overhead","dollars per planted acre","No specific size","Gulf Coast","United States",2007,21.97,"Base survey of 2006"
"Rice","Allocated overhead","General farm overhead","dollars per planted acre","No specific size","Gulf Coast","United States",2008,22.71,"Base survey of 2006"
"Rice","Allocated overhead","General farm overhead","dollars per planted acre","No specific size","Gulf Coast","United States",2009,23.15,"Base survey of 2006"
"Rice","Allocated overhead","General farm overhead","dollars per planted acre","No specific size","Gulf Coast","United States",2010,23.74,"Base survey of 2006"
"Rice","Allocated overhead","General farm overhead","dollars per planted acre","No specific size","Gulf Coast","United States",2011,24.48,"Base survey of 2006"
"Rice","Allocated overhead","General farm overhead","dollars per planted acre","No specific size","Gulf Coast","United States",2012,25.21,"Base survey of 2006"
"Rice","Allocated overhead","General farm overhead","dollars per planted acre","No specific size","Gulf Coast","United States",2013,16.56,"Base survey of 2013"
"Rice","Allocated overhead","General farm overhead","dollars per planted acre","No specific size","Gulf Coast","United States",2014,16.88,"Base survey of 2013"
"Rice","Allocated overhead","General farm overhead","dollars per planted acre","No specific size","Gulf Coast","United States",2015,16.85,"Base survey of 2013"
"Rice","Allocated overhead","General farm overhead","dollars per planted acre","No specific size","Gulf Coast","United States",2016,16.88,"Base survey of 2013"
"Rice","Allocated overhead","General farm overhead","dollars per planted acre","No specific size","Gulf Coast","United States",2017,17.18,"Base survey of 2013"
"Rice","Allocated overhead","General farm overhead","dollars per planted acre","No specific size","Gulf Coast","United States",2018,17.77,"Base survey of 2013"
"Rice","Allocated overhead","General farm overhead","dollars per planted acre","No specific size","Gulf Coast","United States",2019,18.26,"Base survey of 2013"
"Rice","Allocated overhead","General farm overhead","dollars per planted acre","No specific size","Gulf Coast","United States",2020,18.55,"Base survey of 2013"
"Rice","Allocated overhead","General farm overhead","dollars per planted acre","No specific size","Gulf Coast","United States",2021,41.28,"Base survey of 2021"
"Rice","Allocated overhead","General farm overhead","dollars per planted acre","No specific size","Gulf Coast","United States",2022,46.04,"Base survey of 2021"
"Rice","Allocated overhead","General farm overhead","dollars per planted acre","No specific size","Gulf Coast","United States",2023,46.76,"Base survey of 2021"
"Rice","Allocated overhead","General farm overhead","dollars per planted acre","No specific size","Gulf Coast","United States",2024,47.17,"Base survey of 2021"
"Rice","Allocated overhead","General farm overhead","dollars per planted acre","No specific size","Arkansas Non-Delta","United States",2000,20.36,"Base survey of 2000"
"Rice","Allocated overhead","General farm overhead","dollars per planted acre","No specific size","Arkansas Non-Delta","United States",2001,21.02,"Base survey of 2000"
"Rice","Allocated overhead","General farm overhead","dollars per planted acre","No specific size","Arkansas Non-Delta","United States",2002,21.51,"Base survey of 2000"
"Rice","Allocated overhead","General farm overhead","dollars per planted acre","No specific size","Arkansas Non-Delta","United States",2003,22,"Base survey of 2000"
"Rice","Allocated overhead","General farm overhead","dollars per planted acre","No specific size","Arkansas Non-Delta","United States",2004,22.49,"Base survey of 2000"
"Rice","Allocated overhead","General farm overhead","dollars per planted acre","No specific size","Arkansas Non-Delta","United States",2005,23.64,"Base survey of 2000"
"Rice","Allocated overhead","General farm overhead","dollars per planted acre","No specific size","Arkansas Non-Delta","United States",2006,19.13,"Base survey of 2006"
"Rice","Allocated overhead","General farm overhead","dollars per planted acre","No specific size","Arkansas Non-Delta","United States",2007,19.66,"Base survey of 2006"
"Rice","Allocated overhead","General farm overhead","dollars per planted acre","No specific size","Arkansas Non-Delta","United States",2008,20.32,"Base survey of 2006"
"Rice","Allocated overhead","General farm overhead","dollars per planted acre","No specific size","Arkansas Non-Delta","United States",2009,20.71,"Base survey of 2006"
"Rice","Allocated overhead","General farm overhead","dollars per planted acre","No specific size","Arkansas Non-Delta","United States",2010,21.24,"Base survey of 2006"
"Rice","Allocated overhead","General farm overhead","dollars per planted acre","No specific size","Arkansas Non-Delta","United States",2011,21.9,"Base survey of 2006"
"Rice","Allocated overhead","General farm overhead","dollars per planted acre","No specific size","Arkansas Non-Delta","United States",2012,22.56,"Base survey of 2006"
"Rice","Allocated overhead","General farm overhead","dollars per planted acre","No specific size","Arkansas Non-Delta","United States",2013,23.11,"Base survey of 2013"
"Rice","Allocated overhead","General farm overhead","dollars per planted acre","No specific size","Arkansas Non-Delta","United States",2014,23.55,"Base survey of 2013"
"Rice","Allocated overhead","General farm overhead","dollars per planted acre","No specific size","Arkansas Non-Delta","United States",2015,23.51,"Base survey of 2013"
"Rice","Allocated overhead","General farm overhead","dollars per planted acre","No specific size","Arkansas Non-Delta","United States",2016,23.55,"Base survey of 2013"
"Rice","Allocated overhead","General farm overhead","dollars per planted acre","No specific size","Arkansas Non-Delta","United States",2017,23.98,"Base survey of 2013"
"Rice","Allocated overhead","General farm overhead","dollars per planted acre","No specific size","Arkansas Non-Delta","United States",2018,24.8,"Base survey of 2013"
"Rice","Allocated overhead","General farm overhead","dollars per planted acre","No specific size","Arkansas Non-Delta","United States",2019,25.49,"Base survey of 2013"
"Rice","Allocated overhead","General farm overhead","dollars per planted acre","No specific size","Arkansas Non-Delta","United States",2020,25.89,"Base survey of 2013"
"Rice","Allocated overhead","General farm overhead","dollars per planted acre","No specific size","Arkansas Non-Delta","United States",2021,25.35,"Base survey of 2021"
"Rice","Allocated overhead","General farm overhead","dollars per planted acre","No specific size","Arkansas Non-Delta","United States",2022,27.87,"Base survey of 2021"
"Rice","Allocated overhead","General farm overhead","dollars per planted acre","No specific size","Arkansas Non-Delta","United States",2023,28.92,"Base survey of 2021"
"Rice","Allocated overhead","General farm overhead","dollars per planted acre","No specific size","Arkansas Non-Delta","United States",2024,29.35,"Base survey of 2021"
"Rice","Allocated overhead","General farm overhead","dollars per planted acre","No specific size","Mississippi River Delta","United States",2000,25.47,"Base survey of 2000"
"Rice","Allocated overhead","General farm overhead","dollars per planted acre","No specific size","Mississippi River Delta","United States",2001,26.35,"Base survey of 2000"
"Rice","Allocated overhead","General farm overhead","dollars per planted acre","No specific size","Mississippi River Delta","United States",2002,26.97,"Base survey of 2000"
"Rice","Allocated overhead","General farm overhead","dollars per planted acre","No specific size","Mississippi River Delta","United States",2003,27.81,"Base survey of 2000"
"Rice","Allocated overhead","General farm overhead","dollars per planted acre","No specific size","Mississippi River Delta","United States",2004,28.07,"Base survey of 2000"
"Rice","Allocated overhead","General farm overhead","dollars per planted acre","No specific size","Mississippi River Delta","United States",2005,29.81,"Base survey of 2000"
"Rice","Allocated overhead","General farm overhead","dollars per planted acre","No specific size","Mississippi River Delta","United States",2006,26.89,"Base survey of 2006"
"Rice","Allocated overhead","General farm overhead","dollars per planted acre","No specific size","Mississippi River Delta","United States",2007,27.63,"Base survey of 2006"
"Rice","Allocated overhead","General farm overhead","dollars per planted acre","No specific size","Mississippi River Delta","United States",2008,28.56,"Base survey of 2006"
"Rice","Allocated overhead","General farm overhead","dollars per planted acre","No specific size","Mississippi River Delta","United States",2009,29.12,"Base survey of 2006"
"Rice","Allocated overhead","General farm overhead","dollars per planted acre","No specific size","Mississippi River Delta","United States",2010,29.86,"Base survey of 2006"
"Rice","Allocated overhead","General farm overhead","dollars per planted acre","No specific size","Mississippi River Delta","United States",2011,30.78,"Base survey of 2006"
"Rice","Allocated overhead","General farm overhead","dollars per planted acre","No specific size","Mississippi River Delta","United States",2012,31.71,"Base survey of 2006"
"Rice","Allocated overhead","General farm overhead","dollars per planted acre","No specific size","Mississippi River Delta","United States",2013,21.86,"Base survey of 2013"
"Rice","Allocated overhead","General farm overhead","dollars per planted acre","No specific size","Mississippi River Delta","United States",2014,22.28,"Base survey of 2013"
"Rice","Allocated overhead","General farm overhead","dollars per planted acre","No specific size","Mississippi River Delta","United States",2015,22.24,"Base survey of 2013"
"Rice","Allocated overhead","General farm overhead","dollars per planted acre","No specific size","Mississippi River Delta","United States",2016,22.28,"Base survey of 2013"
"Rice","Allocated overhead","General farm overhead","dollars per planted acre","No specific size","Mississippi River Delta","United States",2017,22.68,"Base survey of 2013"
"Rice","Allocated overhead","General farm overhead","dollars per planted acre","No specific size","Mississippi River Delta","United States",2018,23.46,"Base survey of 2013"
"Rice","Allocated overhead","General farm overhead","dollars per planted acre","No specific size","Mississippi River Delta","United States",2019,24.11,"Base survey of 2013"
"Rice","Allocated overhead","General farm overhead","dollars per planted acre","No specific size","Mississippi River Delta","United States",2020,24.49,"Base survey of 2013"
"Rice","Allocated overhead","General farm overhead","dollars per planted acre","No specific size","Mississippi River Delta","United States",2021,46.21,"Base survey of 2021"
"Rice","Allocated overhead","General farm overhead","dollars per planted acre","No specific size","Mississippi River Delta","United States",2022,50.27,"Base survey of 2021"
"Rice","Allocated overhead","General farm overhead","dollars per planted acre","No specific size","Mississippi River Delta","United States",2023,53.11,"Base survey of 2021"
"Rice","Allocated overhead","General farm overhead","dollars per planted acre","No specific size","Mississippi River Delta","United States",2024,57.28,"Base survey of 2021"
"Rice","Allocated overhead","Total, allocated overhead","dollars per planted acre","No specific size","U.S. total","United States",2000,295.09,"Base survey of 2000"
"Rice","Allocated overhead","Total, allocated overhead","dollars per planted acre","No specific size","U.S. total","United States",2001,295.01,"Base survey of 2000"
"Rice","Allocated overhead","Total, allocated overhead","dollars per planted acre","No specific size","U.S. total","United States",2002,305.65,"Base survey of 2000"
"Rice","Allocated overhead","Total, allocated overhead","dollars per planted acre","No specific size","U.S. total","United States",2003,305.82,"Base survey of 2000"
"Rice","Allocated overhead","Total, allocated overhead","dollars per planted acre","No specific size","U.S. total","United States",2004,322.86,"Base survey of 2000"
"Rice","Allocated overhead","Total, allocated overhead","dollars per planted acre","No specific size","U.S. total","United States",2005,328.52,"Base survey of 2000"
"Rice","Allocated overhead","Total, allocated overhead","dollars per planted acre","No specific size","U.S. total","United States",2006,314.49,"Base survey of 2006"
"Rice","Allocated overhead","Total, allocated overhead","dollars per planted acre","No specific size","U.S. total","United States",2007,323.78,"Base survey of 2006"
"Rice","Allocated overhead","Total, allocated overhead","dollars per planted acre","No specific size","U.S. total","United States",2008,345.65,"Base survey of 2006"
"Rice","Allocated overhead","Total, allocated overhead","dollars per planted acre","No specific size","U.S. total","United States",2009,374.75,"Base survey of 2006"
"Rice","Allocated overhead","Total, allocated overhead","dollars per planted acre","No specific size","U.S. total","United States",2010,379.13,"Base survey of 2006"
"Rice","Allocated overhead","Total, allocated overhead","dollars per planted acre","No specific size","U.S. total","United States",2011,419.5,"Base survey of 2006"
"Rice","Allocated overhead","Total, allocated overhead","dollars per planted acre","No specific size","U.S. total","United States",2012,448.06,"Base survey of 2006"
"Rice","Allocated overhead","Total, allocated overhead","dollars per planted acre","No specific size","U.S. total","United States",2013,413.86,"Base survey of 2013"
"Rice","Allocated overhead","Total, allocated overhead","dollars per planted acre","No specific size","U.S. total","United States",2014,412.3,"Base survey of 2013"
"Rice","Allocated overhead","Total, allocated overhead","dollars per planted acre","No specific size","U.S. total","United States",2015,427.81,"Base survey of 2013"
"Rice","Allocated overhead","Total, allocated overhead","dollars per planted acre","No specific size","U.S. total","United States",2016,424.05,"Base survey of 2013"
"Rice","Allocated overhead","Total, allocated overhead","dollars per planted acre","No specific size","U.S. total","United States",2017,430.91,"Base survey of 2013"
"Rice","Allocated overhead","Total, allocated overhead","dollars per planted acre","No specific size","U.S. total","United States",2018,441.98,"Base survey of 2013"
"Rice","Allocated overhead","Total, allocated overhead","dollars per planted acre","No specific size","U.S. total","United States",2019,459.76,"Base survey of 2013"
"Rice","Allocated overhead","Total, allocated overhead","dollars per planted acre","No specific size","U.S. total","United States",2020,460.89,"Base survey of 2013"
"Rice","Allocated overhead","Total, allocated overhead","dollars per planted acre","No specific size","U.S. total","United States",2021,467.06,"Base survey of 2021"
"Rice","Allocated overhead","Total, allocated overhead","dollars per planted acre","No specific size","U.S. total","United States",2022,474.14,"Base survey of 2021"
"Rice","Allocated overhead","Total, allocated overhead","dollars per planted acre","No specific size","U.S. total","United States",2023,525.18,"Base survey of 2021"
"Rice","Allocated overhead","Total, allocated overhead","dollars per planted acre","No specific size","U.S. total","United States",2024,534.76,"Base survey of 2021"
"Rice","Allocated overhead","Total, allocated overhead","dollars per planted acre","No specific size","California","United States",2000,405.88,"Base survey of 2000"
"Rice","Allocated overhead","Total, allocated overhead","dollars per planted acre","No specific size","California","United States",2001,422.02,"Base survey of 2000"
"Rice","Allocated overhead","Total, allocated overhead","dollars per planted acre","No specific size","California","United States",2002,426.16,"Base survey of 2000"
"Rice","Allocated overhead","Total, allocated overhead","dollars per planted acre","No specific size","California","United States",2003,427.78,"Base survey of 2000"
"Rice","Allocated overhead","Total, allocated overhead","dollars per planted acre","No specific size","California","United States",2004,433.48,"Base survey of 2000"
"Rice","Allocated overhead","Total, allocated overhead","dollars per planted acre","No specific size","California","United States",2005,460.63,"Base survey of 2000"
"Rice","Allocated overhead","Total, allocated overhead","dollars per planted acre","No specific size","California","United States",2006,472.5,"Base survey of 2006"
"Rice","Allocated overhead","Total, allocated overhead","dollars per planted acre","No specific size","California","United States",2007,477.47,"Base survey of 2006"
"Rice","Allocated overhead","Total, allocated overhead","dollars per planted acre","No specific size","California","United States",2008,516.32,"Base survey of 2006"
"Rice","Allocated overhead","Total, allocated overhead","dollars per planted acre","No specific size","California","United States",2009,565.47,"Base survey of 2006"
"Rice","Allocated overhead","Total, allocated overhead","dollars per planted acre","No specific size","California","United States",2010,581.29,"Base survey of 2006"
"Rice","Allocated overhead","Total, allocated overhead","dollars per planted acre","No specific size","California","United States",2011,618.66,"Base survey of 2006"
"Rice","Allocated overhead","Total, allocated overhead","dollars per planted acre","No specific size","California","United States",2012,671.57,"Base survey of 2006"
"Rice","Allocated overhead","Total, allocated overhead","dollars per planted acre","No specific size","California","United States",2013,568.15,"Base survey of 2013"
"Rice","Allocated overhead","Total, allocated overhead","dollars per planted acre","No specific size","California","United States",2014,586.01,"Base survey of 2013"
"Rice","Allocated overhead","Total, allocated overhead","dollars per planted acre","No specific size","California","United States",2015,601.98,"Base survey of 2013"
"Rice","Allocated overhead","Total, allocated overhead","dollars per planted acre","No specific size","California","United States",2016,587.53,"Base survey of 2013"
"Rice","Allocated overhead","Total, allocated overhead","dollars per planted acre","No specific size","California","United States",2017,594.05,"Base survey of 2013"
"Rice","Allocated overhead","Total, allocated overhead","dollars per planted acre","No specific size","California","United States",2018,613.75,"Base survey of 2013"
"Rice","Allocated overhead","Total, allocated overhead","dollars per planted acre","No specific size","California","United States",2019,625.98,"Base survey of 2013"
"Rice","Allocated overhead","Total, allocated overhead","dollars per planted acre","No specific size","California","United States",2020,632.05,"Base survey of 2013"
"Rice","Allocated overhead","Total, allocated overhead","dollars per planted acre","No specific size","California","United States",2021,750.9,"Base survey of 2021"
"Rice","Allocated overhead","Total, allocated overhead","dollars per planted acre","No specific size","California","United States",2022,782.3,"Base survey of 2021"
"Rice","Allocated overhead","Total, allocated overhead","dollars per planted acre","No specific size","California","United States",2023,822.15,"Base survey of 2021"
"Rice","Allocated overhead","Total, allocated overhead","dollars per planted acre","No specific size","California","United States",2024,836.17,"Base survey of 2021"
"Rice","Allocated overhead","Total, allocated overhead","dollars per planted acre","No specific size","Gulf Coast","United States",2000,297.15,"Base survey of 2000"
"Rice","Allocated overhead","Total, allocated overhead","dollars per planted acre","No specific size","Gulf Coast","United States",2001,303.95,"Base survey of 2000"
"Rice","Allocated overhead","Total, allocated overhead","dollars per planted acre","No specific size","Gulf Coast","United States",2002,309.3,"Base survey of 2000"
"Rice","Allocated overhead","Total, allocated overhead","dollars per planted acre","No specific size","Gulf Coast","United States",2003,310.86,"Base survey of 2000"
"Rice","Allocated overhead","Total, allocated overhead","dollars per planted acre","No specific size","Gulf Coast","United States",2004,325.12,"Base survey of 2000"
"Rice","Allocated overhead","Total, allocated overhead","dollars per planted acre","No specific size","Gulf Coast","United States",2005,329.88,"Base survey of 2000"
"Rice","Allocated overhead","Total, allocated overhead","dollars per planted acre","No specific size","Gulf Coast","United States",2006,294.92,"Base survey of 2006"
"Rice","Allocated overhead","Total, allocated overhead","dollars per planted acre","No specific size","Gulf Coast","United States",2007,301.04,"Base survey of 2006"
"Rice","Allocated overhead","Total, allocated overhead","dollars per planted acre","No specific size","Gulf Coast","United States",2008,325.12,"Base survey of 2006"
"Rice","Allocated overhead","Total, allocated overhead","dollars per planted acre","No specific size","Gulf Coast","United States",2009,351.74,"Base survey of 2006"
"Rice","Allocated overhead","Total, allocated overhead","dollars per planted acre","No specific size","Gulf Coast","United States",2010,361.81,"Base survey of 2006"
"Rice","Allocated overhead","Total, allocated overhead","dollars per planted acre","No specific size","Gulf Coast","United States",2011,383.75,"Base survey of 2006"
"Rice","Allocated overhead","Total, allocated overhead","dollars per planted acre","No specific size","Gulf Coast","United States",2012,412.58,"Base survey of 2006"
"Rice","Allocated overhead","Total, allocated overhead","dollars per planted acre","No specific size","Gulf Coast","United States",2013,335.36,"Base survey of 2013"
"Rice","Allocated overhead","Total, allocated overhead","dollars per planted acre","No specific size","Gulf Coast","United States",2014,345.43,"Base survey of 2013"
"Rice","Allocated overhead","Total, allocated overhead","dollars per planted acre","No specific size","Gulf Coast","United States",2015,356.12,"Base survey of 2013"
"Rice","Allocated overhead","Total, allocated overhead","dollars per planted acre","No specific size","Gulf Coast","United States",2016,354.86,"Base survey of 2013"
"Rice","Allocated overhead","Total, allocated overhead","dollars per planted acre","No specific size","Gulf Coast","United States",2017,361.21,"Base survey of 2013"
"Rice","Allocated overhead","Total, allocated overhead","dollars per planted acre","No specific size","Gulf Coast","United States",2018,378.01,"Base survey of 2013"
"Rice","Allocated overhead","Total, allocated overhead","dollars per planted acre","No specific size","Gulf Coast","United States",2019,384.69,"Base survey of 2013"
"Rice","Allocated overhead","Total, allocated overhead","dollars per planted acre","No specific size","Gulf Coast","United States",2020,391.56,"Base survey of 2013"
"Rice","Allocated overhead","Total, allocated overhead","dollars per planted acre","No specific size","Gulf Coast","United States",2021,364.85,"Base survey of 2021"
"Rice","Allocated overhead","Total, allocated overhead","dollars per planted acre","No specific size","Gulf Coast","United States",2022,388.08,"Base survey of 2021"
"Rice","Allocated overhead","Total, allocated overhead","dollars per planted acre","No specific size","Gulf Coast","United States",2023,405.66,"Base survey of 2021"
"Rice","Allocated overhead","Total, allocated overhead","dollars per planted acre","No specific size","Gulf Coast","United States",2024,418.66,"Base survey of 2021"
"Rice","Allocated overhead","Total, allocated overhead","dollars per planted acre","No specific size","Arkansas Non-Delta","United States",2000,266.85,"Base survey of 2000"
"Rice","Allocated overhead","Total, allocated overhead","dollars per planted acre","No specific size","Arkansas Non-Delta","United States",2001,269.2,"Base survey of 2000"
"Rice","Allocated overhead","Total, allocated overhead","dollars per planted acre","No specific size","Arkansas Non-Delta","United States",2002,279.3,"Base survey of 2000"
"Rice","Allocated overhead","Total, allocated overhead","dollars per planted acre","No specific size","Arkansas Non-Delta","United States",2003,277.77,"Base survey of 2000"
"Rice","Allocated overhead","Total, allocated overhead","dollars per planted acre","No specific size","Arkansas Non-Delta","United States",2004,296.34,"Base survey of 2000"
"Rice","Allocated overhead","Total, allocated overhead","dollars per planted acre","No specific size","Arkansas Non-Delta","United States",2005,301.64,"Base survey of 2000"
"Rice","Allocated overhead","Total, allocated overhead","dollars per planted acre","No specific size","Arkansas Non-Delta","United States",2006,278.35,"Base survey of 2006"
"Rice","Allocated overhead","Total, allocated overhead","dollars per planted acre","No specific size","Arkansas Non-Delta","United States",2007,285.55,"Base survey of 2006"
"Rice","Allocated overhead","Total, allocated overhead","dollars per planted acre","No specific size","Arkansas Non-Delta","United States",2008,308.04,"Base survey of 2006"
"Rice","Allocated overhead","Total, allocated overhead","dollars per planted acre","No specific size","Arkansas Non-Delta","United States",2009,331.14,"Base survey of 2006"
"Rice","Allocated overhead","Total, allocated overhead","dollars per planted acre","No specific size","Arkansas Non-Delta","United States",2010,340.68,"Base survey of 2006"
"Rice","Allocated overhead","Total, allocated overhead","dollars per planted acre","No specific size","Arkansas Non-Delta","United States",2011,360.7,"Base survey of 2006"
"Rice","Allocated overhead","Total, allocated overhead","dollars per planted acre","No specific size","Arkansas Non-Delta","United States",2012,386.1,"Base survey of 2006"
"Rice","Allocated overhead","Total, allocated overhead","dollars per planted acre","No specific size","Arkansas Non-Delta","United States",2013,392.22,"Base survey of 2013"
"Rice","Allocated overhead","Total, allocated overhead","dollars per planted acre","No specific size","Arkansas Non-Delta","United States",2014,404.33,"Base survey of 2013"
"Rice","Allocated overhead","Total, allocated overhead","dollars per planted acre","No specific size","Arkansas Non-Delta","United States",2015,416.93,"Base survey of 2013"
"Rice","Allocated overhead","Total, allocated overhead","dollars per planted acre","No specific size","Arkansas Non-Delta","United States",2016,412.25,"Base survey of 2013"
"Rice","Allocated overhead","Total, allocated overhead","dollars per planted acre","No specific size","Arkansas Non-Delta","United States",2017,418.75,"Base survey of 2013"
"Rice","Allocated overhead","Total, allocated overhead","dollars per planted acre","No specific size","Arkansas Non-Delta","United States",2018,436.44,"Base survey of 2013"
"Rice","Allocated overhead","Total, allocated overhead","dollars per planted acre","No specific size","Arkansas Non-Delta","United States",2019,443.44,"Base survey of 2013"
"Rice","Allocated overhead","Total, allocated overhead","dollars per planted acre","No specific size","Arkansas Non-Delta","United States",2020,450.16,"Base survey of 2013"
"Rice","Allocated overhead","Total, allocated overhead","dollars per planted acre","No specific size","Arkansas Non-Delta","United States",2021,409.5,"Base survey of 2021"
"Rice","Allocated overhead","Total, allocated overhead","dollars per planted acre","No specific size","Arkansas Non-Delta","United States",2022,431.35,"Base survey of 2021"
"Rice","Allocated overhead","Total, allocated overhead","dollars per planted acre","No specific size","Arkansas Non-Delta","United States",2023,453.7,"Base survey of 2021"
"Rice","Allocated overhead","Total, allocated overhead","dollars per planted acre","No specific size","Arkansas Non-Delta","United States",2024,467.98,"Base survey of 2021"
"Rice","Allocated overhead","Total, allocated overhead","dollars per planted acre","No specific size","Mississippi River Delta","United States",2000,242.81,"Base survey of 2000"
"Rice","Allocated overhead","Total, allocated overhead","dollars per planted acre","No specific size","Mississippi River Delta","United States",2001,246.77,"Base survey of 2000"
"Rice","Allocated overhead","Total, allocated overhead","dollars per planted acre","No specific size","Mississippi River Delta","United States",2002,251.64,"Base survey of 2000"
"Rice","Allocated overhead","Total, allocated overhead","dollars per planted acre","No specific size","Mississippi River Delta","United States",2003,252.86,"Base survey of 2000"
"Rice","Allocated overhead","Total, allocated overhead","dollars per planted acre","No specific size","Mississippi River Delta","United States",2004,268.41,"Base survey of 2000"
"Rice","Allocated overhead","Total, allocated overhead","dollars per planted acre","No specific size","Mississippi River Delta","United States",2005,276.86,"Base survey of 2000"
"Rice","Allocated overhead","Total, allocated overhead","dollars per planted acre","No specific size","Mississippi River Delta","United States",2006,269.6,"Base survey of 2006"
"Rice","Allocated overhead","Total, allocated overhead","dollars per planted acre","No specific size","Mississippi River Delta","United States",2007,276.93,"Base survey of 2006"
"Rice","Allocated overhead","Total, allocated overhead","dollars per planted acre","No specific size","Mississippi River Delta","United States",2008,298.36,"Base survey of 2006"
"Rice","Allocated overhead","Total, allocated overhead","dollars per planted acre","No specific size","Mississippi River Delta","United States",2009,319.86,"Base survey of 2006"
"Rice","Allocated overhead","Total, allocated overhead","dollars per planted acre","No specific size","Mississippi River Delta","United States",2010,329.08,"Base survey of 2006"
"Rice","Allocated overhead","Total, allocated overhead","dollars per planted acre","No specific size","Mississippi River Delta","United States",2011,348.25,"Base survey of 2006"
"Rice","Allocated overhead","Total, allocated overhead","dollars per planted acre","No specific size","Mississippi River Delta","United States",2012,372.25,"Base survey of 2006"
"Rice","Allocated overhead","Total, allocated overhead","dollars per planted acre","No specific size","Mississippi River Delta","United States",2013,356.24,"Base survey of 2013"
"Rice","Allocated overhead","Total, allocated overhead","dollars per planted acre","No specific size","Mississippi River Delta","United States",2014,367.52,"Base survey of 2013"
"Rice","Allocated overhead","Total, allocated overhead","dollars per planted acre","No specific size","Mississippi River Delta","United States",2015,378.38,"Base survey of 2013"
"Rice","Allocated overhead","Total, allocated overhead","dollars per planted acre","No specific size","Mississippi River Delta","United States",2016,373.39,"Base survey of 2013"
"Rice","Allocated overhead","Total, allocated overhead","dollars per planted acre","No specific size","Mississippi River Delta","United States",2017,379.04,"Base survey of 2013"
"Rice","Allocated overhead","Total, allocated overhead","dollars per planted acre","No specific size","Mississippi River Delta","United States",2018,394.79,"Base survey of 2013"
"Rice","Allocated overhead","Total, allocated overhead","dollars per planted acre","No specific size","Mississippi River Delta","United States",2019,400.14,"Base survey of 2013"
"Rice","Allocated overhead","Total, allocated overhead","dollars per planted acre","No specific size","Mississippi River Delta","United States",2020,405.49,"Base survey of 2013"
"Rice","Allocated overhead","Total, allocated overhead","dollars per planted acre","No specific size","Mississippi River Delta","United States",2021,509.02,"Base survey of 2021"
"Rice","Allocated overhead","Total, allocated overhead","dollars per planted acre","No specific size","Mississippi River Delta","United States",2022,538.48,"Base survey of 2021"
"Rice","Allocated overhead","Total, allocated overhead","dollars per planted acre","No specific size","Mississippi River Delta","United States",2023,569.11,"Base survey of 2021"
"Rice","Allocated overhead","Total, allocated overhead","dollars per planted acre","No specific size","Mississippi River Delta","United States",2024,588.75,"Base survey of 2021"
"Rice","Costs listed","Total, costs listed","dollars per planted acre","No specific size","U.S. total","United States",2000,578.89,"Base survey of 2000"
"Rice","Costs listed","Total, costs listed","dollars per planted acre","No specific size","U.S. total","United States",2001,594.12,"Base survey of 2000"
"Rice","Costs listed","Total, costs listed","dollars per planted acre","No specific size","U.S. total","United States",2002,586.32,"Base survey of 2000"
"Rice","Costs listed","Total, costs listed","dollars per planted acre","No specific size","U.S. total","United States",2003,614.37,"Base survey of 2000"
"Rice","Costs listed","Total, costs listed","dollars per planted acre","No specific size","U.S. total","United States",2004,651.81,"Base survey of 2000"
"Rice","Costs listed","Total, costs listed","dollars per planted acre","No specific size","U.S. total","United States",2005,703.64,"Base survey of 2000"
"Rice","Costs listed","Total, costs listed","dollars per planted acre","No specific size","U.S. total","United States",2006,680.97,"Base survey of 2006"
"Rice","Costs listed","Total, costs listed","dollars per planted acre","No specific size","U.S. total","United States",2007,719.74,"Base survey of 2006"
"Rice","Costs listed","Total, costs listed","dollars per planted acre","No specific size","U.S. total","United States",2008,826.08,"Base survey of 2006"
"Rice","Costs listed","Total, costs listed","dollars per planted acre","No specific size","U.S. total","United States",2009,822.1,"Base survey of 2006"
"Rice","Costs listed","Total, costs listed","dollars per planted acre","No specific size","U.S. total","United States",2010,825.24,"Base survey of 2006"
"Rice","Costs listed","Total, costs listed","dollars per planted acre","No specific size","U.S. total","United States",2011,945.27,"Base survey of 2006"
"Rice","Costs listed","Total, costs listed","dollars per planted acre","No specific size","U.S. total","United States",2012,982.38,"Base survey of 2006"
"Rice","Costs listed","Total, costs listed","dollars per planted acre","No specific size","U.S. total","United States",2013,1016.38,"Base survey of 2013"
"Rice","Costs listed","Total, costs listed","dollars per planted acre","No specific size","U.S. total","United States",2014,1013.6,"Base survey of 2013"
"Rice","Costs listed","Total, costs listed","dollars per planted acre","No specific size","U.S. total","United States",2015,971.6,"Base survey of 2013"
"Rice","Costs listed","Total, costs listed","dollars per planted acre","No specific size","U.S. total","United States",2016,940.45,"Base survey of 2013"
"Rice","Costs listed","Total, costs listed","dollars per planted acre","No specific size","U.S. total","United States",2017,954.88,"Base survey of 2013"
"Rice","Costs listed","Total, costs listed","dollars per planted acre","No specific size","U.S. total","United States",2018,975.68,"Base survey of 2013"
"Rice","Costs listed","Total, costs listed","dollars per planted acre","No specific size","U.S. total","United States",2019,1002.9,"Base survey of 2013"
"Rice","Costs listed","Total, costs listed","dollars per planted acre","No specific size","U.S. total","United States",2020,953.53,"Base survey of 2013"
"Rice","Costs listed","Total, costs listed","dollars per planted acre","No specific size","U.S. total","United States",2021,1089.36,"Base survey of 2021"
"Rice","Costs listed","Total, costs listed","dollars per planted acre","No specific size","U.S. total","United States",2022,1337.56,"Base survey of 2021"
"Rice","Costs listed","Total, costs listed","dollars per planted acre","No specific size","U.S. total","United States",2023,1362.32,"Base survey of 2021"
"Rice","Costs listed","Total, costs listed","dollars per planted acre","No specific size","U.S. total","United States",2024,1294.5,"Base survey of 2021"
"Rice","Costs listed","Total, costs listed","dollars per planted acre","No specific size","California","United States",2000,821.56,"Base survey of 2000"
"Rice","Costs listed","Total, costs listed","dollars per planted acre","No specific size","California","United States",2001,865.56,"Base survey of 2000"
"Rice","Costs listed","Total, costs listed","dollars per planted acre","No specific size","California","United States",2002,840.27,"Base survey of 2000"
"Rice","Costs listed","Total, costs listed","dollars per planted acre","No specific size","California","United States",2003,867.23,"Base survey of 2000"
"Rice","Costs listed","Total, costs listed","dollars per planted acre","No specific size","California","United States",2004,894.63,"Base survey of 2000"
"Rice","Costs listed","Total, costs listed","dollars per planted acre","No specific size","California","United States",2005,935.08,"Base survey of 2000"
"Rice","Costs listed","Total, costs listed","dollars per planted acre","No specific size","California","United States",2006,931.01,"Base survey of 2006"
"Rice","Costs listed","Total, costs listed","dollars per planted acre","No specific size","California","United States",2007,969.32,"Base survey of 2006"
"Rice","Costs listed","Total, costs listed","dollars per planted acre","No specific size","California","United States",2008,1094.1,"Base survey of 2006"
"Rice","Costs listed","Total, costs listed","dollars per planted acre","No specific size","California","United States",2009,1128.63,"Base survey of 2006"
"Rice","Costs listed","Total, costs listed","dollars per planted acre","No specific size","California","United States",2010,1140.76,"Base survey of 2006"
"Rice","Costs listed","Total, costs listed","dollars per planted acre","No specific size","California","United States",2011,1243.85,"Base survey of 2006"
"Rice","Costs listed","Total, costs listed","dollars per planted acre","No specific size","California","United States",2012,1312,"Base survey of 2006"
"Rice","Costs listed","Total, costs listed","dollars per planted acre","No specific size","California","United States",2013,1279.15,"Base survey of 2013"
"Rice","Costs listed","Total, costs listed","dollars per planted acre","No specific size","California","United States",2014,1307.68,"Base survey of 2013"
"Rice","Costs listed","Total, costs listed","dollars per planted acre","No specific size","California","United States",2015,1262.34,"Base survey of 2013"
"Rice","Costs listed","Total, costs listed","dollars per planted acre","No specific size","California","United States",2016,1222.37,"Base survey of 2013"
"Rice","Costs listed","Total, costs listed","dollars per planted acre","No specific size","California","United States",2017,1229.32,"Base survey of 2013"
"Rice","Costs listed","Total, costs listed","dollars per planted acre","No specific size","California","United States",2018,1260.43,"Base survey of 2013"
"Rice","Costs listed","Total, costs listed","dollars per planted acre","No specific size","California","United States",2019,1278.77,"Base survey of 2013"
"Rice","Costs listed","Total, costs listed","dollars per planted acre","No specific size","California","United States",2020,1242.04,"Base survey of 2013"
"Rice","Costs listed","Total, costs listed","dollars per planted acre","No specific size","California","United States",2021,1634.74,"Base survey of 2021"
"Rice","Costs listed","Total, costs listed","dollars per planted acre","No specific size","California","United States",2022,2013.11,"Base survey of 2021"
"Rice","Costs listed","Total, costs listed","dollars per planted acre","No specific size","California","United States",2023,1999.25,"Base survey of 2021"
"Rice","Costs listed","Total, costs listed","dollars per planted acre","No specific size","California","United States",2024,1916.25,"Base survey of 2021"
"Rice","Costs listed","Total, costs listed","dollars per planted acre","No specific size","Gulf Coast","United States",2000,602.08,"Base survey of 2000"
"Rice","Costs listed","Total, costs listed","dollars per planted acre","No specific size","Gulf Coast","United States",2001,636.3,"Base survey of 2000"
"Rice","Costs listed","Total, costs listed","dollars per planted acre","No specific size","Gulf Coast","United States",2002,614.57,"Base survey of 2000"
"Rice","Costs listed","Total, costs listed","dollars per planted acre","No specific size","Gulf Coast","United States",2003,635.43,"Base survey of 2000"
"Rice","Costs listed","Total, costs listed","dollars per planted acre","No specific size","Gulf Coast","United States",2004,681.45,"Base survey of 2000"
"Rice","Costs listed","Total, costs listed","dollars per planted acre","No specific size","Gulf Coast","United States",2005,756.74,"Base survey of 2000"
"Rice","Costs listed","Total, costs listed","dollars per planted acre","No specific size","Gulf Coast","United States",2006,718.58,"Base survey of 2006"
"Rice","Costs listed","Total, costs listed","dollars per planted acre","No specific size","Gulf Coast","United States",2007,756.8,"Base survey of 2006"
"Rice","Costs listed","Total, costs listed","dollars per planted acre","No specific size","Gulf Coast","United States",2008,884.16,"Base survey of 2006"
"Rice","Costs listed","Total, costs listed","dollars per planted acre","No specific size","Gulf Coast","United States",2009,864.98,"Base survey of 2006"
"Rice","Costs listed","Total, costs listed","dollars per planted acre","No specific size","Gulf Coast","United States",2010,879.22,"Base survey of 2006"
"Rice","Costs listed","Total, costs listed","dollars per planted acre","No specific size","Gulf Coast","United States",2011,984.08,"Base survey of 2006"
"Rice","Costs listed","Total, costs listed","dollars per planted acre","No specific size","Gulf Coast","United States",2012,1029.34,"Base survey of 2006"
"Rice","Costs listed","Total, costs listed","dollars per planted acre","No specific size","Gulf Coast","United States",2013,905.71,"Base survey of 2013"
"Rice","Costs listed","Total, costs listed","dollars per planted acre","No specific size","Gulf Coast","United States",2014,923.71,"Base survey of 2013"
"Rice","Costs listed","Total, costs listed","dollars per planted acre","No specific size","Gulf Coast","United States",2015,869.08,"Base survey of 2013"
"Rice","Costs listed","Total, costs listed","dollars per planted acre","No specific size","Gulf Coast","United States",2016,839.77,"Base survey of 2013"
"Rice","Costs listed","Total, costs listed","dollars per planted acre","No specific size","Gulf Coast","United States",2017,855.56,"Base survey of 2013"
"Rice","Costs listed","Total, costs listed","dollars per planted acre","No specific size","Gulf Coast","United States",2018,887.49,"Base survey of 2013"
"Rice","Costs listed","Total, costs listed","dollars per planted acre","No specific size","Gulf Coast","United States",2019,891.59,"Base survey of 2013"
"Rice","Costs listed","Total, costs listed","dollars per planted acre","No specific size","Gulf Coast","United States",2020,859.28,"Base survey of 2013"
"Rice","Costs listed","Total, costs listed","dollars per planted acre","No specific size","Gulf Coast","United States",2021,959.17,"Base survey of 2021"
"Rice","Costs listed","Total, costs listed","dollars per planted acre","No specific size","Gulf Coast","United States",2022,1225.04,"Base survey of 2021"
"Rice","Costs listed","Total, costs listed","dollars per planted acre","No specific size","Gulf Coast","United States",2023,1202.5,"Base survey of 2021"
"Rice","Costs listed","Total, costs listed","dollars per planted acre","No specific size","Gulf Coast","United States",2024,1152.99,"Base survey of 2021"
"Rice","Costs listed","Total, costs listed","dollars per planted acre","No specific size","Arkansas Non-Delta","United States",2000,493.03,"Base survey of 2000"
"Rice","Costs listed","Total, costs listed","dollars per planted acre","No specific size","Arkansas Non-Delta","United States",2001,510.95,"Base survey of 2000"
"Rice","Costs listed","Total, costs listed","dollars per planted acre","No specific size","Arkansas Non-Delta","United States",2002,502.25,"Base survey of 2000"
"Rice","Costs listed","Total, costs listed","dollars per planted acre","No specific size","Arkansas Non-Delta","United States",2003,533.47,"Base survey of 2000"
"Rice","Costs listed","Total, costs listed","dollars per planted acre","No specific size","Arkansas Non-Delta","United States",2004,562.65,"Base survey of 2000"
"Rice","Costs listed","Total, costs listed","dollars per planted acre","No specific size","Arkansas Non-Delta","United States",2005,622.23,"Base survey of 2000"
"Rice","Costs listed","Total, costs listed","dollars per planted acre","No specific size","Arkansas Non-Delta","United States",2006,600.04,"Base survey of 2006"
"Rice","Costs listed","Total, costs listed","dollars per planted acre","No specific size","Arkansas Non-Delta","United States",2007,632.3,"Base survey of 2006"
"Rice","Costs listed","Total, costs listed","dollars per planted acre","No specific size","Arkansas Non-Delta","United States",2008,732.29,"Base survey of 2006"
"Rice","Costs listed","Total, costs listed","dollars per planted acre","No specific size","Arkansas Non-Delta","United States",2009,719.89,"Base survey of 2006"
"Rice","Costs listed","Total, costs listed","dollars per planted acre","No specific size","Arkansas Non-Delta","United States",2010,735.75,"Base survey of 2006"
"Rice","Costs listed","Total, costs listed","dollars per planted acre","No specific size","Arkansas Non-Delta","United States",2011,816.39,"Base survey of 2006"
"Rice","Costs listed","Total, costs listed","dollars per planted acre","No specific size","Arkansas Non-Delta","United States",2012,854.44,"Base survey of 2006"
"Rice","Costs listed","Total, costs listed","dollars per planted acre","No specific size","Arkansas Non-Delta","United States",2013,961.34,"Base survey of 2013"
"Rice","Costs listed","Total, costs listed","dollars per planted acre","No specific size","Arkansas Non-Delta","United States",2014,983.54,"Base survey of 2013"
"Rice","Costs listed","Total, costs listed","dollars per planted acre","No specific size","Arkansas Non-Delta","United States",2015,937.02,"Base survey of 2013"
"Rice","Costs listed","Total, costs listed","dollars per planted acre","No specific size","Arkansas Non-Delta","United States",2016,902.59,"Base survey of 2013"
"Rice","Costs listed","Total, costs listed","dollars per planted acre","No specific size","Arkansas Non-Delta","United States",2017,916.77,"Base survey of 2013"
"Rice","Costs listed","Total, costs listed","dollars per planted acre","No specific size","Arkansas Non-Delta","United States",2018,944.47,"Base survey of 2013"
"Rice","Costs listed","Total, costs listed","dollars per planted acre","No specific size","Arkansas Non-Delta","United States",2019,953.74,"Base survey of 2013"
"Rice","Costs listed","Total, costs listed","dollars per planted acre","No specific size","Arkansas Non-Delta","United States",2020,916.39,"Base survey of 2013"
"Rice","Costs listed","Total, costs listed","dollars per planted acre","No specific size","Arkansas Non-Delta","United States",2021,980.04,"Base survey of 2021"
"Rice","Costs listed","Total, costs listed","dollars per planted acre","No specific size","Arkansas Non-Delta","United States",2022,1244.62,"Base survey of 2021"
"Rice","Costs listed","Total, costs listed","dollars per planted acre","No specific size","Arkansas Non-Delta","United States",2023,1213.2,"Base survey of 2021"
"Rice","Costs listed","Total, costs listed","dollars per planted acre","No specific size","Arkansas Non-Delta","United States",2024,1164.52,"Base survey of 2021"
"Rice","Costs listed","Total, costs listed","dollars per planted acre","No specific size","Mississippi River Delta","United States",2000,491.03,"Base survey of 2000"
"Rice","Costs listed","Total, costs listed","dollars per planted acre","No specific size","Mississippi River Delta","United States",2001,524.96,"Base survey of 2000"
"Rice","Costs listed","Total, costs listed","dollars per planted acre","No specific size","Mississippi River Delta","United States",2002,507.91,"Base survey of 2000"
"Rice","Costs listed","Total, costs listed","dollars per planted acre","No specific size","Mississippi River Delta","United States",2003,540.29,"Base survey of 2000"
"Rice","Costs listed","Total, costs listed","dollars per planted acre","No specific size","Mississippi River Delta","United States",2004,569.34,"Base survey of 2000"
"Rice","Costs listed","Total, costs listed","dollars per planted acre","No specific size","Mississippi River Delta","United States",2005,631.1,"Base survey of 2000"
"Rice","Costs listed","Total, costs listed","dollars per planted acre","No specific size","Mississippi River Delta","United States",2006,598.54,"Base survey of 2006"
"Rice","Costs listed","Total, costs listed","dollars per planted acre","No specific size","Mississippi River Delta","United States",2007,631.54,"Base survey of 2006"
"Rice","Costs listed","Total, costs listed","dollars per planted acre","No specific size","Mississippi River Delta","United States",2008,733.49,"Base survey of 2006"
"Rice","Costs listed","Total, costs listed","dollars per planted acre","No specific size","Mississippi River Delta","United States",2009,725.24,"Base survey of 2006"
"Rice","Costs listed","Total, costs listed","dollars per planted acre","No specific size","Mississippi River Delta","United States",2010,736.72,"Base survey of 2006"
"Rice","Costs listed","Total, costs listed","dollars per planted acre","No specific size","Mississippi River Delta","United States",2011,817.55,"Base survey of 2006"
"Rice","Costs listed","Total, costs listed","dollars per planted acre","No specific size","Mississippi River Delta","United States",2012,853.99,"Base survey of 2006"
"Rice","Costs listed","Total, costs listed","dollars per planted acre","No specific size","Mississippi River Delta","United States",2013,929.87,"Base survey of 2013"
"Rice","Costs listed","Total, costs listed","dollars per planted acre","No specific size","Mississippi River Delta","United States",2014,952.94,"Base survey of 2013"
"Rice","Costs listed","Total, costs listed","dollars per planted acre","No specific size","Mississippi River Delta","United States",2015,910,"Base survey of 2013"
"Rice","Costs listed","Total, costs listed","dollars per planted acre","No specific size","Mississippi River Delta","United States",2016,875.57,"Base survey of 2013"
"Rice","Costs listed","Total, costs listed","dollars per planted acre","No specific size","Mississippi River Delta","United States",2017,888.39,"Base survey of 2013"
"Rice","Costs listed","Total, costs listed","dollars per planted acre","No specific size","Mississippi River Delta","United States",2018,912.31,"Base survey of 2013"
"Rice","Costs listed","Total, costs listed","dollars per planted acre","No specific size","Mississippi River Delta","United States",2019,920.84,"Base survey of 2013"
"Rice","Costs listed","Total, costs listed","dollars per planted acre","No specific size","Mississippi River Delta","United States",2020,880.67,"Base survey of 2013"
"Rice","Costs listed","Total, costs listed","dollars per planted acre","No specific size","Mississippi River Delta","United States",2021,1047.51,"Base survey of 2021"
"Rice","Costs listed","Total, costs listed","dollars per planted acre","No specific size","Mississippi River Delta","United States",2022,1320.9,"Base survey of 2021"
"Rice","Costs listed","Total, costs listed","dollars per planted acre","No specific size","Mississippi River Delta","United States",2023,1294.61,"Base survey of 2021"
"Rice","Costs listed","Total, costs listed","dollars per planted acre","No specific size","Mississippi River Delta","United States",2024,1242.98,"Base survey of 2021"
"Rice","Net value","Value of production less total costs listed","dollars per planted acre","No specific size","U.S. total","United States",2000,-210.12,"Base survey of 2000"
"Rice","Net value","Value of production less total costs listed","dollars per planted acre","No specific size","U.S. total","United States",2001,-265.45,"Base survey of 2000"
"Rice","Net value","Value of production less total costs listed","dollars per planted acre","No specific size","U.S. total","United States",2002,-305.76,"Base survey of 2000"
"Rice","Net value","Value of production less total costs listed","dollars per planted acre","No specific size","U.S. total","United States",2003,-164.68,"Base survey of 2000"
"Rice","Net value","Value of production less total costs listed","dollars per planted acre","No specific size","U.S. total","United States",2004,-49.48,"Base survey of 2000"
"Rice","Net value","Value of production less total costs listed","dollars per planted acre","No specific size","U.S. total","United States",2005,-234.5,"Base survey of 2000"
"Rice","Net value","Value of production less total costs listed","dollars per planted acre","No specific size","U.S. total","United States",2006,-60.33,"Base survey of 2006"
"Rice","Net value","Value of production less total costs listed","dollars per planted acre","No specific size","U.S. total","United States",2007,60.02,"Base survey of 2006"
"Rice","Net value","Value of production less total costs listed","dollars per planted acre","No specific size","U.S. total","United States",2008,461.28,"Base survey of 2006"
"Rice","Net value","Value of production less total costs listed","dollars per planted acre","No specific size","U.S. total","United States",2009,250.16,"Base survey of 2006"
"Rice","Net value","Value of production less total costs listed","dollars per planted acre","No specific size","U.S. total","United States",2010,-29.49,"Base survey of 2006"
"Rice","Net value","Value of production less total costs listed","dollars per planted acre","No specific size","U.S. total","United States",2011,124.67,"Base survey of 2006"
"Rice","Net value","Value of production less total costs listed","dollars per planted acre","No specific size","U.S. total","United States",2012,183.72,"Base survey of 2006"
"Rice","Net value","Value of production less total costs listed","dollars per planted acre","No specific size","U.S. total","United States",2013,378.85,"Base survey of 2013"
"Rice","Net value","Value of production less total costs listed","dollars per planted acre","No specific size","U.S. total","United States",2014,138.5,"Base survey of 2013"
"Rice","Net value","Value of production less total costs listed","dollars per planted acre","No specific size","U.S. total","United States",2015,88.69,"Base survey of 2013"
"Rice","Net value","Value of production less total costs listed","dollars per planted acre","No specific size","U.S. total","United States",2016,-76.99,"Base survey of 2013"
"Rice","Net value","Value of production less total costs listed","dollars per planted acre","No specific size","U.S. total","United States",2017,17.12,"Base survey of 2013"
"Rice","Net value","Value of production less total costs listed","dollars per planted acre","No specific size","U.S. total","United States",2018,130.6,"Base survey of 2013"
"Rice","Net value","Value of production less total costs listed","dollars per planted acre","No specific size","U.S. total","United States",2019,16.3,"Base survey of 2013"
"Rice","Net value","Value of production less total costs listed","dollars per planted acre","No specific size","U.S. total","United States",2020,347.11,"Base survey of 2013"
"Rice","Net value","Value of production less total costs listed","dollars per planted acre","No specific size","U.S. total","United States",2021,274.04,"Base survey of 2021"
"Rice","Net value","Value of production less total costs listed","dollars per planted acre","No specific size","U.S. total","United States",2022,196.49,"Base survey of 2021"
"Rice","Net value","Value of production less total costs listed","dollars per planted acre","No specific size","U.S. total","United States",2023,70.57,"Base survey of 2021"
"Rice","Net value","Value of production less total costs listed","dollars per planted acre","No specific size","U.S. total","United States",2024,48.37,"Base survey of 2021"
"Rice","Net value","Value of production less total costs listed","dollars per planted acre","No specific size","California","United States",2000,-399.25,"Base survey of 2000"
"Rice","Net value","Value of production less total costs listed","dollars per planted acre","No specific size","California","United States",2001,-397.79,"Base survey of 2000"
"Rice","Net value","Value of production less total costs listed","dollars per planted acre","No specific size","California","United States",2002,-432.21,"Base survey of 2000"
"Rice","Net value","Value of production less total costs listed","dollars per planted acre","No specific size","California","United States",2003,-210.22,"Base survey of 2000"
"Rice","Net value","Value of production less total costs listed","dollars per planted acre","No specific size","California","United States",2004,-242.8,"Base survey of 2000"
"Rice","Net value","Value of production less total costs listed","dollars per planted acre","No specific size","California","United States",2005,-375.34,"Base survey of 2000"
"Rice","Net value","Value of production less total costs listed","dollars per planted acre","No specific size","California","United States",2006,-211.83,"Base survey of 2006"
"Rice","Net value","Value of production less total costs listed","dollars per planted acre","No specific size","California","United States",2007,-13.16,"Base survey of 2006"
"Rice","Net value","Value of production less total costs listed","dollars per planted acre","No specific size","California","United States",2008,637.28,"Base survey of 2006"
"Rice","Net value","Value of production less total costs listed","dollars per planted acre","No specific size","California","United States",2009,465.81,"Base survey of 2006"
"Rice","Net value","Value of production less total costs listed","dollars per planted acre","No specific size","California","United States",2010,175.24,"Base survey of 2006"
"Rice","Net value","Value of production less total costs listed","dollars per planted acre","No specific size","California","United States",2011,167.15,"Base survey of 2006"
"Rice","Net value","Value of production less total costs listed","dollars per planted acre","No specific size","California","United States",2012,113.6,"Base survey of 2006"
"Rice","Net value","Value of production less total costs listed","dollars per planted acre","No specific size","California","United States",2013,539.15,"Base survey of 2013"
"Rice","Net value","Value of production less total costs listed","dollars per planted acre","No specific size","California","United States",2014,390.72,"Base survey of 2013"
"Rice","Net value","Value of production less total costs listed","dollars per planted acre","No specific size","California","United States",2015,466.66,"Base survey of 2013"
"Rice","Net value","Value of production less total costs listed","dollars per planted acre","No specific size","California","United States",2016,51.63,"Base survey of 2013"
"Rice","Net value","Value of production less total costs listed","dollars per planted acre","No specific size","California","United States",2017,93.08,"Base survey of 2013"
"Rice","Net value","Value of production less total costs listed","dollars per planted acre","No specific size","California","United States",2018,626.37,"Base survey of 2013"
"Rice","Net value","Value of production less total costs listed","dollars per planted acre","No specific size","California","United States",2019,617.83,"Base survey of 2013"
"Rice","Net value","Value of production less total costs listed","dollars per planted acre","No specific size","California","United States",2020,809.96,"Base survey of 2013"
"Rice","Net value","Value of production less total costs listed","dollars per planted acre","No specific size","California","United States",2021,1259.96,"Base survey of 2021"
"Rice","Net value","Value of production less total costs listed","dollars per planted acre","No specific size","California","United States",2022,1581.69,"Base survey of 2021"
"Rice","Net value","Value of production less total costs listed","dollars per planted acre","No specific size","California","United States",2023,-84.18,"Base survey of 2021"
"Rice","Net value","Value of production less total costs listed","dollars per planted acre","No specific size","California","United States",2024,5.76,"Base survey of 2021"
"Rice","Net value","Value of production less total costs listed","dollars per planted acre","No specific size","Gulf Coast","United States",2000,-244.4,"Base survey of 2000"
"Rice","Net value","Value of production less total costs listed","dollars per planted acre","No specific size","Gulf Coast","United States",2001,-291.54,"Base survey of 2000"
"Rice","Net value","Value of production less total costs listed","dollars per planted acre","No specific size","Gulf Coast","United States",2002,-345.76,"Base survey of 2000"
"Rice","Net value","Value of production less total costs listed","dollars per planted acre","No specific size","Gulf Coast","United States",2003,-236.35,"Base survey of 2000"
"Rice","Net value","Value of production less total costs listed","dollars per planted acre","No specific size","Gulf Coast","United States",2004,-78.28,"Base survey of 2000"
"Rice","Net value","Value of production less total costs listed","dollars per planted acre","No specific size","Gulf Coast","United States",2005,-280.66,"Base survey of 2000"
"Rice","Net value","Value of production less total costs listed","dollars per planted acre","No specific size","Gulf Coast","United States",2006,-130.7,"Base survey of 2006"
"Rice","Net value","Value of production less total costs listed","dollars per planted acre","No specific size","Gulf Coast","United States",2007,-59.9,"Base survey of 2006"
"Rice","Net value","Value of production less total costs listed","dollars per planted acre","No specific size","Gulf Coast","United States",2008,278.96,"Base survey of 2006"
"Rice","Net value","Value of production less total costs listed","dollars per planted acre","No specific size","Gulf Coast","United States",2009,131.06,"Base survey of 2006"
"Rice","Net value","Value of production less total costs listed","dollars per planted acre","No specific size","Gulf Coast","United States",2010,-165.92,"Base survey of 2006"
"Rice","Net value","Value of production less total costs listed","dollars per planted acre","No specific size","Gulf Coast","United States",2011,-48.08,"Base survey of 2006"
"Rice","Net value","Value of production less total costs listed","dollars per planted acre","No specific size","Gulf Coast","United States",2012,50.62,"Base survey of 2006"
"Rice","Net value","Value of production less total costs listed","dollars per planted acre","No specific size","Gulf Coast","United States",2013,480.29,"Base survey of 2013"
"Rice","Net value","Value of production less total costs listed","dollars per planted acre","No specific size","Gulf Coast","United States",2014,275.64,"Base survey of 2013"
"Rice","Net value","Value of production less total costs listed","dollars per planted acre","No specific size","Gulf Coast","United States",2015,62.44,"Base survey of 2013"
"Rice","Net value","Value of production less total costs listed","dollars per planted acre","No specific size","Gulf Coast","United States",2016,21.03,"Base survey of 2013"
"Rice","Net value","Value of production less total costs listed","dollars per planted acre","No specific size","Gulf Coast","United States",2017,0.01,"Base survey of 2013"
"Rice","Net value","Value of production less total costs listed","dollars per planted acre","No specific size","Gulf Coast","United States",2018,159.12,"Base survey of 2013"
"Rice","Net value","Value of production less total costs listed","dollars per planted acre","No specific size","Gulf Coast","United States",2019,-43.82,"Base survey of 2013"
"Rice","Net value","Value of production less total costs listed","dollars per planted acre","No specific size","Gulf Coast","United States",2020,329.6,"Base survey of 2013"
"Rice","Net value","Value of production less total costs listed","dollars per planted acre","No specific size","Gulf Coast","United States",2021,25.67,"Base survey of 2021"
"Rice","Net value","Value of production less total costs listed","dollars per planted acre","No specific size","Gulf Coast","United States",2022,-100.22,"Base survey of 2021"
"Rice","Net value","Value of production less total costs listed","dollars per planted acre","No specific size","Gulf Coast","United States",2023,90.68,"Base survey of 2021"
"Rice","Net value","Value of production less total costs listed","dollars per planted acre","No specific size","Gulf Coast","United States",2024,33.56,"Base survey of 2021"
"Rice","Net value","Value of production less total costs listed","dollars per planted acre","No specific size","Arkansas Non-Delta","United States",2000,-125.98,"Base survey of 2000"
"Rice","Net value","Value of production less total costs listed","dollars per planted acre","No specific size","Arkansas Non-Delta","United States",2001,-221.89,"Base survey of 2000"
"Rice","Net value","Value of production less total costs listed","dollars per planted acre","No specific size","Arkansas Non-Delta","United States",2002,-251.64,"Base survey of 2000"
"Rice","Net value","Value of production less total costs listed","dollars per planted acre","No specific size","Arkansas Non-Delta","United States",2003,-119.24,"Base survey of 2000"
"Rice","Net value","Value of production less total costs listed","dollars per planted acre","No specific size","Arkansas Non-Delta","United States",2004,32.39,"Base survey of 2000"
"Rice","Net value","Value of production less total costs listed","dollars per planted acre","No specific size","Arkansas Non-Delta","United States",2005,-169.7,"Base survey of 2000"
"Rice","Net value","Value of production less total costs listed","dollars per planted acre","No specific size","Arkansas Non-Delta","United States",2006,-2.93,"Base survey of 2006"
"Rice","Net value","Value of production less total costs listed","dollars per planted acre","No specific size","Arkansas Non-Delta","United States",2007,99.56,"Base survey of 2006"
"Rice","Net value","Value of production less total costs listed","dollars per planted acre","No specific size","Arkansas Non-Delta","United States",2008,441.4,"Base survey of 2006"
"Rice","Net value","Value of production less total costs listed","dollars per planted acre","No specific size","Arkansas Non-Delta","United States",2009,207.61,"Base survey of 2006"
"Rice","Net value","Value of production less total costs listed","dollars per planted acre","No specific size","Arkansas Non-Delta","United States",2010,-54.36,"Base survey of 2006"
"Rice","Net value","Value of production less total costs listed","dollars per planted acre","No specific size","Arkansas Non-Delta","United States",2011,151.09,"Base survey of 2006"
"Rice","Net value","Value of production less total costs listed","dollars per planted acre","No specific size","Arkansas Non-Delta","United States",2012,238.19,"Base survey of 2006"
"Rice","Net value","Value of production less total costs listed","dollars per planted acre","No specific size","Arkansas Non-Delta","United States",2013,288.49,"Base survey of 2013"
"Rice","Net value","Value of production less total costs listed","dollars per planted acre","No specific size","Arkansas Non-Delta","United States",2014,34.63,"Base survey of 2013"
"Rice","Net value","Value of production less total costs listed","dollars per planted acre","No specific size","Arkansas Non-Delta","United States",2015,-16.62,"Base survey of 2013"
"Rice","Net value","Value of production less total costs listed","dollars per planted acre","No specific size","Arkansas Non-Delta","United States",2016,-150.75,"Base survey of 2013"
"Rice","Net value","Value of production less total costs listed","dollars per planted acre","No specific size","Arkansas Non-Delta","United States",2017,-15.09,"Base survey of 2013"
"Rice","Net value","Value of production less total costs listed","dollars per planted acre","No specific size","Arkansas Non-Delta","United States",2018,-17.83,"Base survey of 2013"
"Rice","Net value","Value of production less total costs listed","dollars per planted acre","No specific size","Arkansas Non-Delta","United States",2019,-69.22,"Base survey of 2013"
"Rice","Net value","Value of production less total costs listed","dollars per planted acre","No specific size","Arkansas Non-Delta","United States",2020,190.65,"Base survey of 2013"
"Rice","Net value","Value of production less total costs listed","dollars per planted acre","No specific size","Arkansas Non-Delta","United States",2021,145.5,"Base survey of 2021"
"Rice","Net value","Value of production less total costs listed","dollars per planted acre","No specific size","Arkansas Non-Delta","United States",2022,110.77,"Base survey of 2021"
"Rice","Net value","Value of production less total costs listed","dollars per planted acre","No specific size","Arkansas Non-Delta","United States",2023,152.56,"Base survey of 2021"
"Rice","Net value","Value of production less total costs listed","dollars per planted acre","No specific size","Arkansas Non-Delta","United States",2024,106.29,"Base survey of 2021"
"Rice","Net value","Value of production less total costs listed","dollars per planted acre","No specific size","Mississippi River Delta","United States",2000,-158.75,"Base survey of 2000"
"Rice","Net value","Value of production less total costs listed","dollars per planted acre","No specific size","Mississippi River Delta","United States",2001,-229.69,"Base survey of 2000"
"Rice","Net value","Value of production less total costs listed","dollars per planted acre","No specific size","Mississippi River Delta","United States",2002,-261.82,"Base survey of 2000"
"Rice","Net value","Value of production less total costs listed","dollars per planted acre","No specific size","Mississippi River Delta","United States",2003,-150.13,"Base survey of 2000"
"Rice","Net value","Value of production less total costs listed","dollars per planted acre","No specific size","Mississippi River Delta","United States",2004,2.61,"Base survey of 2000"
"Rice","Net value","Value of production less total costs listed","dollars per planted acre","No specific size","Mississippi River Delta","United States",2005,-206.17,"Base survey of 2000"
"Rice","Net value","Value of production less total costs listed","dollars per planted acre","No specific size","Mississippi River Delta","United States",2006,27.5,"Base survey of 2006"
"Rice","Net value","Value of production less total costs listed","dollars per planted acre","No specific size","Mississippi River Delta","United States",2007,130.52,"Base survey of 2006"
"Rice","Net value","Value of production less total costs listed","dollars per planted acre","No specific size","Mississippi River Delta","United States",2008,487.63,"Base survey of 2006"
"Rice","Net value","Value of production less total costs listed","dollars per planted acre","No specific size","Mississippi River Delta","United States",2009,248.92,"Base survey of 2006"
"Rice","Net value","Value of production less total costs listed","dollars per planted acre","No specific size","Mississippi River Delta","United States",2010,-19.62,"Base survey of 2006"
"Rice","Net value","Value of production less total costs listed","dollars per planted acre","No specific size","Mississippi River Delta","United States",2011,201.25,"Base survey of 2006"
"Rice","Net value","Value of production less total costs listed","dollars per planted acre","No specific size","Mississippi River Delta","United States",2012,263.07,"Base survey of 2006"
"Rice","Net value","Value of production less total costs listed","dollars per planted acre","No specific size","Mississippi River Delta","United States",2013,292.26,"Base survey of 2013"
"Rice","Net value","Value of production less total costs listed","dollars per planted acre","No specific size","Mississippi River Delta","United States",2014,66.16,"Base survey of 2013"
"Rice","Net value","Value of production less total costs listed","dollars per planted acre","No specific size","Mississippi River Delta","United States",2015,-29.16,"Base survey of 2013"
"Rice","Net value","Value of production less total costs listed","dollars per planted acre","No specific size","Mississippi River Delta","United States",2016,-135.35,"Base survey of 2013"
"Rice","Net value","Value of production less total costs listed","dollars per planted acre","No specific size","Mississippi River Delta","United States",2017,-18.95,"Base survey of 2013"
"Rice","Net value","Value of production less total costs listed","dollars per planted acre","No specific size","Mississippi River Delta","United States",2018,-18.43,"Base survey of 2013"
"Rice","Net value","Value of production less total costs listed","dollars per planted acre","No specific size","Mississippi River Delta","United States",2019,-62.04,"Base survey of 2013"
"Rice","Net value","Value of production less total costs listed","dollars per planted acre","No specific size","Mississippi River Delta","United States",2020,181.09,"Base survey of 2013"
"Rice","Net value","Value of production less total costs listed","dollars per planted acre","No specific size","Mississippi River Delta","United States",2021,-15.45,"Base survey of 2021"
"Rice","Net value","Value of production less total costs listed","dollars per planted acre","No specific size","Mississippi River Delta","United States",2022,-64.05,"Base survey of 2021"
"Rice","Net value","Value of production less total costs listed","dollars per planted acre","No specific size","Mississippi River Delta","United States",2023,-38.56,"Base survey of 2021"
"Rice","Net value","Value of production less total costs listed","dollars per planted acre","No specific size","Mississippi River Delta","United States",2024,-67.64,"Base survey of 2021"
"Rice","Net value","Value of production less operating costs","dollars per planted acre","No specific size","U.S. total","United States",2000,84.97,"Base survey of 2000"
"Rice","Net value","Value of production less operating costs","dollars per planted acre","No specific size","U.S. total","United States",2001,29.56,"Base survey of 2000"
"Rice","Net value","Value of production less operating costs","dollars per planted acre","No specific size","U.S. total","United States",2002,-0.11,"Base survey of 2000"
"Rice","Net value","Value of production less operating costs","dollars per planted acre","No specific size","U.S. total","United States",2003,141.14,"Base survey of 2000"
"Rice","Net value","Value of production less operating costs","dollars per planted acre","No specific size","U.S. total","United States",2004,273.38,"Base survey of 2000"
"Rice","Net value","Value of production less operating costs","dollars per planted acre","No specific size","U.S. total","United States",2005,94.02,"Base survey of 2000"
"Rice","Net value","Value of production less operating costs","dollars per planted acre","No specific size","U.S. total","United States",2006,254.16,"Base survey of 2006"
"Rice","Net value","Value of production less operating costs","dollars per planted acre","No specific size","U.S. total","United States",2007,383.8,"Base survey of 2006"
"Rice","Net value","Value of production less operating costs","dollars per planted acre","No specific size","U.S. total","United States",2008,806.93,"Base survey of 2006"
"Rice","Net value","Value of production less operating costs","dollars per planted acre","No specific size","U.S. total","United States",2009,624.91,"Base survey of 2006"
"Rice","Net value","Value of production less operating costs","dollars per planted acre","No specific size","U.S. total","United States",2010,349.64,"Base survey of 2006"
"Rice","Net value","Value of production less operating costs","dollars per planted acre","No specific size","U.S. total","United States",2011,544.17,"Base survey of 2006"
"Rice","Net value","Value of production less operating costs","dollars per planted acre","No specific size","U.S. total","United States",2012,631.78,"Base survey of 2006"
"Rice","Net value","Value of production less operating costs","dollars per planted acre","No specific size","U.S. total","United States",2013,792.71,"Base survey of 2013"
"Rice","Net value","Value of production less operating costs","dollars per planted acre","No specific size","U.S. total","United States",2014,550.8,"Base survey of 2013"
"Rice","Net value","Value of production less operating costs","dollars per planted acre","No specific size","U.S. total","United States",2015,516.5,"Base survey of 2013"
"Rice","Net value","Value of production less operating costs","dollars per planted acre","No specific size","U.S. total","United States",2016,347.06,"Base survey of 2013"
"Rice","Net value","Value of production less operating costs","dollars per planted acre","No specific size","U.S. total","United States",2017,448.03,"Base survey of 2013"
"Rice","Net value","Value of production less operating costs","dollars per planted acre","No specific size","U.S. total","United States",2018,572.58,"Base survey of 2013"
"Rice","Net value","Value of production less operating costs","dollars per planted acre","No specific size","U.S. total","United States",2019,476.06,"Base survey of 2013"
"Rice","Net value","Value of production less operating costs","dollars per planted acre","No specific size","U.S. total","United States",2020,808,"Base survey of 2013"
"Rice","Net value","Value of production less operating costs","dollars per planted acre","No specific size","U.S. total","United States",2021,741.1,"Base survey of 2021"
"Rice","Net value","Value of production less operating costs","dollars per planted acre","No specific size","U.S. total","United States",2022,670.63,"Base survey of 2021"
"Rice","Net value","Value of production less operating costs","dollars per planted acre","No specific size","U.S. total","United States",2023,595.75,"Base survey of 2021"
"Rice","Net value","Value of production less operating costs","dollars per planted acre","No specific size","U.S. total","United States",2024,583.13,"Base survey of 2021"
"Rice","Net value","Value of production less operating costs","dollars per planted acre","No specific size","California","United States",2000,6.63,"Base survey of 2000"
"Rice","Net value","Value of production less operating costs","dollars per planted acre","No specific size","California","United States",2001,24.23,"Base survey of 2000"
"Rice","Net value","Value of production less operating costs","dollars per planted acre","No specific size","California","United States",2002,-6.05,"Base survey of 2000"
"Rice","Net value","Value of production less operating costs","dollars per planted acre","No specific size","California","United States",2003,217.56,"Base survey of 2000"
"Rice","Net value","Value of production less operating costs","dollars per planted acre","No specific size","California","United States",2004,190.68,"Base survey of 2000"
"Rice","Net value","Value of production less operating costs","dollars per planted acre","No specific size","California","United States",2005,85.29,"Base survey of 2000"
"Rice","Net value","Value of production less operating costs","dollars per planted acre","No specific size","California","United States",2006,260.67,"Base survey of 2006"
"Rice","Net value","Value of production less operating costs","dollars per planted acre","No specific size","California","United States",2007,464.31,"Base survey of 2006"
"Rice","Net value","Value of production less operating costs","dollars per planted acre","No specific size","California","United States",2008,1153.6,"Base survey of 2006"
"Rice","Net value","Value of production less operating costs","dollars per planted acre","No specific size","California","United States",2009,1031.28,"Base survey of 2006"
"Rice","Net value","Value of production less operating costs","dollars per planted acre","No specific size","California","United States",2010,756.53,"Base survey of 2006"
"Rice","Net value","Value of production less operating costs","dollars per planted acre","No specific size","California","United States",2011,785.81,"Base survey of 2006"
"Rice","Net value","Value of production less operating costs","dollars per planted acre","No specific size","California","United States",2012,785.17,"Base survey of 2006"
"Rice","Net value","Value of production less operating costs","dollars per planted acre","No specific size","California","United States",2013,1107.3,"Base survey of 2013"
"Rice","Net value","Value of production less operating costs","dollars per planted acre","No specific size","California","United States",2014,976.73,"Base survey of 2013"
"Rice","Net value","Value of production less operating costs","dollars per planted acre","No specific size","California","United States",2015,1068.64,"Base survey of 2013"
"Rice","Net value","Value of production less operating costs","dollars per planted acre","No specific size","California","United States",2016,639.16,"Base survey of 2013"
"Rice","Net value","Value of production less operating costs","dollars per planted acre","No specific size","California","United States",2017,687.13,"Base survey of 2013"
"Rice","Net value","Value of production less operating costs","dollars per planted acre","No specific size","California","United States",2018,1240.12,"Base survey of 2013"
"Rice","Net value","Value of production less operating costs","dollars per planted acre","No specific size","California","United States",2019,1243.81,"Base survey of 2013"
"Rice","Net value","Value of production less operating costs","dollars per planted acre","No specific size","California","United States",2020,1442.01,"Base survey of 2013"
"Rice","Net value","Value of production less operating costs","dollars per planted acre","No specific size","California","United States",2021,2010.86,"Base survey of 2021"
"Rice","Net value","Value of production less operating costs","dollars per planted acre","No specific size","California","United States",2022,2363.99,"Base survey of 2021"
"Rice","Net value","Value of production less operating costs","dollars per planted acre","No specific size","California","United States",2023,737.97,"Base survey of 2021"
"Rice","Net value","Value of production less operating costs","dollars per planted acre","No specific size","California","United States",2024,841.93,"Base survey of 2021"
"Rice","Net value","Value of production less operating costs","dollars per planted acre","No specific size","Gulf Coast","United States",2000,52.75,"Base survey of 2000"
"Rice","Net value","Value of production less operating costs","dollars per planted acre","No specific size","Gulf Coast","United States",2001,12.41,"Base survey of 2000"
"Rice","Net value","Value of production less operating costs","dollars per planted acre","No specific size","Gulf Coast","United States",2002,-36.46,"Base survey of 2000"
"Rice","Net value","Value of production less operating costs","dollars per planted acre","No specific size","Gulf Coast","United States",2003,74.51,"Base survey of 2000"
"Rice","Net value","Value of production less operating costs","dollars per planted acre","No specific size","Gulf Coast","United States",2004,246.84,"Base survey of 2000"
"Rice","Net value","Value of production less operating costs","dollars per planted acre","No specific size","Gulf Coast","United States",2005,49.22,"Base survey of 2000"
"Rice","Net value","Value of production less operating costs","dollars per planted acre","No specific size","Gulf Coast","United States",2006,164.22,"Base survey of 2006"
"Rice","Net value","Value of production less operating costs","dollars per planted acre","No specific size","Gulf Coast","United States",2007,241.14,"Base survey of 2006"
"Rice","Net value","Value of production less operating costs","dollars per planted acre","No specific size","Gulf Coast","United States",2008,604.08,"Base survey of 2006"
"Rice","Net value","Value of production less operating costs","dollars per planted acre","No specific size","Gulf Coast","United States",2009,482.8,"Base survey of 2006"
"Rice","Net value","Value of production less operating costs","dollars per planted acre","No specific size","Gulf Coast","United States",2010,195.89,"Base survey of 2006"
"Rice","Net value","Value of production less operating costs","dollars per planted acre","No specific size","Gulf Coast","United States",2011,335.67,"Base survey of 2006"
"Rice","Net value","Value of production less operating costs","dollars per planted acre","No specific size","Gulf Coast","United States",2012,463.2,"Base survey of 2006"
"Rice","Net value","Value of production less operating costs","dollars per planted acre","No specific size","Gulf Coast","United States",2013,815.65,"Base survey of 2013"
"Rice","Net value","Value of production less operating costs","dollars per planted acre","No specific size","Gulf Coast","United States",2014,621.07,"Base survey of 2013"
"Rice","Net value","Value of production less operating costs","dollars per planted acre","No specific size","Gulf Coast","United States",2015,418.56,"Base survey of 2013"
"Rice","Net value","Value of production less operating costs","dollars per planted acre","No specific size","Gulf Coast","United States",2016,375.89,"Base survey of 2013"
"Rice","Net value","Value of production less operating costs","dollars per planted acre","No specific size","Gulf Coast","United States",2017,361.22,"Base survey of 2013"
"Rice","Net value","Value of production less operating costs","dollars per planted acre","No specific size","Gulf Coast","United States",2018,537.13,"Base survey of 2013"
"Rice","Net value","Value of production less operating costs","dollars per planted acre","No specific size","Gulf Coast","United States",2019,340.87,"Base survey of 2013"
"Rice","Net value","Value of production less operating costs","dollars per planted acre","No specific size","Gulf Coast","United States",2020,721.16,"Base survey of 2013"
"Rice","Net value","Value of production less operating costs","dollars per planted acre","No specific size","Gulf Coast","United States",2021,390.52,"Base survey of 2021"
"Rice","Net value","Value of production less operating costs","dollars per planted acre","No specific size","Gulf Coast","United States",2022,287.86,"Base survey of 2021"
"Rice","Net value","Value of production less operating costs","dollars per planted acre","No specific size","Gulf Coast","United States",2023,496.34,"Base survey of 2021"
"Rice","Net value","Value of production less operating costs","dollars per planted acre","No specific size","Gulf Coast","United States",2024,452.22,"Base survey of 2021"
"Rice","Net value","Value of production less operating costs","dollars per planted acre","No specific size","Arkansas Non-Delta","United States",2000,140.87,"Base survey of 2000"
"Rice","Net value","Value of production less operating costs","dollars per planted acre","No specific size","Arkansas Non-Delta","United States",2001,47.31,"Base survey of 2000"
"Rice","Net value","Value of production less operating costs","dollars per planted acre","No specific size","Arkansas Non-Delta","United States",2002,27.66,"Base survey of 2000"
"Rice","Net value","Value of production less operating costs","dollars per planted acre","No specific size","Arkansas Non-Delta","United States",2003,158.53,"Base survey of 2000"
"Rice","Net value","Value of production less operating costs","dollars per planted acre","No specific size","Arkansas Non-Delta","United States",2004,328.73,"Base survey of 2000"
"Rice","Net value","Value of production less operating costs","dollars per planted acre","No specific size","Arkansas Non-Delta","United States",2005,131.94,"Base survey of 2000"
"Rice","Net value","Value of production less operating costs","dollars per planted acre","No specific size","Arkansas Non-Delta","United States",2006,275.42,"Base survey of 2006"
"Rice","Net value","Value of production less operating costs","dollars per planted acre","No specific size","Arkansas Non-Delta","United States",2007,385.11,"Base survey of 2006"
"Rice","Net value","Value of production less operating costs","dollars per planted acre","No specific size","Arkansas Non-Delta","United States",2008,749.44,"Base survey of 2006"
"Rice","Net value","Value of production less operating costs","dollars per planted acre","No specific size","Arkansas Non-Delta","United States",2009,538.75,"Base survey of 2006"
"Rice","Net value","Value of production less operating costs","dollars per planted acre","No specific size","Arkansas Non-Delta","United States",2010,286.32,"Base survey of 2006"
"Rice","Net value","Value of production less operating costs","dollars per planted acre","No specific size","Arkansas Non-Delta","United States",2011,511.79,"Base survey of 2006"
"Rice","Net value","Value of production less operating costs","dollars per planted acre","No specific size","Arkansas Non-Delta","United States",2012,624.29,"Base survey of 2006"
"Rice","Net value","Value of production less operating costs","dollars per planted acre","No specific size","Arkansas Non-Delta","United States",2013,680.71,"Base survey of 2013"
"Rice","Net value","Value of production less operating costs","dollars per planted acre","No specific size","Arkansas Non-Delta","United States",2014,438.96,"Base survey of 2013"
"Rice","Net value","Value of production less operating costs","dollars per planted acre","No specific size","Arkansas Non-Delta","United States",2015,400.31,"Base survey of 2013"
"Rice","Net value","Value of production less operating costs","dollars per planted acre","No specific size","Arkansas Non-Delta","United States",2016,261.5,"Base survey of 2013"
"Rice","Net value","Value of production less operating costs","dollars per planted acre","No specific size","Arkansas Non-Delta","United States",2017,403.66,"Base survey of 2013"
"Rice","Net value","Value of production less operating costs","dollars per planted acre","No specific size","Arkansas Non-Delta","United States",2018,418.61,"Base survey of 2013"
"Rice","Net value","Value of production less operating costs","dollars per planted acre","No specific size","Arkansas Non-Delta","United States",2019,374.22,"Base survey of 2013"
"Rice","Net value","Value of production less operating costs","dollars per planted acre","No specific size","Arkansas Non-Delta","United States",2020,640.81,"Base survey of 2013"
"Rice","Net value","Value of production less operating costs","dollars per planted acre","No specific size","Arkansas Non-Delta","United States",2021,555,"Base survey of 2021"
"Rice","Net value","Value of production less operating costs","dollars per planted acre","No specific size","Arkansas Non-Delta","United States",2022,542.12,"Base survey of 2021"
"Rice","Net value","Value of production less operating costs","dollars per planted acre","No specific size","Arkansas Non-Delta","United States",2023,606.26,"Base survey of 2021"
"Rice","Net value","Value of production less operating costs","dollars per planted acre","No specific size","Arkansas Non-Delta","United States",2024,574.27,"Base survey of 2021"
"Rice","Net value","Value of production less operating costs","dollars per planted acre","No specific size","Mississippi River Delta","United States",2000,84.06,"Base survey of 2000"
"Rice","Net value","Value of production less operating costs","dollars per planted acre","No specific size","Mississippi River Delta","United States",2001,17.08,"Base survey of 2000"
"Rice","Net value","Value of production less operating costs","dollars per planted acre","No specific size","Mississippi River Delta","United States",2002,-10.18,"Base survey of 2000"
"Rice","Net value","Value of production less operating costs","dollars per planted acre","No specific size","Mississippi River Delta","United States",2003,102.73,"Base survey of 2000"
"Rice","Net value","Value of production less operating costs","dollars per planted acre","No specific size","Mississippi River Delta","United States",2004,271.02,"Base survey of 2000"
"Rice","Net value","Value of production less operating costs","dollars per planted acre","No specific size","Mississippi River Delta","United States",2005,70.69,"Base survey of 2000"
"Rice","Net value","Value of production less operating costs","dollars per planted acre","No specific size","Mississippi River Delta","United States",2006,297.1,"Base survey of 2006"
"Rice","Net value","Value of production less operating costs","dollars per planted acre","No specific size","Mississippi River Delta","United States",2007,407.45,"Base survey of 2006"
"Rice","Net value","Value of production less operating costs","dollars per planted acre","No specific size","Mississippi River Delta","United States",2008,785.99,"Base survey of 2006"
"Rice","Net value","Value of production less operating costs","dollars per planted acre","No specific size","Mississippi River Delta","United States",2009,568.78,"Base survey of 2006"
"Rice","Net value","Value of production less operating costs","dollars per planted acre","No specific size","Mississippi River Delta","United States",2010,309.46,"Base survey of 2006"
"Rice","Net value","Value of production less operating costs","dollars per planted acre","No specific size","Mississippi River Delta","United States",2011,549.5,"Base survey of 2006"
"Rice","Net value","Value of production less operating costs","dollars per planted acre","No specific size","Mississippi River Delta","United States",2012,635.32,"Base survey of 2006"
"Rice","Net value","Value of production less operating costs","dollars per planted acre","No specific size","Mississippi River Delta","United States",2013,648.5,"Base survey of 2013"
"Rice","Net value","Value of production less operating costs","dollars per planted acre","No specific size","Mississippi River Delta","United States",2014,433.68,"Base survey of 2013"
"Rice","Net value","Value of production less operating costs","dollars per planted acre","No specific size","Mississippi River Delta","United States",2015,349.22,"Base survey of 2013"
"Rice","Net value","Value of production less operating costs","dollars per planted acre","No specific size","Mississippi River Delta","United States",2016,238.04,"Base survey of 2013"
"Rice","Net value","Value of production less operating costs","dollars per planted acre","No specific size","Mississippi River Delta","United States",2017,360.09,"Base survey of 2013"
"Rice","Net value","Value of production less operating costs","dollars per planted acre","No specific size","Mississippi River Delta","United States",2018,376.36,"Base survey of 2013"
"Rice","Net value","Value of production less operating costs","dollars per planted acre","No specific size","Mississippi River Delta","United States",2019,338.1,"Base survey of 2013"
"Rice","Net value","Value of production less operating costs","dollars per planted acre","No specific size","Mississippi River Delta","United States",2020,586.58,"Base survey of 2013"
"Rice","Net value","Value of production less operating costs","dollars per planted acre","No specific size","Mississippi River Delta","United States",2021,493.57,"Base survey of 2021"
"Rice","Net value","Value of production less operating costs","dollars per planted acre","No specific size","Mississippi River Delta","United States",2022,474.43,"Base survey of 2021"
"Rice","Net value","Value of production less operating costs","dollars per planted acre","No specific size","Mississippi River Delta","United States",2023,530.55,"Base survey of 2021"
"Rice","Net value","Value of production less operating costs","dollars per planted acre","No specific size","Mississippi River Delta","United States",2024,521.11,"Base survey of 2021"
"Rice","Supporting information","Yield","hundredweight per planted acre","No specific size","U.S. total","United States",2000,68,"Base survey of 2000"
"Rice","Supporting information","Yield","hundredweight per planted acre","No specific size","U.S. total","United States",2001,69,"Base survey of 2000"
"Rice","Supporting information","Yield","hundredweight per planted acre","No specific size","U.S. total","United States",2002,71,"Base survey of 2000"
"Rice","Supporting information","Yield","hundredweight per planted acre","No specific size","U.S. total","United States",2003,71,"Base survey of 2000"
"Rice","Supporting information","Yield","hundredweight per planted acre","No specific size","U.S. total","United States",2004,74,"Base survey of 2000"
"Rice","Supporting information","Yield","hundredweight per planted acre","No specific size","U.S. total","United States",2005,71,"Base survey of 2000"
"Rice","Supporting information","Yield","hundredweight per planted acre","No specific size","U.S. total","United States",2006,72,"Base survey of 2006"
"Rice","Supporting information","Yield","hundredweight per planted acre","No specific size","U.S. total","United States",2007,76,"Base survey of 2006"
"Rice","Supporting information","Yield","hundredweight per planted acre","No specific size","U.S. total","United States",2008,72,"Base survey of 2006"
"Rice","Supporting information","Yield","hundredweight per planted acre","No specific size","U.S. total","United States",2009,74,"Base survey of 2006"
"Rice","Supporting information","Yield","hundredweight per planted acre","No specific size","U.S. total","United States",2010,70,"Base survey of 2006"
"Rice","Supporting information","Yield","hundredweight per planted acre","No specific size","U.S. total","United States",2011,72,"Base survey of 2006"
"Rice","Supporting information","Yield","hundredweight per planted acre","No specific size","U.S. total","United States",2012,78,"Base survey of 2006"
"Rice","Supporting information","Yield","hundredweight per planted acre","No specific size","U.S. total","United States",2013,83,"Base survey of 2013"
"Rice","Supporting information","Yield","hundredweight per planted acre","No specific size","U.S. total","United States",2014,82,"Base survey of 2013"
"Rice","Supporting information","Yield","hundredweight per planted acre","No specific size","U.S. total","United States",2015,81,"Base survey of 2013"
"Rice","Supporting information","Yield","hundredweight per planted acre","No specific size","U.S. total","United States",2016,78,"Base survey of 2013"
"Rice","Supporting information","Yield","hundredweight per planted acre","No specific size","U.S. total","United States",2017,80,"Base survey of 2013"
"Rice","Supporting information","Yield","hundredweight per planted acre","No specific size","U.S. total","United States",2018,84,"Base survey of 2013"
"Rice","Supporting information","Yield","hundredweight per planted acre","No specific size","U.S. total","United States",2019,80,"Base survey of 2013"
"Rice","Supporting information","Yield","hundredweight per planted acre","No specific size","U.S. total","United States",2020,88,"Base survey of 2013"
"Rice","Supporting information","Yield","hundredweight per planted acre","No specific size","U.S. total","United States",2021,83,"Base survey of 2021"
"Rice","Supporting information","Yield","hundredweight per planted acre","No specific size","U.S. total","United States",2022,80,"Base survey of 2021"
"Rice","Supporting information","Yield","hundredweight per planted acre","No specific size","U.S. total","United States",2023,83,"Base survey of 2021"
"Rice","Supporting information","Yield","hundredweight per planted acre","No specific size","U.S. total","United States",2024,84,"Base survey of 2021"
"Rice","Supporting information","Yield","hundredweight per planted acre","No specific size","California","United States",2000,81,"Base survey of 2000"
"Rice","Supporting information","Yield","hundredweight per planted acre","No specific size","California","United States",2001,84,"Base survey of 2000"
"Rice","Supporting information","Yield","hundredweight per planted acre","No specific size","California","United States",2002,83,"Base survey of 2000"
"Rice","Supporting information","Yield","hundredweight per planted acre","No specific size","California","United States",2003,78,"Base survey of 2000"
"Rice","Supporting information","Yield","hundredweight per planted acre","No specific size","California","United States",2004,88,"Base survey of 2000"
"Rice","Supporting information","Yield","hundredweight per planted acre","No specific size","California","United States",2005,76,"Base survey of 2000"
"Rice","Supporting information","Yield","hundredweight per planted acre","No specific size","California","United States",2006,77,"Base survey of 2006"
"Rice","Supporting information","Yield","hundredweight per planted acre","No specific size","California","United States",2007,83,"Base survey of 2006"
"Rice","Supporting information","Yield","hundredweight per planted acre","No specific size","California","United States",2008,83,"Base survey of 2006"
"Rice","Supporting information","Yield","hundredweight per planted acre","No specific size","California","United States",2009,86,"Base survey of 2006"
"Rice","Supporting information","Yield","hundredweight per planted acre","No specific size","California","United States",2010,80,"Base survey of 2006"
"Rice","Supporting information","Yield","hundredweight per planted acre","No specific size","California","United States",2011,83,"Base survey of 2006"
"Rice","Supporting information","Yield","hundredweight per planted acre","No specific size","California","United States",2012,81,"Base survey of 2006"
"Rice","Supporting information","Yield","hundredweight per planted acre","No specific size","California","United States",2013,87,"Base survey of 2013"
"Rice","Supporting information","Yield","hundredweight per planted acre","No specific size","California","United States",2014,88,"Base survey of 2013"
"Rice","Supporting information","Yield","hundredweight per planted acre","No specific size","California","United States",2015,91,"Base survey of 2013"
"Rice","Supporting information","Yield","hundredweight per planted acre","No specific size","California","United States",2016,91,"Base survey of 2013"
"Rice","Supporting information","Yield","hundredweight per planted acre","No specific size","California","United States",2017,87,"Base survey of 2013"
"Rice","Supporting information","Yield","hundredweight per planted acre","No specific size","California","United States",2018,89,"Base survey of 2013"
"Rice","Supporting information","Yield","hundredweight per planted acre","No specific size","California","United States",2019,87,"Base survey of 2013"
"Rice","Supporting information","Yield","hundredweight per planted acre","No specific size","California","United States",2020,90,"Base survey of 2013"
"Rice","Supporting information","Yield","hundredweight per planted acre","No specific size","California","United States",2021,90,"Base survey of 2021"
"Rice","Supporting information","Yield","hundredweight per planted acre","No specific size","California","United States",2022,87,"Base survey of 2021"
"Rice","Supporting information","Yield","hundredweight per planted acre","No specific size","California","United States",2023,85,"Base survey of 2021"
"Rice","Supporting information","Yield","hundredweight per planted acre","No specific size","California","United States",2024,85,"Base survey of 2021"
"Rice","Supporting information","Yield","hundredweight per planted acre","No specific size","Gulf Coast","United States",2000,65,"Base survey of 2000"
"Rice","Supporting information","Yield","hundredweight per planted acre","No specific size","Gulf Coast","United States",2001,68,"Base survey of 2000"
"Rice","Supporting information","Yield","hundredweight per planted acre","No specific size","Gulf Coast","United States",2002,69,"Base survey of 2000"
"Rice","Supporting information","Yield","hundredweight per planted acre","No specific size","Gulf Coast","United States",2003,70,"Base survey of 2000"
"Rice","Supporting information","Yield","hundredweight per planted acre","No specific size","Gulf Coast","United States",2004,66,"Base survey of 2000"
"Rice","Supporting information","Yield","hundredweight per planted acre","No specific size","Gulf Coast","United States",2005,71,"Base survey of 2000"
"Rice","Supporting information","Yield","hundredweight per planted acre","No specific size","Gulf Coast","United States",2006,69,"Base survey of 2006"
"Rice","Supporting information","Yield","hundredweight per planted acre","No specific size","Gulf Coast","United States",2007,69,"Base survey of 2006"
"Rice","Supporting information","Yield","hundredweight per planted acre","No specific size","Gulf Coast","United States",2008,67,"Base survey of 2006"
"Rice","Supporting information","Yield","hundredweight per planted acre","No specific size","Gulf Coast","United States",2009,74,"Base survey of 2006"
"Rice","Supporting information","Yield","hundredweight per planted acre","No specific size","Gulf Coast","United States",2010,70,"Base survey of 2006"
"Rice","Supporting information","Yield","hundredweight per planted acre","No specific size","Gulf Coast","United States",2011,72,"Base survey of 2006"
"Rice","Supporting information","Yield","hundredweight per planted acre","No specific size","Gulf Coast","United States",2012,76,"Base survey of 2006"
"Rice","Supporting information","Yield","hundredweight per planted acre","No specific size","Gulf Coast","United States",2013,88,"Base survey of 2013"
"Rice","Supporting information","Yield","hundredweight per planted acre","No specific size","Gulf Coast","United States",2014,85,"Base survey of 2013"
"Rice","Supporting information","Yield","hundredweight per planted acre","No specific size","Gulf Coast","United States",2015,82,"Base survey of 2013"
"Rice","Supporting information","Yield","hundredweight per planted acre","No specific size","Gulf Coast","United States",2016,80,"Base survey of 2013"
"Rice","Supporting information","Yield","hundredweight per planted acre","No specific size","Gulf Coast","United States",2017,79,"Base survey of 2013"
"Rice","Supporting information","Yield","hundredweight per planted acre","No specific size","Gulf Coast","United States",2018,87,"Base survey of 2013"
"Rice","Supporting information","Yield","hundredweight per planted acre","No specific size","Gulf Coast","United States",2019,77,"Base survey of 2013"
"Rice","Supporting information","Yield","hundredweight per planted acre","No specific size","Gulf Coast","United States",2020,88,"Base survey of 2013"
"Rice","Supporting information","Yield","hundredweight per planted acre","No specific size","Gulf Coast","United States",2021,75,"Base survey of 2021"
"Rice","Supporting information","Yield","hundredweight per planted acre","No specific size","Gulf Coast","United States",2022,72,"Base survey of 2021"
"Rice","Supporting information","Yield","hundredweight per planted acre","No specific size","Gulf Coast","United States",2023,76,"Base survey of 2021"
"Rice","Supporting information","Yield","hundredweight per planted acre","No specific size","Gulf Coast","United States",2024,78,"Base survey of 2021"
"Rice","Supporting information","Yield","hundredweight per planted acre","No specific size","Arkansas Non-Delta","United States",2000,66,"Base survey of 2000"
"Rice","Supporting information","Yield","hundredweight per planted acre","No specific size","Arkansas Non-Delta","United States",2001,67,"Base survey of 2000"
"Rice","Supporting information","Yield","hundredweight per planted acre","No specific size","Arkansas Non-Delta","United States",2002,69,"Base survey of 2000"
"Rice","Supporting information","Yield","hundredweight per planted acre","No specific size","Arkansas Non-Delta","United States",2003,71,"Base survey of 2000"
"Rice","Supporting information","Yield","hundredweight per planted acre","No specific size","Arkansas Non-Delta","United States",2004,75,"Base survey of 2000"
"Rice","Supporting information","Yield","hundredweight per planted acre","No specific size","Arkansas Non-Delta","United States",2005,72,"Base survey of 2000"
"Rice","Supporting information","Yield","hundredweight per planted acre","No specific size","Arkansas Non-Delta","United States",2006,71,"Base survey of 2006"
"Rice","Supporting information","Yield","hundredweight per planted acre","No specific size","Arkansas Non-Delta","United States",2007,74,"Base survey of 2006"
"Rice","Supporting information","Yield","hundredweight per planted acre","No specific size","Arkansas Non-Delta","United States",2008,69,"Base survey of 2006"
"Rice","Supporting information","Yield","hundredweight per planted acre","No specific size","Arkansas Non-Delta","United States",2009,70,"Base survey of 2006"
"Rice","Supporting information","Yield","hundredweight per planted acre","No specific size","Arkansas Non-Delta","United States",2010,67,"Base survey of 2006"
"Rice","Supporting information","Yield","hundredweight per planted acre","No specific size","Arkansas Non-Delta","United States",2011,67,"Base survey of 2006"
"Rice","Supporting information","Yield","hundredweight per planted acre","No specific size","Arkansas Non-Delta","United States",2012,77,"Base survey of 2006"
"Rice","Supporting information","Yield","hundredweight per planted acre","No specific size","Arkansas Non-Delta","United States",2013,81,"Base survey of 2013"
"Rice","Supporting information","Yield","hundredweight per planted acre","No specific size","Arkansas Non-Delta","United States",2014,81,"Base survey of 2013"
"Rice","Supporting information","Yield","hundredweight per planted acre","No specific size","Arkansas Non-Delta","United States",2015,78,"Base survey of 2013"
"Rice","Supporting information","Yield","hundredweight per planted acre","No specific size","Arkansas Non-Delta","United States",2016,74,"Base survey of 2013"
"Rice","Supporting information","Yield","hundredweight per planted acre","No specific size","Arkansas Non-Delta","United States",2017,78,"Base survey of 2013"
"Rice","Supporting information","Yield","hundredweight per planted acre","No specific size","Arkansas Non-Delta","United States",2018,81,"Base survey of 2013"
"Rice","Supporting information","Yield","hundredweight per planted acre","No specific size","Arkansas Non-Delta","United States",2019,78,"Base survey of 2013"
"Rice","Supporting information","Yield","hundredweight per planted acre","No specific size","Arkansas Non-Delta","United States",2020,88,"Base survey of 2013"
"Rice","Supporting information","Yield","hundredweight per planted acre","No specific size","Arkansas Non-Delta","United States",2021,86,"Base survey of 2021"
"Rice","Supporting information","Yield","hundredweight per planted acre","No specific size","Arkansas Non-Delta","United States",2022,84,"Base survey of 2021"
"Rice","Supporting information","Yield","hundredweight per planted acre","No specific size","Arkansas Non-Delta","United States",2023,86,"Base survey of 2021"
"Rice","Supporting information","Yield","hundredweight per planted acre","No specific size","Arkansas Non-Delta","United States",2024,88,"Base survey of 2021"
"Rice","Supporting information","Yield","hundredweight per planted acre","No specific size","Mississippi River Delta","United States",2000,61,"Base survey of 2000"
"Rice","Supporting information","Yield","hundredweight per planted acre","No specific size","Mississippi River Delta","United States",2001,65,"Base survey of 2000"
"Rice","Supporting information","Yield","hundredweight per planted acre","No specific size","Mississippi River Delta","United States",2002,65,"Base survey of 2000"
"Rice","Supporting information","Yield","hundredweight per planted acre","No specific size","Mississippi River Delta","United States",2003,69,"Base survey of 2000"
"Rice","Supporting information","Yield","hundredweight per planted acre","No specific size","Mississippi River Delta","United States",2004,70,"Base survey of 2000"
"Rice","Supporting information","Yield","hundredweight per planted acre","No specific size","Mississippi River Delta","United States",2005,67,"Base survey of 2000"
"Rice","Supporting information","Yield","hundredweight per planted acre","No specific size","Mississippi River Delta","United States",2006,74,"Base survey of 2006"
"Rice","Supporting information","Yield","hundredweight per planted acre","No specific size","Mississippi River Delta","United States",2007,78,"Base survey of 2006"
"Rice","Supporting information","Yield","hundredweight per planted acre","No specific size","Mississippi River Delta","United States",2008,72,"Base survey of 2006"
"Rice","Supporting information","Yield","hundredweight per planted acre","No specific size","Mississippi River Delta","United States",2009,72,"Base survey of 2006"
"Rice","Supporting information","Yield","hundredweight per planted acre","No specific size","Mississippi River Delta","United States",2010,71,"Base survey of 2006"
"Rice","Supporting information","Yield","hundredweight per planted acre","No specific size","Mississippi River Delta","United States",2011,72,"Base survey of 2006"
"Rice","Supporting information","Yield","hundredweight per planted acre","No specific size","Mississippi River Delta","United States",2012,79,"Base survey of 2006"
"Rice","Supporting information","Yield","hundredweight per planted acre","No specific size","Mississippi River Delta","United States",2013,79,"Base survey of 2013"
"Rice","Supporting information","Yield","hundredweight per planted acre","No specific size","Mississippi River Delta","United States",2014,79,"Base survey of 2013"
"Rice","Supporting information","Yield","hundredweight per planted acre","No specific size","Mississippi River Delta","United States",2015,76,"Base survey of 2013"
"Rice","Supporting information","Yield","hundredweight per planted acre","No specific size","Mississippi River Delta","United States",2016,73,"Base survey of 2013"
"Rice","Supporting information","Yield","hundredweight per planted acre","No specific size","Mississippi River Delta","United States",2017,76,"Base survey of 2013"
"Rice","Supporting information","Yield","hundredweight per planted acre","No specific size","Mississippi River Delta","United States",2018,78,"Base survey of 2013"
"Rice","Supporting information","Yield","hundredweight per planted acre","No specific size","Mississippi River Delta","United States",2019,76,"Base survey of 2013"
"Rice","Supporting information","Yield","hundredweight per planted acre","No specific size","Mississippi River Delta","United States",2020,84,"Base survey of 2013"
"Rice","Supporting information","Yield","hundredweight per planted acre","No specific size","Mississippi River Delta","United States",2021,79,"Base survey of 2021"
"Rice","Supporting information","Yield","hundredweight per planted acre","No specific size","Mississippi River Delta","United States",2022,78,"Base survey of 2021"
"Rice","Supporting information","Yield","hundredweight per planted acre","No specific size","Mississippi River Delta","United States",2023,80,"Base survey of 2021"
"Rice","Supporting information","Yield","hundredweight per planted acre","No specific size","Mississippi River Delta","United States",2024,82,"Base survey of 2021"
"Rice","Supporting information","Price","dollars per hundredweight at harvest","No specific size","U.S. total","United States",2000,5.46,"Base survey of 2000"
"Rice","Supporting information","Price","dollars per hundredweight at harvest","No specific size","U.S. total","United States",2001,4.74,"Base survey of 2000"
"Rice","Supporting information","Price","dollars per hundredweight at harvest","No specific size","U.S. total","United States",2002,3.97,"Base survey of 2000"
"Rice","Supporting information","Price","dollars per hundredweight at harvest","No specific size","U.S. total","United States",2003,6.3,"Base survey of 2000"
"Rice","Supporting information","Price","dollars per hundredweight at harvest","No specific size","U.S. total","United States",2004,8.11,"Base survey of 2000"
"Rice","Supporting information","Price","dollars per hundredweight at harvest","No specific size","U.S. total","United States",2005,6.59,"Base survey of 2000"
"Rice","Supporting information","Price","dollars per hundredweight at harvest","No specific size","U.S. total","United States",2006,8.62,"Base survey of 2006"
"Rice","Supporting information","Price","dollars per hundredweight at harvest","No specific size","U.S. total","United States",2007,10.26,"Base survey of 2006"
"Rice","Supporting information","Price","dollars per hundredweight at harvest","No specific size","U.S. total","United States",2008,17.88,"Base survey of 2006"
"Rice","Supporting information","Price","dollars per hundredweight at harvest","No specific size","U.S. total","United States",2009,14.49,"Base survey of 2006"
"Rice","Supporting information","Price","dollars per hundredweight at harvest","No specific size","U.S. total","United States",2010,11.3,"Base survey of 2006"
"Rice","Supporting information","Price","dollars per hundredweight at harvest","No specific size","U.S. total","United States",2011,14.77,"Base survey of 2006"
"Rice","Supporting information","Price","dollars per hundredweight at harvest","No specific size","U.S. total","United States",2012,14.95,"Base survey of 2006"
"Rice","Supporting information","Price","dollars per hundredweight at harvest","No specific size","U.S. total","United States",2013,16.81,"Base survey of 2013"
"Rice","Supporting information","Price","dollars per hundredweight at harvest","No specific size","U.S. total","United States",2014,14.05,"Base survey of 2013"
"Rice","Supporting information","Price","dollars per hundredweight at harvest","No specific size","U.S. total","United States",2015,13.09,"Base survey of 2013"
"Rice","Supporting information","Price","dollars per hundredweight at harvest","No specific size","U.S. total","United States",2016,11.07,"Base survey of 2013"
"Rice","Supporting information","Price","dollars per hundredweight at harvest","No specific size","U.S. total","United States",2017,12.15,"Base survey of 2013"
"Rice","Supporting information","Price","dollars per hundredweight at harvest","No specific size","U.S. total","United States",2018,13.17,"Base survey of 2013"
"Rice","Supporting information","Price","dollars per hundredweight at harvest","No specific size","U.S. total","United States",2019,12.74,"Base survey of 2013"
"Rice","Supporting information","Price","dollars per hundredweight at harvest","No specific size","U.S. total","United States",2020,14.78,"Base survey of 2013"
"Rice","Supporting information","Price","dollars per hundredweight at harvest","No specific size","U.S. total","United States",2021,16.39,"Base survey of 2021"
"Rice","Supporting information","Price","dollars per hundredweight at harvest","No specific size","U.S. total","United States",2022,19.17,"Base survey of 2021"
"Rice","Supporting information","Price","dollars per hundredweight at harvest","No specific size","U.S. total","United States",2023,17.3,"Base survey of 2021"
"Rice","Supporting information","Price","dollars per hundredweight at harvest","No specific size","U.S. total","United States",2024,15.93,"Base survey of 2021"
"Rice","Supporting information","Price","dollars per hundredweight at harvest","No specific size","California","United States",2000,5.19,"Base survey of 2000"
"Rice","Supporting information","Price","dollars per hundredweight at harvest","No specific size","California","United States",2001,5.59,"Base survey of 2000"
"Rice","Supporting information","Price","dollars per hundredweight at harvest","No specific size","California","United States",2002,4.92,"Base survey of 2000"
"Rice","Supporting information","Price","dollars per hundredweight at harvest","No specific size","California","United States",2003,8.42,"Base survey of 2000"
"Rice","Supporting information","Price","dollars per hundredweight at harvest","No specific size","California","United States",2004,7.43,"Base survey of 2000"
"Rice","Supporting information","Price","dollars per hundredweight at harvest","No specific size","California","United States",2005,7.4,"Base survey of 2000"
"Rice","Supporting information","Price","dollars per hundredweight at harvest","No specific size","California","United States",2006,9.34,"Base survey of 2006"
"Rice","Supporting information","Price","dollars per hundredweight at harvest","No specific size","California","United States",2007,11.52,"Base survey of 2006"
"Rice","Supporting information","Price","dollars per hundredweight at harvest","No specific size","California","United States",2008,20.86,"Base survey of 2006"
"Rice","Supporting information","Price","dollars per hundredweight at harvest","No specific size","California","United States",2009,18.54,"Base survey of 2006"
"Rice","Supporting information","Price","dollars per hundredweight at harvest","No specific size","California","United States",2010,16.45,"Base survey of 2006"
"Rice","Supporting information","Price","dollars per hundredweight at harvest","No specific size","California","United States",2011,17,"Base survey of 2006"
"Rice","Supporting information","Price","dollars per hundredweight at harvest","No specific size","California","United States",2012,17.6,"Base survey of 2006"
"Rice","Supporting information","Price","dollars per hundredweight at harvest","No specific size","California","United States",2013,20.9,"Base survey of 2013"
"Rice","Supporting information","Price","dollars per hundredweight at harvest","No specific size","California","United States",2014,19.3,"Base survey of 2013"
"Rice","Supporting information","Price","dollars per hundredweight at harvest","No specific size","California","United States",2015,19,"Base survey of 2013"
"Rice","Supporting information","Price","dollars per hundredweight at harvest","No specific size","California","United States",2016,14,"Base survey of 2013"
"Rice","Supporting information","Price","dollars per hundredweight at harvest","No specific size","California","United States",2017,15.2,"Base survey of 2013"
"Rice","Supporting information","Price","dollars per hundredweight at harvest","No specific size","California","United States",2018,21.2,"Base survey of 2013"
"Rice","Supporting information","Price","dollars per hundredweight at harvest","No specific size","California","United States",2019,21.8,"Base survey of 2013"
"Rice","Supporting information","Price","dollars per hundredweight at harvest","No specific size","California","United States",2020,22.8,"Base survey of 2013"
"Rice","Supporting information","Price","dollars per hundredweight at harvest","No specific size","California","United States",2021,32.2,"Base survey of 2021"
"Rice","Supporting information","Price","dollars per hundredweight at harvest","No specific size","California","United States",2022,41.38,"Base survey of 2021"
"Rice","Supporting information","Price","dollars per hundredweight at harvest","No specific size","California","United States",2023,22.59,"Base survey of 2021"
"Rice","Supporting information","Price","dollars per hundredweight at harvest","No specific size","California","United States",2024,22.71,"Base survey of 2021"
"Rice","Supporting information","Price","dollars per hundredweight at harvest","No specific size","Gulf Coast","United States",2000,5.53,"Base survey of 2000"
"Rice","Supporting information","Price","dollars per hundredweight at harvest","No specific size","Gulf Coast","United States",2001,5.1,"Base survey of 2000"
"Rice","Supporting information","Price","dollars per hundredweight at harvest","No specific size","Gulf Coast","United States",2002,3.91,"Base survey of 2000"
"Rice","Supporting information","Price","dollars per hundredweight at harvest","No specific size","Gulf Coast","United States",2003,5.72,"Base survey of 2000"
"Rice","Supporting information","Price","dollars per hundredweight at harvest","No specific size","Gulf Coast","United States",2004,9.11,"Base survey of 2000"
"Rice","Supporting information","Price","dollars per hundredweight at harvest","No specific size","Gulf Coast","United States",2005,6.73,"Base survey of 2000"
"Rice","Supporting information","Price","dollars per hundredweight at harvest","No specific size","Gulf Coast","United States",2006,8.52,"Base survey of 2006"
"Rice","Supporting information","Price","dollars per hundredweight at harvest","No specific size","Gulf Coast","United States",2007,10.1,"Base survey of 2006"
"Rice","Supporting information","Price","dollars per hundredweight at harvest","No specific size","Gulf Coast","United States",2008,17.36,"Base survey of 2006"
"Rice","Supporting information","Price","dollars per hundredweight at harvest","No specific size","Gulf Coast","United States",2009,13.46,"Base survey of 2006"
"Rice","Supporting information","Price","dollars per hundredweight at harvest","No specific size","Gulf Coast","United States",2010,10.19,"Base survey of 2006"
"Rice","Supporting information","Price","dollars per hundredweight at harvest","No specific size","Gulf Coast","United States",2011,13,"Base survey of 2006"
"Rice","Supporting information","Price","dollars per hundredweight at harvest","No specific size","Gulf Coast","United States",2012,14.21,"Base survey of 2006"
"Rice","Supporting information","Price","dollars per hundredweight at harvest","No specific size","Gulf Coast","United States",2013,15.75,"Base survey of 2013"
"Rice","Supporting information","Price","dollars per hundredweight at harvest","No specific size","Gulf Coast","United States",2014,14.11,"Base survey of 2013"
"Rice","Supporting information","Price","dollars per hundredweight at harvest","No specific size","Gulf Coast","United States",2015,11.36,"Base survey of 2013"
"Rice","Supporting information","Price","dollars per hundredweight at harvest","No specific size","Gulf Coast","United States",2016,10.76,"Base survey of 2013"
"Rice","Supporting information","Price","dollars per hundredweight at harvest","No specific size","Gulf Coast","United States",2017,10.83,"Base survey of 2013"
"Rice","Supporting information","Price","dollars per hundredweight at harvest","No specific size","Gulf Coast","United States",2018,12.03,"Base survey of 2013"
"Rice","Supporting information","Price","dollars per hundredweight at harvest","No specific size","Gulf Coast","United States",2019,11.01,"Base survey of 2013"
"Rice","Supporting information","Price","dollars per hundredweight at harvest","No specific size","Gulf Coast","United States",2020,13.51,"Base survey of 2013"
"Rice","Supporting information","Price","dollars per hundredweight at harvest","No specific size","Gulf Coast","United States",2021,13.2,"Base survey of 2021"
"Rice","Supporting information","Price","dollars per hundredweight at harvest","No specific size","Gulf Coast","United States",2022,15.69,"Base survey of 2021"
"Rice","Supporting information","Price","dollars per hundredweight at harvest","No specific size","Gulf Coast","United States",2023,17,"Base survey of 2021"
"Rice","Supporting information","Price","dollars per hundredweight at harvest","No specific size","Gulf Coast","United States",2024,15.19,"Base survey of 2021"
"Rice","Supporting information","Price","dollars per hundredweight at harvest","No specific size","Arkansas Non-Delta","United States",2000,5.58,"Base survey of 2000"
"Rice","Supporting information","Price","dollars per hundredweight at harvest","No specific size","Arkansas Non-Delta","United States",2001,4.29,"Base survey of 2000"
"Rice","Supporting information","Price","dollars per hundredweight at harvest","No specific size","Arkansas Non-Delta","United States",2002,3.62,"Base survey of 2000"
"Rice","Supporting information","Price","dollars per hundredweight at harvest","No specific size","Arkansas Non-Delta","United States",2003,5.84,"Base survey of 2000"
"Rice","Supporting information","Price","dollars per hundredweight at harvest","No specific size","Arkansas Non-Delta","United States",2004,7.97,"Base survey of 2000"
"Rice","Supporting information","Price","dollars per hundredweight at harvest","No specific size","Arkansas Non-Delta","United States",2005,6.3,"Base survey of 2000"
"Rice","Supporting information","Price","dollars per hundredweight at harvest","No specific size","Arkansas Non-Delta","United States",2006,8.41,"Base survey of 2006"
"Rice","Supporting information","Price","dollars per hundredweight at harvest","No specific size","Arkansas Non-Delta","United States",2007,9.89,"Base survey of 2006"
"Rice","Supporting information","Price","dollars per hundredweight at harvest","No specific size","Arkansas Non-Delta","United States",2008,17.01,"Base survey of 2006"
"Rice","Supporting information","Price","dollars per hundredweight at harvest","No specific size","Arkansas Non-Delta","United States",2009,13.25,"Base survey of 2006"
"Rice","Supporting information","Price","dollars per hundredweight at harvest","No specific size","Arkansas Non-Delta","United States",2010,10.17,"Base survey of 2006"
"Rice","Supporting information","Price","dollars per hundredweight at harvest","No specific size","Arkansas Non-Delta","United States",2011,14.44,"Base survey of 2006"
"Rice","Supporting information","Price","dollars per hundredweight at harvest","No specific size","Arkansas Non-Delta","United States",2012,14.19,"Base survey of 2006"
"Rice","Supporting information","Price","dollars per hundredweight at harvest","No specific size","Arkansas Non-Delta","United States",2013,15.43,"Base survey of 2013"
"Rice","Supporting information","Price","dollars per hundredweight at harvest","No specific size","Arkansas Non-Delta","United States",2014,12.57,"Base survey of 2013"
"Rice","Supporting information","Price","dollars per hundredweight at harvest","No specific size","Arkansas Non-Delta","United States",2015,11.8,"Base survey of 2013"
"Rice","Supporting information","Price","dollars per hundredweight at harvest","No specific size","Arkansas Non-Delta","United States",2016,10.16,"Base survey of 2013"
"Rice","Supporting information","Price","dollars per hundredweight at harvest","No specific size","Arkansas Non-Delta","United States",2017,11.56,"Base survey of 2013"
"Rice","Supporting information","Price","dollars per hundredweight at harvest","No specific size","Arkansas Non-Delta","United States",2018,11.44,"Base survey of 2013"
"Rice","Supporting information","Price","dollars per hundredweight at harvest","No specific size","Arkansas Non-Delta","United States",2019,11.34,"Base survey of 2013"
"Rice","Supporting information","Price","dollars per hundredweight at harvest","No specific size","Arkansas Non-Delta","United States",2020,12.58,"Base survey of 2013"
"Rice","Supporting information","Price","dollars per hundredweight at harvest","No specific size","Arkansas Non-Delta","United States",2021,13.02,"Base survey of 2021"
"Rice","Supporting information","Price","dollars per hundredweight at harvest","No specific size","Arkansas Non-Delta","United States",2022,16.16,"Base survey of 2021"
"Rice","Supporting information","Price","dollars per hundredweight at harvest","No specific size","Arkansas Non-Delta","United States",2023,15.87,"Base survey of 2021"
"Rice","Supporting information","Price","dollars per hundredweight at harvest","No specific size","Arkansas Non-Delta","United States",2024,14.47,"Base survey of 2021"
"Rice","Supporting information","Price","dollars per hundredweight at harvest","No specific size","Mississippi River Delta","United States",2000,5.44,"Base survey of 2000"
"Rice","Supporting information","Price","dollars per hundredweight at harvest","No specific size","Mississippi River Delta","United States",2001,4.53,"Base survey of 2000"
"Rice","Supporting information","Price","dollars per hundredweight at harvest","No specific size","Mississippi River Delta","United States",2002,3.76,"Base survey of 2000"
"Rice","Supporting information","Price","dollars per hundredweight at harvest","No specific size","Mississippi River Delta","United States",2003,5.69,"Base survey of 2000"
"Rice","Supporting information","Price","dollars per hundredweight at harvest","No specific size","Mississippi River Delta","United States",2004,8.22,"Base survey of 2000"
"Rice","Supporting information","Price","dollars per hundredweight at harvest","No specific size","Mississippi River Delta","United States",2005,6.33,"Base survey of 2000"
"Rice","Supporting information","Price","dollars per hundredweight at harvest","No specific size","Mississippi River Delta","United States",2006,8.46,"Base survey of 2006"
"Rice","Supporting information","Price","dollars per hundredweight at harvest","No specific size","Mississippi River Delta","United States",2007,9.77,"Base survey of 2006"
"Rice","Supporting information","Price","dollars per hundredweight at harvest","No specific size","Mississippi River Delta","United States",2008,16.96,"Base survey of 2006"
"Rice","Supporting information","Price","dollars per hundredweight at harvest","No specific size","Mississippi River Delta","United States",2009,13.53,"Base survey of 2006"
"Rice","Supporting information","Price","dollars per hundredweight at harvest","No specific size","Mississippi River Delta","United States",2010,10.1,"Base survey of 2006"
"Rice","Supporting information","Price","dollars per hundredweight at harvest","No specific size","Mississippi River Delta","United States",2011,14.15,"Base survey of 2006"
"Rice","Supporting information","Price","dollars per hundredweight at harvest","No specific size","Mississippi River Delta","United States",2012,14.14,"Base survey of 2006"
"Rice","Supporting information","Price","dollars per hundredweight at harvest","No specific size","Mississippi River Delta","United States",2013,15.47,"Base survey of 2013"
"Rice","Supporting information","Price","dollars per hundredweight at harvest","No specific size","Mississippi River Delta","United States",2014,12.9,"Base survey of 2013"
"Rice","Supporting information","Price","dollars per hundredweight at harvest","No specific size","Mississippi River Delta","United States",2015,11.59,"Base survey of 2013"
"Rice","Supporting information","Price","dollars per hundredweight at harvest","No specific size","Mississippi River Delta","United States",2016,10.14,"Base survey of 2013"
"Rice","Supporting information","Price","dollars per hundredweight at harvest","No specific size","Mississippi River Delta","United States",2017,11.44,"Base survey of 2013"
"Rice","Supporting information","Price","dollars per hundredweight at harvest","No specific size","Mississippi River Delta","United States",2018,11.46,"Base survey of 2013"
"Rice","Supporting information","Price","dollars per hundredweight at harvest","No specific size","Mississippi River Delta","United States",2019,11.3,"Base survey of 2013"
"Rice","Supporting information","Price","dollars per hundredweight at harvest","No specific size","Mississippi River Delta","United States",2020,12.64,"Base survey of 2013"
"Rice","Supporting information","Price","dollars per hundredweight at harvest","No specific size","Mississippi River Delta","United States",2021,13.03,"Base survey of 2021"
"Rice","Supporting information","Price","dollars per hundredweight at harvest","No specific size","Mississippi River Delta","United States",2022,16.12,"Base survey of 2021"
"Rice","Supporting information","Price","dollars per hundredweight at harvest","No specific size","Mississippi River Delta","United States",2023,15.71,"Base survey of 2021"
"Rice","Supporting information","Price","dollars per hundredweight at harvest","No specific size","Mississippi River Delta","United States",2024,14.4,"Base survey of 2021"
"Rice","Supporting information","Enterprise size","planted acres","No specific size","U.S. total","United States",2000,391,"Base survey of 2000"
"Rice","Supporting information","Enterprise size","planted acres","No specific size","U.S. total","United States",2001,391,"Base survey of 2000"
"Rice","Supporting information","Enterprise size","planted acres","No specific size","U.S. total","United States",2002,391,"Base survey of 2000"
"Rice","Supporting information","Enterprise size","planted acres","No specific size","U.S. total","United States",2003,391,"Base survey of 2000"
"Rice","Supporting information","Enterprise size","planted acres","No specific size","U.S. total","United States",2004,391,"Base survey of 2000"
"Rice","Supporting information","Enterprise size","planted acres","No specific size","U.S. total","United States",2005,391,"Base survey of 2000"
"Rice","Supporting information","Enterprise size","planted acres","No specific size","U.S. total","United States",2006,511,"Base survey of 2006"
"Rice","Supporting information","Enterprise size","planted acres","No specific size","U.S. total","United States",2007,511,"Base survey of 2006"
"Rice","Supporting information","Enterprise size","planted acres","No specific size","U.S. total","United States",2008,511,"Base survey of 2006"
"Rice","Supporting information","Enterprise size","planted acres","No specific size","U.S. total","United States",2009,511,"Base survey of 2006"
"Rice","Supporting information","Enterprise size","planted acres","No specific size","U.S. total","United States",2010,511,"Base survey of 2006"
"Rice","Supporting information","Enterprise size","planted acres","No specific size","U.S. total","United States",2011,511,"Base survey of 2006"
"Rice","Supporting information","Enterprise size","planted acres","No specific size","U.S. total","United States",2012,511,"Base survey of 2006"
"Rice","Supporting information","Enterprise size","planted acres","No specific size","U.S. total","United States",2013,569,"Base survey of 2013"
"Rice","Supporting information","Enterprise size","planted acres","No specific size","U.S. total","United States",2014,569,"Base survey of 2013"
"Rice","Supporting information","Enterprise size","planted acres","No specific size","U.S. total","United States",2015,569,"Base survey of 2013"
"Rice","Supporting information","Enterprise size","planted acres","No specific size","U.S. total","United States",2016,569,"Base survey of 2013"
"Rice","Supporting information","Enterprise size","planted acres","No specific size","U.S. total","United States",2017,569,"Base survey of 2013"
"Rice","Supporting information","Enterprise size","planted acres","No specific size","U.S. total","United States",2018,569,"Base survey of 2013"
"Rice","Supporting information","Enterprise size","planted acres","No specific size","U.S. total","United States",2019,569,"Base survey of 2013"
"Rice","Supporting information","Enterprise size","planted acres","No specific size","U.S. total","United States",2020,569,"Base survey of 2013"
"Rice","Supporting information","Enterprise size","planted acres","No specific size","U.S. total","United States",2021,605,"Base survey of 2021"
"Rice","Supporting information","Enterprise size","planted acres","No specific size","U.S. total","United States",2022,605,"Base survey of 2021"
"Rice","Supporting information","Enterprise size","planted acres","No specific size","U.S. total","United States",2023,605,"Base survey of 2021"
"Rice","Supporting information","Enterprise size","planted acres","No specific size","U.S. total","United States",2024,605,"Base survey of 2021"
"Rice","Supporting information","Enterprise size","planted acres","No specific size","California","United States",2000,315,"Base survey of 2000"
"Rice","Supporting information","Enterprise size","planted acres","No specific size","California","United States",2001,315,"Base survey of 2000"
"Rice","Supporting information","Enterprise size","planted acres","No specific size","California","United States",2002,315,"Base survey of 2000"
"Rice","Supporting information","Enterprise size","planted acres","No specific size","California","United States",2003,315,"Base survey of 2000"
"Rice","Supporting information","Enterprise size","planted acres","No specific size","California","United States",2004,315,"Base survey of 2000"
"Rice","Supporting information","Enterprise size","planted acres","No specific size","California","United States",2005,315,"Base survey of 2000"
"Rice","Supporting information","Enterprise size","planted acres","No specific size","California","United States",2006,431,"Base survey of 2006"
"Rice","Supporting information","Enterprise size","planted acres","No specific size","California","United States",2007,431,"Base survey of 2006"
"Rice","Supporting information","Enterprise size","planted acres","No specific size","California","United States",2008,431,"Base survey of 2006"
"Rice","Supporting information","Enterprise size","planted acres","No specific size","California","United States",2009,431,"Base survey of 2006"
"Rice","Supporting information","Enterprise size","planted acres","No specific size","California","United States",2010,431,"Base survey of 2006"
"Rice","Supporting information","Enterprise size","planted acres","No specific size","California","United States",2011,431,"Base survey of 2006"
"Rice","Supporting information","Enterprise size","planted acres","No specific size","California","United States",2012,431,"Base survey of 2006"
"Rice","Supporting information","Enterprise size","planted acres","No specific size","California","United States",2013,520,"Base survey of 2013"
"Rice","Supporting information","Enterprise size","planted acres","No specific size","California","United States",2014,520,"Base survey of 2013"
"Rice","Supporting information","Enterprise size","planted acres","No specific size","California","United States",2015,520,"Base survey of 2013"
"Rice","Supporting information","Enterprise size","planted acres","No specific size","California","United States",2016,520,"Base survey of 2013"
"Rice","Supporting information","Enterprise size","planted acres","No specific size","California","United States",2017,520,"Base survey of 2013"
"Rice","Supporting information","Enterprise size","planted acres","No specific size","California","United States",2018,520,"Base survey of 2013"
"Rice","Supporting information","Enterprise size","planted acres","No specific size","California","United States",2019,520,"Base survey of 2013"
"Rice","Supporting information","Enterprise size","planted acres","No specific size","California","United States",2020,520,"Base survey of 2013"
"Rice","Supporting information","Enterprise size","planted acres","No specific size","California","United States",2021,338,"Base survey of 2021"
"Rice","Supporting information","Enterprise size","planted acres","No specific size","California","United States",2022,338,"Base survey of 2021"
"Rice","Supporting information","Enterprise size","planted acres","No specific size","California","United States",2023,338,"Base survey of 2021"
"Rice","Supporting information","Enterprise size","planted acres","No specific size","California","United States",2024,338,"Base survey of 2021"
"Rice","Supporting information","Enterprise size","planted acres","No specific size","Gulf Coast","United States",2000,366,"Base survey of 2000"
"Rice","Supporting information","Enterprise size","planted acres","No specific size","Gulf Coast","United States",2001,366,"Base survey of 2000"
"Rice","Supporting information","Enterprise size","planted acres","No specific size","Gulf Coast","United States",2002,366,"Base survey of 2000"
"Rice","Supporting information","Enterprise size","planted acres","No specific size","Gulf Coast","United States",2003,366,"Base survey of 2000"
"Rice","Supporting information","Enterprise size","planted acres","No specific size","Gulf Coast","United States",2004,366,"Base survey of 2000"
"Rice","Supporting information","Enterprise size","planted acres","No specific size","Gulf Coast","United States",2005,366,"Base survey of 2000"
"Rice","Supporting information","Enterprise size","planted acres","No specific size","Gulf Coast","United States",2006,469,"Base survey of 2006"
"Rice","Supporting information","Enterprise size","planted acres","No specific size","Gulf Coast","United States",2007,469,"Base survey of 2006"
"Rice","Supporting information","Enterprise size","planted acres","No specific size","Gulf Coast","United States",2008,469,"Base survey of 2006"
"Rice","Supporting information","Enterprise size","planted acres","No specific size","Gulf Coast","United States",2009,469,"Base survey of 2006"
"Rice","Supporting information","Enterprise size","planted acres","No specific size","Gulf Coast","United States",2010,469,"Base survey of 2006"
"Rice","Supporting information","Enterprise size","planted acres","No specific size","Gulf Coast","United States",2011,469,"Base survey of 2006"
"Rice","Supporting information","Enterprise size","planted acres","No specific size","Gulf Coast","United States",2012,469,"Base survey of 2006"
"Rice","Supporting information","Enterprise size","planted acres","No specific size","Gulf Coast","United States",2013,610,"Base survey of 2013"
"Rice","Supporting information","Enterprise size","planted acres","No specific size","Gulf Coast","United States",2014,610,"Base survey of 2013"
"Rice","Supporting information","Enterprise size","planted acres","No specific size","Gulf Coast","United States",2015,610,"Base survey of 2013"
"Rice","Supporting information","Enterprise size","planted acres","No specific size","Gulf Coast","United States",2016,610,"Base survey of 2013"
"Rice","Supporting information","Enterprise size","planted acres","No specific size","Gulf Coast","United States",2017,610,"Base survey of 2013"
"Rice","Supporting information","Enterprise size","planted acres","No specific size","Gulf Coast","United States",2018,610,"Base survey of 2013"
"Rice","Supporting information","Enterprise size","planted acres","No specific size","Gulf Coast","United States",2019,610,"Base survey of 2013"
"Rice","Supporting information","Enterprise size","planted acres","No specific size","Gulf Coast","United States",2020,610,"Base survey of 2013"
"Rice","Supporting information","Enterprise size","planted acres","No specific size","Gulf Coast","United States",2021,886,"Base survey of 2021"
"Rice","Supporting information","Enterprise size","planted acres","No specific size","Gulf Coast","United States",2022,886,"Base survey of 2021"
"Rice","Supporting information","Enterprise size","planted acres","No specific size","Gulf Coast","United States",2023,886,"Base survey of 2021"
"Rice","Supporting information","Enterprise size","planted acres","No specific size","Gulf Coast","United States",2024,886,"Base survey of 2021"
"Rice","Supporting information","Enterprise size","planted acres","No specific size","Arkansas Non-Delta","United States",2000,407,"Base survey of 2000"
"Rice","Supporting information","Enterprise size","planted acres","No specific size","Arkansas Non-Delta","United States",2001,407,"Base survey of 2000"
"Rice","Supporting information","Enterprise size","planted acres","No specific size","Arkansas Non-Delta","United States",2002,407,"Base survey of 2000"
"Rice","Supporting information","Enterprise size","planted acres","No specific size","Arkansas Non-Delta","United States",2003,407,"Base survey of 2000"
"Rice","Supporting information","Enterprise size","planted acres","No specific size","Arkansas Non-Delta","United States",2004,407,"Base survey of 2000"
"Rice","Supporting information","Enterprise size","planted acres","No specific size","Arkansas Non-Delta","United States",2005,407,"Base survey of 2000"
"Rice","Supporting information","Enterprise size","planted acres","No specific size","Arkansas Non-Delta","United States",2006,521,"Base survey of 2006"
"Rice","Supporting information","Enterprise size","planted acres","No specific size","Arkansas Non-Delta","United States",2007,521,"Base survey of 2006"
"Rice","Supporting information","Enterprise size","planted acres","No specific size","Arkansas Non-Delta","United States",2008,521,"Base survey of 2006"
"Rice","Supporting information","Enterprise size","planted acres","No specific size","Arkansas Non-Delta","United States",2009,521,"Base survey of 2006"
"Rice","Supporting information","Enterprise size","planted acres","No specific size","Arkansas Non-Delta","United States",2010,521,"Base survey of 2006"
"Rice","Supporting information","Enterprise size","planted acres","No specific size","Arkansas Non-Delta","United States",2011,521,"Base survey of 2006"
"Rice","Supporting information","Enterprise size","planted acres","No specific size","Arkansas Non-Delta","United States",2012,521,"Base survey of 2006"
"Rice","Supporting information","Enterprise size","planted acres","No specific size","Arkansas Non-Delta","United States",2013,565,"Base survey of 2013"
"Rice","Supporting information","Enterprise size","planted acres","No specific size","Arkansas Non-Delta","United States",2014,565,"Base survey of 2013"
"Rice","Supporting information","Enterprise size","planted acres","No specific size","Arkansas Non-Delta","United States",2015,565,"Base survey of 2013"
"Rice","Supporting information","Enterprise size","planted acres","No specific size","Arkansas Non-Delta","United States",2016,565,"Base survey of 2013"
"Rice","Supporting information","Enterprise size","planted acres","No specific size","Arkansas Non-Delta","United States",2017,565,"Base survey of 2013"
"Rice","Supporting information","Enterprise size","planted acres","No specific size","Arkansas Non-Delta","United States",2018,565,"Base survey of 2013"
"Rice","Supporting information","Enterprise size","planted acres","No specific size","Arkansas Non-Delta","United States",2019,565,"Base survey of 2013"
"Rice","Supporting information","Enterprise size","planted acres","No specific size","Arkansas Non-Delta","United States",2020,565,"Base survey of 2013"
"Rice","Supporting information","Enterprise size","planted acres","No specific size","Arkansas Non-Delta","United States",2021,597,"Base survey of 2021"
"Rice","Supporting information","Enterprise size","planted acres","No specific size","Arkansas Non-Delta","United States",2022,597,"Base survey of 2021"
"Rice","Supporting information","Enterprise size","planted acres","No specific size","Arkansas Non-Delta","United States",2023,597,"Base survey of 2021"
"Rice","Supporting information","Enterprise size","planted acres","No specific size","Arkansas Non-Delta","United States",2024,597,"Base survey of 2021"
"Rice","Supporting information","Enterprise size","planted acres","No specific size","Mississippi River Delta","United States",2000,503,"Base survey of 2000"
"Rice","Supporting information","Enterprise size","planted acres","No specific size","Mississippi River Delta","United States",2001,503,"Base survey of 2000"
"Rice","Supporting information","Enterprise size","planted acres","No specific size","Mississippi River Delta","United States",2002,503,"Base survey of 2000"
"Rice","Supporting information","Enterprise size","planted acres","No specific size","Mississippi River Delta","United States",2003,503,"Base survey of 2000"
"Rice","Supporting information","Enterprise size","planted acres","No specific size","Mississippi River Delta","United States",2004,503,"Base survey of 2000"
"Rice","Supporting information","Enterprise size","planted acres","No specific size","Mississippi River Delta","United States",2005,503,"Base survey of 2000"
"Rice","Supporting information","Enterprise size","planted acres","No specific size","Mississippi River Delta","United States",2006,634,"Base survey of 2006"
"Rice","Supporting information","Enterprise size","planted acres","No specific size","Mississippi River Delta","United States",2007,634,"Base survey of 2006"
"Rice","Supporting information","Enterprise size","planted acres","No specific size","Mississippi River Delta","United States",2008,634,"Base survey of 2006"
"Rice","Supporting information","Enterprise size","planted acres","No specific size","Mississippi River Delta","United States",2009,634,"Base survey of 2006"
"Rice","Supporting information","Enterprise size","planted acres","No specific size","Mississippi River Delta","United States",2010,634,"Base survey of 2006"
"Rice","Supporting information","Enterprise size","planted acres","No specific size","Mississippi River Delta","United States",2011,634,"Base survey of 2006"
"Rice","Supporting information","Enterprise size","planted acres","No specific size","Mississippi River Delta","United States",2012,634,"Base survey of 2006"
"Rice","Supporting information","Enterprise size","planted acres","No specific size","Mississippi River Delta","United States",2013,609,"Base survey of 2013"
"Rice","Supporting information","Enterprise size","planted acres","No specific size","Mississippi River Delta","United States",2014,609,"Base survey of 2013"
"Rice","Supporting information","Enterprise size","planted acres","No specific size","Mississippi River Delta","United States",2015,609,"Base survey of 2013"
"Rice","Supporting information","Enterprise size","planted acres","No specific size","Mississippi River Delta","United States",2016,609,"Base survey of 2013"
"Rice","Supporting information","Enterprise size","planted acres","No specific size","Mississippi River Delta","United States",2017,609,"Base survey of 2013"
"Rice","Supporting information","Enterprise size","planted acres","No specific size","Mississippi River Delta","United States",2018,609,"Base survey of 2013"
"Rice","Supporting information","Enterprise size","planted acres","No specific size","Mississippi River Delta","United States",2019,609,"Base survey of 2013"
"Rice","Supporting information","Enterprise size","planted acres","No specific size","Mississippi River Delta","United States",2020,609,"Base survey of 2013"
"Rice","Supporting information","Enterprise size","planted acres","No specific size","Mississippi River Delta","United States",2021,732,"Base survey of 2021"
"Rice","Supporting information","Enterprise size","planted acres","No specific size","Mississippi River Delta","United States",2022,732,"Base survey of 2021"
"Rice","Supporting information","Enterprise size","planted acres","No specific size","Mississippi River Delta","United States",2023,732,"Base survey of 2021"
"Rice","Supporting information","Enterprise size","planted acres","No specific size","Mississippi River Delta","United States",2024,732,"Base survey of 2021"
