state_code,county_code,county_name,state_abbreviation,mean_shannon,mean_simpson,mean_evenness,mean_dominance,mean_richness,shannon_stability,mean_indem_acre,std_indem_acre,mean_insured_acres,mean_pct_insured,county_land_acres,cv_indemnity,mean_coverage_level,pct_buyup
01,001,Autauga,AL,0.7460324023761341,0.3498272303095143,0.41636861151767646,0.7960482981818303,6.0,0.12220379251517056,29.522276208065723,43.892252059090175,11079.95,0.029049149915264187,381420.80000000005,1.4867502678231315,0.6340626906811725,0.7904786121488278
01,003,Baldwin,AL,1.5939273818318562,0.7300426074506386,0.7254276136689842,0.412341761415553,9.0,0.09518554613955747,20.191165485932153,10.089220573773064,59272.75625,0.05801589979680208,1021664.0,0.49968490332083876,0.6528563277290619,0.7628448543688452
01,005,Barbour,AL,1.0754830132448023,0.5854916376051246,0.60023849836728,0.5498373424195182,6.0,0.13629024074768573,80.73953205086461,71.50223576574808,18983.42825,0.033519727246722794,566336.0,0.8855914067064795,0.6996493241369725,0.6642160546497221
01,009,Blount,AL,0.2507596171543632,0.14515060467396942,0.1808848280619074,0.8916717885679164,1.75,0.5015192343087264,4.936630496286547,2.967613902913947,3409.175,0.00825111283864372,413177.60000000003,0.6011415894193941,0.679425816783667,0.9251352195747554
01,011,Bullock,AL,1.0387775452757066,0.6113801774614983,0.7918411548629188,0.4904697948575226,3.75,0.11450310436117866,64.76987074098783,69.67836446848078,2740.8106,0.00685191686933009,400006.4,1.075783596158804,0.7079760699528592,0.7387547242537947
01,013,Butler,AL,0.3045986884670968,0.17229050134060653,0.21972150865638143,0.834795673076923,1.75,0.6091973769341936,44.86020166063709,18.273567182479443,3697.79,0.007437276346106814,497196.8,0.40734474001515064,0.7600526061995923,0.8770037726232652
01,015,Calhoun,AL,0.8602496583470638,0.4661524976357463,0.620538958011867,0.6395456156250979,3.25,0.5830911512585083,8.420290582311353,9.259741212336502,5992.760625,0.015389160300697662,389414.4,1.099693783940022,0.65494059329257,0.9062900103103295
01,019,Cherokee,AL,0.6240671455774429,0.33021541244708297,0.4719518159390784,0.7866400899017179,4.0,0.167239741653749,21.416927589024674,29.191411373135903,24377.022,0.06886226655156205,353996.8,1.3630064934288402,0.6892824873580524,0.8572493212888936
01,021,Chilton,AL,0.7995498884909316,0.5134449423627511,0.6815061746862879,0.5581005059325048,3.25,0.12720286950311227,151.51917593687187,129.2304409269518,2831.6,0.0063753638433384245,444147.2,0.8528982561309181,0.6292567796451696,0.7994926550155051
01,023,Choctaw,AL,0.0,0.0,0.0,1.0,1.0,0.0,1.5927189541677405,1.3039315875179984,611.55,0.001046016874473186,584646.4,0.8186827839939627,0.6982609015068649,0.9359000246604463
01,025,Clarke,AL,0.0,0.0,0.0,1.0,1.0,0.0,103.79634896582883,50.55623957254409,1543.0333333333335,0.0019468899556948055,792563.2000000001,0.487071463266862,0.6988228568455106,0.9578670443564136
01,031,Coffee,AL,1.1869392817079263,0.6318057179474776,0.6228429191491927,0.4859588144212741,6.75,0.028944396940224316,97.9159822882089,67.24786556797604,47833.8075,0.11007573634184599,434553.6,0.6867915124421324,0.7101550791885651,0.7943984198857923
01,033,Colbert,AL,0.7186070879438936,0.39824982222901073,0.5345531065823226,0.7511827602180488,4.0,0.026534814837980793,6.770910091325549,8.059671144803271,38061.3748,0.10003010466250653,380499.19999999995,1.1903379362737072,0.7049435389844125,0.894412406785312
01,035,Conecuh,AL,0.9833487928883824,0.5305348436941636,0.6109889578785763,0.6379523696597139,5.0,0.07244434219853942,44.42294845418836,37.20354386261174,8182.88,0.015028091538452498,544505.6,0.837484794620922,0.7486197889097768,0.9190534075100419
01,039,Covington,AL,0.9308562934444837,0.5425585637293311,0.5097712477735443,0.56899657395474,6.25,0.048009108904931916,66.49222030966644,38.69025969079234,28130.72625,0.0425163565858902,661644.7999999999,0.5818764888674903,0.7211272506070601,0.8468289287051304
01,041,Crenshaw,AL,1.0451190922683355,0.6159572104158793,0.7105754586490849,0.4891604875053982,4.5,0.023241005218575004,50.17966063304425,29.350121445788066,8148.935,0.02088767829899275,390131.2,0.584900756113533,0.7472596389284711,0.7628165836219205
01,043,Cullman,AL,0.8846557984138792,0.5055156556824154,0.5782009168230322,0.536763506465192,3.75,0.5905343531779003,2.200584131635046,2.4878159819912353,6371.275,0.013481463628915401,472595.19999999995,1.1305252756425062,0.6475932732212009,0.816981492559277
01,045,Dale,AL,1.077449378219203,0.6112632016326331,0.5944882420557687,0.4739383728074438,6.25,0.020614290753672344,78.3000437743284,70.31514085816839,26870.8909,0.07483160217307999,359084.80000000005,0.8980217311349964,0.7033240609028224,0.7705417784364956
01,047,Dallas,AL,1.0029417269042926,0.5085529050286847,0.6140900480273362,0.6611925381070612,5.25,0.13226857610548282,16.610689298324115,8.70740783585509,21184.595,0.033752005880943396,627654.4,0.5242050874272627,0.6957612356544893,0.7988500222852705
01,049,De Kalb,AL,1.0030648919238572,0.5639743712708332,0.5905551991230337,0.5431271240626209,5.5,0.07036670078995787,19.685463026642367,9.4242882703582,17126.9338,0.03440093849224203,497862.39999999997,0.47874354073375563,0.7395424587047644,0.9588618632883251
01,051,Elmore,AL,0.45817949747792674,0.22088080829850634,0.3466308028344083,0.8777598495698863,3.75,0.08534958731576445,14.882067850073566,19.4418083168089,14819.7452,0.037272401047870454,397606.4,1.3063915923964016,0.6912428290362483,0.857758682788363
01,053,Escambia,AL,0.9842428118824527,0.47719044108649344,0.549316372418277,0.6838529955986838,6.0,0.07887299789930066,38.549986349338276,26.892242834724065,36632.8125,0.0604179627301083,606323.2,0.6975940948727646,0.6796576640667882,0.8298002376706528
01,055,Etowah,AL,0.7798723735308364,0.43143196563066477,0.673429908581313,0.6961432318080321,3.25,0.20401729284478495,19.943944714838633,25.750179915711552,4789.334925,0.013992251262691184,342284.80000000005,1.2911277224185735,0.7112045571319816,0.9656394149854587
01,057,Fayette,AL,0.48111580147407157,0.2931505648468204,0.4379304750517099,0.7507825051815656,2.0,0.5653986194653815,24.258573913114002,22.74876947668241,4381.6975,0.01090782006779148,401702.39999999997,0.937762028310518,0.687087667383912,0.9174943187731384
01,059,Franklin,AL,0.8566588980891365,0.5041799237873852,0.7208331010609527,0.5389180567767017,2.75,0.5759787638055008,15.604318676309386,13.249181347782407,5400.3125,0.013274791204534014,406809.6,0.8490714412220657,0.6751222453425347,0.7719971007355084
01,061,Geneva,AL,1.1776200040200622,0.6198951516916975,0.5603047049799891,0.47345788651465426,8.25,0.08307932111694552,94.2630671897786,48.24554495209839,61812.10625,0.16759459987441003,368819.19999999995,0.5118181106388812,0.7011007928746343,0.814714162187544
01,063,Greene,AL,0.0,0.0,0.0,1.0,1.0,0.0,13.333081990021403,11.032918895197591,1494.6000000000001,0.0036157624599377582,413356.8,0.827484515842228,0.7897073601477329,0.8926610410903894
01,065,Hale,AL,0.29659233757859127,0.16870759859182785,0.2139461472951495,0.8471698113207548,1.75,0.5931846751571825,11.600956574104487,1.4417428044976064,5308.93575,0.01288596655384938,411993.6,0.12427792443563206,0.737775874876909,0.8825275263922652
01,067,Henry,AL,1.0015819100506085,0.5644242891183893,0.5147112833225365,0.5283403212570833,7.0,0.06270345903014109,81.77301779285109,73.88546676591554,52495.464824999995,0.1460024275348211,359552.0,0.9035433540325436,0.7114071702899286,0.7480303402970845
01,069,Houston,AL,1.1384762060602764,0.5953514113842375,0.5850610351217788,0.5338333138649904,7.0,0.05350414674638739,70.63139549592015,51.75432482770907,78090.028625,0.21024134972527825,371430.4,0.7327382457097076,0.702196828955965,0.7804195193562546
01,071,Jackson,AL,1.107130497617966,0.6138875277688359,0.6703621536033165,0.47722736103886454,5.25,0.010382363432125029,7.611449214567592,4.948113377398069,38969.534025,0.05644538713134073,690393.6,0.6500882076343424,0.7358105419926978,0.95749332312682
01,075,Lamar,AL,0.0,0.0,0.0,1.0,1.0,0.0,20.790911563116655,17.997472506199973,2604.3083333333334,0.006727670944586812,387104.0,0.8656413381185133,0.6904837658714317,0.9238130070997007
01,077,Lauderdale,AL,1.0034648196705864,0.5332227068419957,0.6234877480628964,0.6425599918453428,5.0,0.06899294637640731,13.179603588428789,12.242362023215684,38762.417425,0.0904703450939003,428454.4,0.9288869684945632,0.7349942713083998,0.9500216404608632
01,079,Lawrence,AL,0.7728028036656586,0.4121161548549823,0.5214978972546483,0.7418114709772228,4.5,0.11877120676784056,13.750563612846442,10.604822588953896,54132.72335,0.12198560707602613,443763.2,0.7712282119873514,0.7272418297733895,0.9444339231387364
01,081,Lee,AL,0.0,0.0,0.0,1.0,1.0,0.0,27.775595952179028,24.521464865534274,2336.43,0.00599739099899788,389574.4,0.8828420786273188,0.7135500866628354,0.9010669156385612
01,083,Limestone,AL,0.7589858428540572,0.3864919372326088,0.49428429081822134,0.764401837625647,4.75,0.1301281785924059,7.416668253458938,7.773033601314703,84746.674275,0.23310743518121205,363552.0,1.048049250104933,0.6988033708497221,0.8711622188615556
01,085,Lowndes,AL,0.0,0.0,0.0,1.0,1.0,0.0,21.486854805007827,16.87864105096991,4972.416666666667,0.010821797144143892,459481.60000000003,0.7855333506994284,0.7802415430970673,0.891483565071793
01,087,Macon,AL,0.4430252950107645,0.25443778431810066,0.5097316721466028,0.8518317038561599,2.5,0.055410434151853205,18.637875104328625,22.468253552091202,6304.95,0.016136218919937103,390732.8,1.2055158340916758,0.6738555114995148,0.8363550233916597
01,089,Madison,AL,1.132891707363054,0.6058843676811405,0.6683826425060315,0.5511661184773865,5.5,0.08244139720518973,8.669036598624977,4.388653970141606,88266.7343,0.17134221083306417,515148.8,0.506244715916611,0.7071775768658543,0.907218344439013
01,091,Marengo,AL,0.0,0.0,0.0,1.0,1.0,0.0,17.262637416117673,15.428052090422586,4478.766666666666,0.007162524478697563,625305.6,0.8937250849060768,0.7538861512716422,0.9317891388051205
01,093,Marion,AL,0.29690540025768186,0.16442853702107801,0.21417197428245519,0.8601798855273917,1.75,0.5938108005153637,5.949925297412367,5.4120930012093496,4488.01435,0.00945835964159507,474502.39999999997,0.9096068825541521,0.65159732546209,0.8789785056653959
01,095,Marshall,AL,1.1048196586339785,0.6232882131949268,0.767804268750526,0.45480512049144156,4.25,0.04153107989184186,5.162024615387827,4.119928273507945,8373.924299999999,0.023073848832134168,362918.39999999997,0.7981225547097497,0.7172551460397809,0.9142312815870328
01,097,Mobile,AL,0.5580822174984672,0.2858256181361568,0.38692250088611696,0.8297379323524035,4.25,0.15568708180273844,13.317489528251043,13.630384731144536,32224.425,0.04083291897793349,789177.6,1.0234950590522136,0.5693438390813912,0.33528129047723243
01,099,Monroe,AL,0.42345678455005054,0.2158200722845063,0.2764411873867638,0.8495049916054512,4.5,0.346900155625513,39.785840724047866,31.23586449515026,29210.0825,0.04449067008456402,656544.0,0.7851000236943663,0.6958701949016183,0.8996244375028646
01,101,Montgomery,AL,0.0,0.0,0.0,1.0,1.0,0.0,26.929439701833136,43.21452835491893,4492.933333333333,0.008889040130334954,505446.4,1.6047318040552192,0.7093909617448508,0.7311593656004286
01,103,Morgan,AL,1.2791432727210654,0.7006990146062709,0.8250870592729311,0.39455416677370236,4.75,0.05209584014834001,4.0041585269774425,2.8789162487111923,10346.7025,0.02776785465081328,372614.4,0.7189815860972806,0.7276045200514872,0.9163597690743619
01,105,Perry,AL,0.8946341610996839,0.5265674096614364,0.645342133814186,0.5856685846795469,4.0,0.21298923836920702,37.645012277680756,12.91829952776856,9051.0725,0.019656280621073552,460467.2,0.3431609859090856,0.7298852658662832,0.8849090989802532
01,107,Pickens,AL,0.2738006504415176,0.16609668169006414,0.24922409230781198,0.842140221402214,1.5,0.5476013008830352,6.419893562927211,5.584434173478347,7461.175,0.013226482196342267,564108.7999999999,0.8698639811922477,0.7020974122140975,0.8995958968999967
01,109,Pike,AL,0.9636317964263283,0.576786889744837,0.6951134069735936,0.5046205262145798,4.0,0.05142703525083133,67.06569522633386,50.01294594818044,19616.385875,0.045676948764865215,429459.19999999995,0.7457306716853727,0.7103271648241262,0.6730972365443725
01,113,Russell,AL,1.0259184704754476,0.5156025083438177,0.5725760003475493,0.6582886001401553,6.0,0.048684994767562884,29.947353613839702,31.683389033251103,8101.993125,0.019739543843654492,410444.80000000005,1.0579695769381479,0.6667578040023069,0.7289800553577696
01,117,Shelby,AL,0.050080302109028536,0.01999952277512909,0.045585055460960505,0.9896791563832175,1.5,0.10016060421805707,12.603838533964,10.064305372896333,4606.475,0.009057138239439277,508601.60000000003,0.7985111318092263,0.7103585817524449,0.9595317897914767
01,119,Sumter,AL,0.0,0.0,0.0,1.0,1.0,0.0,2.8229671381012587,2.2859133377093896,2061.8733333333334,0.0035601002092219736,579161.6000000001,0.80975556068531,0.7693821636574164,0.8785728379029552
01,121,Talladega,AL,0.6781986720304388,0.36340841627007014,0.42138852750444833,0.6727754855017282,3.0,0.7831631181559326,19.169866204340344,18.730604335126607,16694.4625,0.03527253479405839,473299.19999999995,0.9770858145523059,0.7079504947512584,0.9597810280771036
01,123,Tallapoosa,AL,0.0,0.0,0.0,1.0,1.0,0.0,3.3594077658116555,4.058181271337104,644.9666666666667,0.00140370289118252,459475.19999999995,1.2080049682080258,0.6724031169713048,0.9127805734942117
01,125,Tuscaloosa,AL,0.24372442630816668,0.14899099120378873,0.22184753331281523,0.8700063816209317,1.5,0.48744885261633336,7.423759665331418,11.283035173663416,8226.15,0.009705263162862342,847596.7999999999,1.519854586127649,0.6674691225692984,0.8500676814922185
01,129,Washington,AL,0.0,0.0,0.0,1.0,1.0,0.0,28.280290048248016,42.85413856100152,2841.133333333333,0.004107925557838111,691622.4,1.5153358925205354,0.6921679559965227,0.8918983578011527
01,131,Wilcox,AL,0.0,0.0,0.0,1.0,1.0,0.0,37.20416362992893,9.419625707414392,3835.866666666667,0.0067443192900331584,568755.2,0.25318740668683554,0.7642287083128279,0.888530526006867
01,999,All Other Counties,AL,0.0,0.0,0.0,1.0,1.0,0.0,30.106006147852813,9.396053299556385,8970.5125,,,0.3120989630245764,0.5179313177842473,0.4955591629056901
02,240,Southeast Fairbanks,AK,0.11593832262560536,0.07219312788053839,0.16726364310094555,0.9562456707457863,1.25,0.2318766452512107,3.6231697679193955,4.302303515458397,4465.4825,0.00028117492527662857,15881510.4,1.1874418785319558,0.6159158839065734,0.6037313776342451
02,999,All Other Counties,AK,0.0,0.0,0.0,1.0,1.0,0.0,34.20327868852459,59.24181647396239,575.1666666666666,,,1.7320508075688772,0.5641956052049777,0.3409240306024336
04,003,Cochise,AZ,1.1275831864808366,0.5481552761768083,0.6292569230353058,0.6399107379640585,6.0,0.19839092911677236,13.56876450752348,8.373845140435261,24054.7025,0.006092191792825941,3948448.0,0.6171413127401696,0.7106612867961376,0.8707782268265413
04,009,Graham,AZ,0.9203102964884746,0.462482863644905,0.5392434838479954,0.7054761286471214,5.5,0.18298024185041897,50.574159298706476,35.3019926944134,31125.955,0.010505712434547624,2962764.8,0.6980243109116064,0.7243321413862904,0.8905436378360992
04,012,La Paz,AZ,0.25223456855716003,0.1617749795523339,0.36389756119818206,0.8984843611881095,1.5,0.29132944035176317,36.22951136365181,16.74900666649876,15110.35,0.005246707602306692,2879968.0,0.46230285852827246,0.650872543011325,0.5142634672535427
04,013,Maricopa,AZ,1.172061626969053,0.5334458949207,0.4596268124352024,0.6568324976768536,13.5,0.08953311165397485,71.54596493302323,32.93406933658181,96217.49375,0.016335710853510325,5890009.6,0.4603204299140082,0.6357655760468935,0.5350686588726746
04,015,Mohave,AZ,0.0,0.0,0.0,1.0,1.0,0.0,21.2340317635358,19.964478622456095,4017.1666666666665,0.0004715288962642219,8519449.6,0.9402113948393047,0.8040522089791443,0.8940809190880951
04,019,Pima,AZ,0.3072868881051427,0.21114212396982088,0.36118057804460946,0.8486301321262267,1.75,0.35483019107267727,9.446671910205493,11.802854767477974,13378.0975,0.0022754912868607167,5879212.800000001,1.2494193595023697,0.7839596669301637,0.8557176333407681
04,021,Pinal,AZ,1.0309425857041945,0.4726095288196078,0.4994581215024295,0.7085634860765919,8.0,0.0547704777310086,29.600530763704832,17.585523224819447,156392.785875,0.04550882431055024,3436537.6,0.5940948615145178,0.7057990690564961,0.8484292507313324
04,027,Yuma,AZ,1.396341017382161,0.6841190368699489,0.6151593482422497,0.40977951710793253,9.75,0.029099886124418526,6.5279265212793876,3.73734116748047,45082.3475,0.012774758476693343,3529017.6,0.5725158142172226,0.5824661870213018,0.35829025102760687
04,999,All Other Counties,AZ,0.0,0.0,0.0,1.0,1.0,0.0,14.238840216937838,24.66239469659139,2583.4666666666667,,,1.7320508075688774,0.556553212082698,0.27619386300131304
05,001,Arkansas,AR,1.0747616302286822,0.6224801289516007,0.5920123013734359,0.48907519717685255,6.25,0.034329420685959545,0.4436488444753458,0.29301812318042747,153063.59275,0.2419466698417536,632633.6,0.6604730899884287,0.5840395782303648,0.7500697809641764
05,003,Ashley,AR,1.3077476316208692,0.6595174673145887,0.6288936742912383,0.47254609973558714,8.0,0.050052316798291405,5.513579850105964,0.4492026181490212,128361.8869,0.21773375485127286,589536.0,0.08147204363792573,0.6285049999716495,0.7762426260946936
05,007,Benton,AR,0.0,0.0,0.0,1.0,1.0,0.0,11.187591984397976,10.875930433085935,813.0214666666666,0.0015016088153130258,541433.6,0.9721422132889117,0.8136068476772889,0.9466748998666991
05,011,Bradley,AR,0.0,0.0,0.0,1.0,1.0,0.0,1647.5228287619248,1238.1794224109992,593.025,0.0014241605251832838,416403.2,0.7515400702164852,0.6680518251921477,0.8905415070880667
05,017,Chicot,AR,1.2764166534960464,0.6398122083590173,0.6988617702912333,0.540571599580203,6.25,0.06904076761715051,7.291636324376688,3.5640467401985227,235673.93085,0.5717754094578281,412179.19999999995,0.488785586889948,0.6337974948831384,0.8291162499732387
05,019,Clark,AR,0.776962403489427,0.38868174924967624,0.4997665312427676,0.7657228055000794,4.75,0.10198434929251023,14.656089854620303,6.779396243147024,9741.53555,0.017587961241088246,553875.2,0.4625651391602128,0.708664505711721,0.9134328975656506
05,021,Clay,AR,1.273629875370407,0.6639472293958413,0.7108263677373647,0.46367446782123317,6.0,0.01127823022411388,3.0763063007470093,3.0007327786489313,163679.36345,0.4000453705468872,409152.0,0.9754336809440183,0.6586506206620769,0.8323678296621613
05,029,Conway,AR,1.0139394130527801,0.5333608413614035,0.6299959788565604,0.6301102275003045,5.0,0.1181753784982183,3.888081512690637,3.1277623657192923,27732.402675,0.07791401452789265,355936.0,0.8044487636152495,0.6001094659510408,0.790935040726098
05,031,Craighead,AR,1.2614763045957864,0.6917871092329325,0.6761633147939703,0.3687439348189898,6.5,0.04705965343033034,6.7420722404819635,4.572012185606583,193366.67405,0.4250399924077499,454937.60000000003,0.6781315925620739,0.6360132379799186,0.7582737431517105
05,033,Crawford,AR,0.8136677545787607,0.4593632259386851,0.6291235838037421,0.6956533360004691,3.75,0.1526558056402815,8.035800873829144,4.661231452632017,14911.97305,0.039133942274181634,381049.6,0.5800581081859102,0.6190209011381442,0.8073624734720225
05,035,Crittenden,AR,1.3112419144509888,0.6461074110329763,0.7318180464344983,0.5399642959283677,6.0,0.08026534658362224,8.301576944316182,1.583064157178359,316010.890225,0.8092286018266426,390508.8,0.1906943906919072,0.6368338622914624,0.8078565831113549
05,037,Cross,AR,1.0396167774997624,0.589005607521871,0.4955031831253238,0.5256155455950067,8.25,0.04521153707581678,10.083181223110671,3.948103216334907,218496.015725,0.5543558083466956,394144.0,0.3915533331173149,0.6417305916072072,0.8177209827076337
05,041,Desha,AR,1.334517516336372,0.7004097546841447,0.7298168776337854,0.3917103567826583,6.25,0.017754424762252696,11.009084779022135,10.268459078791206,221379.5902,0.45217010639027966,489593.6,0.9327259517846392,0.6145505667670729,0.7621035848064348
05,043,Drew,AR,1.399512126250946,0.7151153317293167,0.6841899572574415,0.3553374386687683,7.75,0.049667939214496845,8.10042055438995,4.731187496473103,56670.80165,0.10691893981758194,530035.2,0.5840668968611855,0.6215097850938331,0.753520206588489
05,045,Faulkner,AR,1.180292760604165,0.6309822128066838,0.7875336289705379,0.5268542304355424,4.5,0.11675302599445117,7.897667217752324,5.346725527251388,12875.53875,0.031076074788957027,414323.2,0.6770006104122814,0.6532968845019272,0.8321487884889881
05,047,Franklin,AR,0.3110460971337442,0.16918408864265927,0.2243723309113598,0.866,1.75,0.6220921942674884,14.407137777311032,4.154229967419273,2576.12725,0.006603558080756296,390112.0,0.28834526549482503,0.6948070108990351,0.8563214482131074
05,055,Greene,AR,1.25334257896994,0.660816929109556,0.6995038120322692,0.4327413523814452,6.0,0.009273441301000655,3.879924598102097,2.0878613871788816,136249.069725,0.36863287466072014,369606.4,0.5381190624684251,0.6880887033446907,0.9028327780087433
05,057,Hempstead,AR,0.0,0.0,0.0,1.0,1.0,0.0,2.3361294619561597,0.9212419846131911,963.5283333333333,0.0020658273815241206,466412.8,0.3943454331686688,0.8185682870262883,0.8042979530026279
05,059,Hot Spring,AR,0.0,0.0,0.0,1.0,1.0,0.0,8.943655908734824,0.8689728638793591,2459.184333333333,0.0062486389033440115,393555.19999999995,0.09716081127748626,0.7208676151965843,0.9029228702719004
05,063,Independence,AR,1.2003188909074716,0.6085191115957223,0.6881038552398523,0.5782546388531293,5.75,0.04318141721207598,6.218802395980921,2.817793423424378,47831.58485,0.09785128090304146,488819.19999999995,0.4531086926391901,0.6478543489669084,0.792780346596032
05,067,Jackson,AR,1.166145111864053,0.6257260518254886,0.5921119052120126,0.5065038920516589,7.25,0.03391558340561784,9.48615348857685,3.925587226001575,231894.465475,0.5719394846329832,405452.8,0.4138228662153459,0.656309518413456,0.7913192316071164
05,069,Jefferson,AR,1.377871991236002,0.7018910770284974,0.7690050003361397,0.4503040677456972,6.0,0.03915726200522291,4.602456256883178,0.9298499293038452,212217.74665,0.37475444626096266,566284.8,0.20203340942419895,0.6529792169028563,0.7444236152688155
05,071,Johnson,AR,0.24711749264396907,0.14695521676919102,0.22493603539020957,0.8906502423263328,1.5,0.49423498528793813,8.335996990591816,5.344497003315631,4722.4717,0.011143455655269793,423788.8,0.641134708823377,0.6566240457058329,0.8042346216043424
05,073,Lafayette,AR,1.593125991240678,0.7616197084503029,0.872786940972071,0.3614142071663109,6.25,0.1162763078216595,16.273575055798144,7.2830934603289865,36467.52095,0.10822507404439696,336960.0,0.44754108641506396,0.6763340292582937,0.8147614699064625
05,075,Lawrence,AR,0.9761601383264004,0.5721895941519457,0.5593167498710739,0.5130699761956383,5.75,0.04881536845705508,4.815988601170382,3.4405219994500866,95356.450875,0.2540096740238803,375404.80000000005,0.7143957937554027,0.6777940750205962,0.8804054487152922
05,077,Lee,AR,1.270837172653097,0.6315623851412172,0.6805935128233015,0.5474685878230101,6.5,0.0914138633367918,8.279044799487192,4.053357360705503,207085.59704999998,0.537797502560624,385062.39999999997,0.4895923936728268,0.6289956700496829,0.7430485443853018
05,079,Lincoln,AR,1.3251172349927498,0.6980128117526274,0.7395620102756599,0.41667578095093327,6.0,0.024239625629139172,6.319862940298772,5.246649838529317,97182.95685,0.27057799372438524,359168.0,0.830184117613361,0.6531659134516761,0.8011591665472116
05,081,Little River,AR,1.3421097462661498,0.6762686759937336,0.7203817555408532,0.48284109767444455,6.5,0.09341994502491714,17.820803611346985,3.0261299093115017,29603.9393,0.0869918100469223,340307.2,0.1698088355221357,0.6298410553749013,0.772641323287302
05,083,Logan,AR,0.0,0.0,0.0,1.0,1.0,0.0,2.6949928295977448,4.0296222901401855,5946.015833333334,0.013087818529566447,454316.8,1.4952256072390544,0.6490898087027528,0.8718926001999263
05,085,Lonoke,AR,1.2922920406021423,0.6695726612634746,0.6784860282308018,0.48085685741072126,6.75,0.011492733187374652,1.5381271201343016,0.9459748738313413,160826.94662499998,0.3280747089946766,490214.4,0.6150173554892806,0.6287937953320357,0.7463506954865882
05,091,Miller,AR,1.4814679781781679,0.7262147639450169,0.8268230215166268,0.4163802361232436,6.0,0.16865351238765436,16.080805463412002,6.987491942179407,64395.245775,0.16125127652078192,399347.2,0.43452375305937013,0.7017618901408939,0.8396236387099516
05,093,Mississippi,AR,1.2480206655090091,0.6534883216091277,0.6965335955761377,0.4587041011925361,6.0,0.03501481503159308,7.339410833807636,3.6826178581046793,475200.7671,0.826608626322015,574880.0,0.5017593293921335,0.6056791672050288,0.7453178905100809
05,095,Monroe,AR,1.4402269661910523,0.7053440013232503,0.7867862188457339,0.45457359294198246,6.25,0.09135140461513538,4.717492000648745,1.1946954676540846,163567.9253,0.42128885400354404,388256.0,0.25324801133521607,0.633198949247854,0.792766540269288
05,105,Perry,AR,0.20323538006579267,0.11917691574622319,0.1466033374770514,0.9156521739130434,1.75,0.40647076013158534,8.351876369108755,10.281135193444182,6157.6675,0.01746352682460885,352601.60000000003,1.2309970525271678,0.6181319283370108,0.869817271634612
05,107,Phillips,AR,1.330029230862043,0.665745423324227,0.6963539000618963,0.48787623695696186,6.75,0.12179200379519704,17.09830820763524,16.08754881900465,324582.43327499996,0.7321813446405756,443308.8,0.9408854153079754,0.6342049737503571,0.8011913864181909
05,109,Pike,AR,0.0,0.0,0.0,1.0,1.0,0.0,45.28501143853907,41.907785856474376,539.19,0.001397131681066649,385926.4,0.9254228833165191,0.8475531662376709,0.9990361663555748
05,111,Poinsett,AR,1.3151097100068387,0.6991791662422497,0.7339767042355458,0.38439322614938015,6.0,0.03192616425880476,9.671907170160683,6.555298502743597,303013.99312500004,0.6248308974817385,484953.6,0.6777668961678724,0.6333446596610263,0.8249371870616371
05,115,Pope,AR,0.9128161103489749,0.5084595250222348,0.5904191890732501,0.6408984145774881,4.75,0.043189504319655334,10.093973063517959,5.269984385265542,12773.654375,0.02458287345847703,519616.0,0.5220921783824182,0.7045922087175145,0.8710835085293797
05,117,Prairie,AR,1.0503452691321118,0.5781373162123399,0.5507995033872843,0.5707044689956893,6.75,0.06050137089267058,1.7850572673519902,0.9296889522925714,90420.651775,0.2187269029127576,413395.19999999995,0.5208174377910582,0.6188104138933782,0.8131944931009913
05,119,Pulaski,AR,1.034182475056271,0.5202631191857372,0.590959305668647,0.6584803441119256,5.75,0.12429114072554266,3.4577261886608426,2.919472561114615,41853.565825,0.08483977660356827,493324.80000000005,0.8443330679822597,0.6330630501854768,0.7044248282176823
05,121,Randolph,AR,1.0225538492019666,0.583082156265595,0.6587932857878709,0.5252729912387792,4.75,0.06268018621094246,3.2572269570069787,2.7289007623818096,46916.699375,0.11246562359767649,417164.80000000005,0.8377987774267223,0.6842869843488453,0.8856231345612422
05,123,St Francis,AR,1.2521910585827134,0.6372205455872338,0.6434989093358798,0.536436140482959,7.0,0.09911838327981509,6.3383180628740305,3.0505168905221787,216078.29545,0.5326617705424476,405657.60000000003,0.48128176280553525,0.6069577721979601,0.7078346531474828
05,131,Sebastian,AR,0.15628352019987318,0.10838585190928268,0.22546945956502717,0.9205715756951596,1.25,0.31256704039974637,11.9577419556831,5.814586270581891,3775.236,0.011000310029091452,343193.6,0.4862612265870498,0.6040746003568895,0.7040063464237741
05,133,Sevier,AR,0.0,0.0,0.0,1.0,1.0,0.0,19.891858946607826,11.710107083110774,937.5433333333334,0.0025976370860966293,360921.60000000003,0.5886884234672148,0.8063233545851243,0.9228461242410676
05,143,Washington,AR,0.0,0.0,0.0,1.0,1.0,0.0,169.86192053062715,137.72588481882312,218.63333333333335,0.00035970031518061464,607820.8,0.8108108302825311,0.8032147836598494,0.9699177455953562
05,145,White,AR,1.0305679648073802,0.5676781678994911,0.6052968785356432,0.585265035842909,5.5,0.10409057472657084,4.71656282408265,2.7034814147513746,73128.735625,0.11050322467826128,661779.2,0.5731888910601312,0.6597113591268955,0.7573943335993435
05,147,Woodruff,AR,1.2889597598050222,0.6400776194657625,0.6767251712072335,0.5369700090641502,6.75,0.053633068416543236,5.68518453056394,0.9095443732546948,196480.11512499998,0.5233909231499122,375398.39999999997,0.15998502218616165,0.6248432278098612,0.6996384055716164
05,149,Yell,AR,1.1056093276543775,0.5865234275859168,0.7159036876543423,0.589960028671998,4.75,0.059683319037405064,2.201430400420648,1.9390812260704002,14417.98125,0.024278843077439136,593849.6,0.8808278588775197,0.5906109493349126,0.712840027835614
05,999,All Other Counties,AR,0.0,0.0,0.0,1.0,1.0,0.0,58.88986762006303,33.813411220540445,3139.5825,,,0.574180459000058,0.5436684535070968,0.13981525666851966
06,001,Alameda,CA,0.0,0.0,0.0,1.0,1.0,0.0,8.030613184635255,6.733234408932379,2543.9133333333334,0.005389135381500512,472044.80000000005,0.8384458638619136,0.6014559028370696,0.4330060532144664
06,005,Amador,CA,0.0,0.0,0.0,1.0,1.0,0.0,0.7169830095743572,0.6558155857984446,971.3166666666666,0.0025594588118566983,379500.80000000005,0.9146877639231294,0.6863017495142482,0.7721046817019093
06,007,Butte,CA,1.1378938401130785,0.5482103532143374,0.5524441556344919,0.6395539186245692,8.0,0.06499639066378082,19.22793609855399,8.227118763281553,132770.755525,0.12653587732027183,1049273.6,0.4278732112023329,0.6857694399164912,0.7964976017158822
06,009,Calaveras,CA,0.0,0.0,0.0,1.0,1.0,0.0,236.86549244945255,217.4399692183757,716.15,0.0010970004852750874,652825.6,0.9179892223633112,0.7509686453317072,0.9414760704830203
06,011,Colusa,CA,1.502591844270076,0.6313371017520969,0.5911926866468198,0.5789386344379011,12.75,0.08693581288492316,11.0046709818566,5.160266076693778,176492.90904,0.23965843707633744,736435.2000000001,0.46891597987813605,0.704361361329856,0.872455296783955
06,013,Contra Costa,CA,0.9472108292928132,0.4737188714202209,0.5469825702578155,0.6527213068385744,4.5,0.6361574355566371,35.45701339590248,41.44193605562567,11615.2625,0.025208483445030905,460768.0,1.168793761417447,0.6584375725334676,0.7199199778457174
06,017,El Dorado,CA,1.1120804529301003,0.6461365961447734,0.8491275453491546,0.4478889158811915,3.75,0.09413405513208613,222.93474321615335,249.53018833219053,863.9975,0.0007890791675190694,1094944.0,1.1192969957592063,0.694524548052066,0.9217453834344947
06,019,Fresno,CA,2.2713199088972535,0.8515430138812972,0.6589411733614423,0.24231667170665244,31.5,0.05655110849244948,25.010510603463125,6.693551998198098,721074.6594,0.1889535758473887,3816147.1999999997,0.2676295619998763,0.6318909432289519,0.7476270404446179
06,021,Glenn,CA,1.5382640213891108,0.6382450669654645,0.6046268105879912,0.5739258826886997,12.75,0.13055002269581104,25.673219444016727,12.16869916564801,109720.58157499999,0.13039223656320592,841465.6,0.47398415271536914,0.6768664779324137,0.8315813973524772
06,025,Imperial,CA,1.3759180766385388,0.6823621481068887,0.8393618388904899,0.4875350683112626,5.25,0.2301631645803597,26.046120677249686,28.60636185987841,20682.92,0.00774111439542198,2671827.1999999997,1.0982964493773923,0.6664402788917198,0.7392236329276065
06,029,Kern,CA,2.3860975930630786,0.8663142658612553,0.7414053061139334,0.27424185456898315,25.0,0.05449579510600229,30.642745666693784,15.165081726808447,455485.65075000003,0.08742167131356438,5210214.4,0.4948995723738842,0.5967191105461868,0.6314735644096737
06,031,Kings,CA,1.850168346691709,0.781959304001894,0.6036229748561855,0.30347404664947897,21.5,0.09185459728364886,15.342733585193663,8.080262816034018,321430.993625,0.36106365073728963,890233.6,0.5266507934304345,0.626174775133194,0.7124684535500653
06,033,Lake,CA,0.9665163189843341,0.5834409103063487,0.8797610667145179,0.5415040899799225,3.0,0.03915383923197767,8.154861280664624,13.6607418391898,6599.90225,0.008197675017985469,805094.4,1.6751654466005146,0.6794832148545099,0.7779502099998771
06,035,Lassen,CA,0.0,0.0,0.0,1.0,1.0,0.0,22.897372796560855,31.28741650187498,1687.8442333333332,0.0005786922026966437,2916652.8000000003,1.3664194918717616,0.8020645592059381,0.9857208830748622
06,037,Los Angeles,CA,0.0,0.0,0.0,1.0,1.0,0.0,4.205094707082064,2.6401968198835672,1388.8216666666667,0.000534376587816568,2598956.8,0.6278566842827692,0.5178492924892877,0.0512517137745728
06,039,Madera,CA,1.8976566701240953,0.7610187381143112,0.6263083617746779,0.4128247670959614,20.75,0.030323737507483524,41.16096628261331,15.000262719149662,161791.41525,0.11835938981399763,1366950.4000000001,0.3644293143206864,0.6294150136576735,0.7310440300634384
06,045,Mendocino,CA,0.5793234177447415,0.3594471553546702,0.5916986894323014,0.767154093057143,2.75,0.10040543742665482,3.0605531926278964,1.8643770564904396,6968.925,0.0031031742398766595,2245740.8,0.6091634221490597,0.6494001548334272,0.7629356256880221
06,047,Merced,CA,2.217962068159033,0.8340892033322381,0.7053880676723502,0.27852407494511444,23.25,0.05646309057542955,17.983944219657968,3.3053363099732302,207030.451575,0.1677226929086258,1234361.6,0.18379373676883512,0.6369889575947857,0.7573520815884545
06,049,Modoc,CA,1.6680843101698317,0.7855187554519725,0.8749179831936368,0.3066640775760896,6.75,0.12110803705523322,50.67405321252662,49.497542573916824,14224.9352,0.0056353696026977,2524224.0,0.9767827800615135,0.7558284123354237,0.9472699951523613
06,053,Monterey,CA,0.6654468034557361,0.3309808713635168,0.4616359976400338,0.8043353991628157,4.25,0.13665005376746556,29.513231229970334,40.76700338549049,34592.91375,0.01627099376401662,2126048.0,1.3813127768975728,0.5957599823492655,0.5736277723126328
06,055,Napa,CA,0.0,0.0,0.0,1.0,1.0,0.0,25.341272567916892,16.64660432663626,15664.411250000001,0.03247269257973678,482387.2,0.656896936885149,0.6521801973806711,0.8173435598242629
06,061,Placer,CA,0.4784695861974215,0.26057033950546316,0.45827384483514993,0.8456888664036278,2.75,0.20677836594540736,23.056051152884393,21.300071304809073,11797.435625,0.013125809554506648,898796.7999999999,0.9238386557857875,0.7192702169324643,0.854548978283367
06,065,Riverside,CA,2.0336783295255083,0.8193897476797448,0.7617395510924759,0.330624759349488,14.5,0.06531538163920657,11.137490013696826,5.216865108542421,65884.0615,0.014283136025172845,4612716.8,0.4684058169414067,0.5486441638141891,0.3243960028183103
06,067,Sacramento,CA,1.9451997710419855,0.8164116250664353,0.7646737639322777,0.29866175333941675,12.75,0.10790660695787967,12.51019520868249,8.887756725114262,61535.401975,0.09956927001080879,618016.0,0.7104410903952852,0.6406440978682957,0.699604717929042
06,069,San Benito,CA,1.5875005377476188,0.7683859561022968,0.9077347325479301,0.31581044266039704,5.75,0.14738434524800345,14.539127114202667,3.055467252666045,5928.33375,0.006668553902909163,888998.3999999999,0.21015479324623873,0.682352007527746,0.7270754427827986
06,071,San Bernardino,CA,1.2047854298699168,0.6623086965678928,0.8357806077048449,0.40757098956076776,4.25,0.29705122330738987,9.345942130260553,8.177792018385006,4433.3575,0.0003454492504051864,12833600.0,0.8750099138648335,0.5889240256094916,0.541926951938901
06,073,San Diego,CA,1.1307042215615766,0.5745083052565003,0.6623904891639495,0.5596715666529994,5.75,0.2630100319007136,15.577994389623964,17.340690940549866,9344.96,0.00347663867387003,2687929.6,1.1131529840644943,0.5249865596041556,0.18480568714511542
06,077,San Joaquin,CA,2.4240631590541963,0.8838881098485393,0.7658401581286037,0.2304644176574765,23.75,0.092982368446585,45.13040661660935,6.205995422046347,233359.843825,0.2605802669777046,895539.2,0.137512508468345,0.6657368198968128,0.8000953551816522
06,079,San Luis Obispo,CA,1.1107623117390493,0.5969145913438751,0.6262427293566845,0.5039081279010801,6.0,0.09142842786759306,14.135831197361078,6.76337607692609,31052.555,0.014683692011518253,2114764.8000000003,0.4784561998864771,0.6114357725794111,0.641524900929918
06,083,Santa Barbara,CA,0.8270194732915718,0.44953808359672603,0.6404630246018121,0.7103659291221203,3.75,0.13042894402987337,12.860458995359592,12.682787169670384,13813.84,0.007886023434331625,1751686.4000000001,0.986184643506634,0.602087603427581,0.6120452763538725
06,085,Santa Clara,CA,0.0,0.0,0.0,1.0,1.0,0.0,21.65809489269545,16.592949405884067,1641.756666666667,0.0019874987732659793,826041.6000000001,0.7661315313324403,0.6634064390352327,0.7159001806114745
06,089,Shasta,CA,0.0,0.0,0.0,1.0,1.0,0.0,6.961283633519237,6.386043688652936,4900.642966666666,0.0020229511954265615,2422521.6,0.9173658228639807,0.7118089000349093,0.9122908221191779
06,093,Siskiyou,CA,1.4916702335758425,0.7420099591900333,0.8552173363520084,0.35421496569309346,5.75,0.05654772426948309,25.861007833764656,35.38734170158564,21449.927499999998,0.005331109362622838,4023539.1999999997,1.3683666904652962,0.7686606810542201,0.9184043660979183
06,095,Solano,CA,2.0141420388755975,0.821949649303122,0.7532267854267932,0.2975882239521307,14.5,0.11007311799045479,8.76415600175667,2.8240346579922013,70558.458625,0.1329581779828055,530681.6000000001,0.3222255123512358,0.6308138631441854,0.6880533148607693
06,097,Sonoma,CA,0.4681554281622759,0.2159520848483019,0.3574708615645824,0.8820054218945595,3.75,0.03351208581817964,20.29091850063124,16.557756735250027,28020.1823,0.027782277104697058,1008563.2000000001,0.8160180986747803,0.6545390127455613,0.7922591469482199
06,099,Stanislaus,CA,1.9358305263107316,0.7348492803033078,0.641034872513953,0.479584688998685,20.5,0.07980709902107742,43.24468945678185,21.288132092687896,102538.93685,0.10725543003241754,956025.6,0.4922715912658585,0.6436164829843137,0.7604899833781711
06,101,Sutter,CA,1.7286067783380297,0.69901891171748,0.6654661816005574,0.5142929947436253,13.5,0.17485490869852507,38.91920395630198,26.305948142022018,160262.586875,0.41559115078200204,385625.6,0.6759117727987969,0.6829042561205064,0.8449519150102093
06,103,Tehama,CA,1.6063917440879059,0.7489222804645953,0.7136709677488745,0.34053386248198186,9.5,0.08238791617784873,77.61438379671907,44.577352813329156,25729.803425,0.013623501893114684,1888633.5999999999,0.5743439634859736,0.6516536363752394,0.7556707926367922
06,107,Tulare,CA,2.620045795445787,0.9046105809673775,0.7803101542157751,0.17612948158114192,28.75,0.06605310650021802,47.816561828079074,46.48807266966153,318738.745,0.10324054441932681,3087340.8000000003,0.9722169660965163,0.602960941233753,0.7341825766734876
06,111,Ventura,CA,1.278301305250149,0.6820538835467929,0.7306577957594376,0.4599572481439622,5.75,0.12584738446542768,12.168050316523999,11.692528123146817,38143.7675,0.032298074415406705,1180992.0,0.9609204284164217,0.5502085445782857,0.3897523062290122
06,113,Yolo,CA,2.056030401346526,0.8302337347667899,0.7422651352548131,0.2943840213031397,16.0,0.07247845606013982,18.70142673386525,2.688306312714407,146647.563725,0.22613599368412415,648492.8,0.14374872842435707,0.6381591429337519,0.8086940581092691
06,115,Yuba,CA,1.3936337441113538,0.7026743537397296,0.7976916232174658,0.43117161745736104,5.75,0.09102503827654022,70.84385591617482,58.52179015603794,35486.5513,0.08791599106732309,403641.60000000003,0.8260672629858428,0.6564591104130039,0.7891969395212575
06,999,All Other Counties,CA,0.0,0.0,0.0,1.0,1.0,0.0,8.4687705491407,4.859807546371499,9170.7,,,0.5738504211646883,0.523037296187129,0.12008856669310905
08,001,Adams,CO,0.584397038474373,0.2545161958329487,0.2947173154515853,0.8589843346336281,7.25,0.06477856921337999,12.80448826960372,1.9729081029507902,159080.95327499998,0.20853908324497872,762835.2000000001,0.154079418201681,0.6874593214506197,0.9326279772081053
08,003,Alamosa,CO,0.9715157034607158,0.594719631320928,0.8411306428974034,0.4661951892798163,3.25,0.04194559041380143,32.32165230795235,11.934232643152946,33650.71625,0.07274987428483964,462553.6,0.3692333711608139,0.6957686365114587,0.8566841426181621
08,005,Arapahoe,CO,0.2712922784969731,0.11805732461388277,0.2311991801365395,0.9370705595740247,3.25,0.17773504471760235,9.87371845092882,3.2533613717609615,64711.6389,0.12589577879479294,514009.6,0.32949707730980704,0.7156420855370732,0.9366204557316914
08,009,Baca,CO,1.0544340118341313,0.6043195803188843,0.5928348831837935,0.5119455204837641,6.0,0.049810490617382165,10.777344139874453,8.942765698666717,277274.4121375,0.1695182840705726,1635660.7999999998,0.8297745328164767,0.7482963217990605,0.9540738712662086
08,011,Bent,CO,1.0159302637763488,0.5937721907035615,0.7029817736989935,0.49260482283939716,4.25,0.12482040630872476,44.27451011494006,44.76394915933081,19733.60715,0.020367105602665303,968896.0,1.0110546461862622,0.8206606467042121,0.9791275563175309
08,013,Boulder,CO,1.372212764629551,0.7124977403259869,0.8526037283129662,0.4108250686153761,5.0,0.07093189114919807,11.934725060799728,8.272003443595947,4914.826375,0.010343205305252134,475174.4,0.6931038127359804,0.6773398290450868,0.8214376155441917
08,017,Cheyenne,CO,1.0791824032098352,0.5732249566401646,0.5791250932118246,0.5738148887311407,6.5,0.0810974218651692,23.898863537691327,20.81738322655216,248934.45165,0.21835129576058887,1140064.0,0.8710616382959253,0.7077332762816285,0.9422610676553168
08,021,Conejos,CO,0.6469356141507459,0.3282850001446249,0.46666540115486843,0.8076712688739122,4.0,0.08445343915688493,14.767063358328304,14.12516686182596,10768.6904,0.013071641793943536,823820.8,0.9565318790252004,0.7442105097734404,0.967368194642033
08,023,Costilla,CO,0.24380568216121404,0.14904416049266606,0.22192149557765198,0.86980416440901,1.5,0.4876113643224281,13.182765334265431,5.6556418575372165,9214.545,0.011733132232499388,785344.0,0.42901786644390416,0.640032877406433,0.6353591986503827
08,025,Crowley,CO,0.22862433720491993,0.13414373503857802,0.2081028398854796,0.9061790954469823,1.5,0.45724867440983985,16.48686920572942,25.50989090786422,4353.69485,0.008621970117650413,504953.6,1.5472853329241658,0.8251537685515746,0.9685328049521477
08,029,Delta,CO,1.4719825779498672,0.7181119910525894,0.8045674220946618,0.41880275925917343,6.25,0.09070449027618498,144.66451732892068,117.15873922768156,2462.88375,0.0033694266396187764,730950.3999999999,0.8098650684417672,0.6601630768202026,0.8910989110943656
08,031,Denver,CO,0.0,0.0,0.0,1.0,1.0,0.0,31.63537871009249,16.18079284876748,1167.3948,0.011894713889794588,98144.0,0.5114777666184662,0.7146129416355915,0.9874573929646785
08,033,Dolores,CO,0.6925379423658411,0.4993910276072353,0.9991210550786458,0.514104998161561,2.0,0.000753723132693608,6.061876207736379,4.598898878708505,20213.561425,0.029601291251452708,682860.8,0.7586593195089054,0.7227020086477689,0.8509773360924682
08,039,Elbert,CO,0.6557723640692847,0.3338208318502422,0.408184952320796,0.7991324365073245,5.0,0.27240673323417414,7.915427845808971,8.298471172208506,46002.957624999995,0.03883747462640752,1184499.2,1.0483919926832947,0.7293358460612798,0.9459633002779888
08,041,El Paso,CO,0.0,0.0,0.0,1.0,1.0,0.0,6.0660980011832635,10.506789941741424,301.6714,0.0002216659514684098,1360928.0,1.7320508075688772,0.6343768727073801,0.5928673952675025
08,061,Kiowa,CO,0.9917547254261345,0.5234374884198416,0.6005693676835273,0.6441948423057959,5.25,0.126820838832882,21.05295336997724,18.62354257301428,244487.993525,0.21570561656633436,1133433.6,0.8846047509691708,0.7117587180583468,0.933925834034028
08,063,Kit Carson,CO,1.0473894937281565,0.5908210652262437,0.4994541758186956,0.4986076620705268,8.25,0.044412558144592454,26.633891261264566,19.825897579725897,457438.576625,0.3307685219270769,1382956.7999999998,0.7443860675574663,0.7034911457372285,0.9321504224079105
08,067,La Plata,CO,0.18952060190904035,0.09499678093769123,0.13671021626023197,0.9436651583710407,1.75,0.3790412038180807,14.751096204543735,7.587191920558414,2201.599725,0.002032916449672015,1082976.0,0.5143476671395686,0.8430084688711368,0.9813601835409741
08,069,Larimer,CO,1.372389444395602,0.6889206617373697,0.786953684333463,0.47919119552175116,5.75,0.0654157314329368,28.86340087312289,29.73504910448047,15338.65135,0.009213332846797755,1664832.0,1.03019908274805,0.6634375697272887,0.9129111532246709
08,071,Las Animas,CO,0.0,0.0,0.0,1.0,1.0,0.0,6.715207868978086,5.936217007097195,1411.1191,0.0004619829305330604,3054483.2,0.8839960166416356,0.8700318281789655,0.9964092962266501
08,073,Lincoln,CO,0.9097508448093855,0.45781279100860206,0.6259760671786313,0.7116953463518517,4.25,0.21508765021294302,10.747026043786171,11.763078817080554,168959.918575,0.10208456502806842,1655097.6,1.0945426920112338,0.7138628797665205,0.9432762018973349
08,075,Logan,CO,1.2055714588257898,0.6224968829793895,0.5422654016531879,0.5166130590369784,9.25,0.039039411489310026,9.993449900460517,6.680899252180026,219544.27382499998,0.18658373466242548,1176652.8,0.6685278175930174,0.6947118798383236,0.9271191096862035
08,077,Mesa,CO,0.8285223463597775,0.4479359701159401,0.6236522190823662,0.6972584657818255,3.75,0.1922295196823023,143.86062559491205,235.44981501705655,1214.47725,0.0005702413652242506,2129760.0,1.6366522392308,0.6813588827395801,0.9686952639840137
08,081,Moffat,CO,0.028460485623523414,0.011791636372816161,0.04105980147034887,0.9939581668209374,1.25,0.05692097124704683,3.1711639107940597,4.822463578516748,6334.6028,0.0020871562813010703,3035040.0,1.5207235305945452,0.8656383775583278,0.9728458737316401
08,083,Montezuma,CO,0.683022682243204,0.4899302161011605,0.9853934364869487,0.5627822902180946,2.0,0.009037146631518238,6.032692495816377,2.6751191478967415,7707.33925,0.005913061075465352,1303443.2000000002,0.4434370141942283,0.7709139682614086,0.948904877646185
08,085,Montrose,CO,1.5224353884158832,0.7441538349926953,0.7823770224719699,0.3473565376090414,7.0,0.0333391724023979,11.539223258173697,4.224976494055368,5889.1275,0.004106810966098517,1433990.4000000001,0.3661404584630639,0.7290013965894777,0.9356702374336415
08,087,Morgan,CO,1.14766216120861,0.5886199149896683,0.4997388857710896,0.5438780325393976,10.0,0.10398776441787012,20.338845060034448,16.529885345687795,123946.587175,0.15067105127041258,822630.3999999999,0.8127248768008363,0.7037111278359569,0.9168981207189735
08,089,Otero,CO,0.8219670528362741,0.4265294246895647,0.48437681272952016,0.7244813548953711,5.5,0.1136264689721916,46.14160675018339,70.66777936829064,13217.762275,0.016353953371464378,808230.3999999999,1.5315413646277016,0.750615599333905,0.9361445089258831
08,095,Phillips,CO,1.0134056632951092,0.5767548260106008,0.4707467925339365,0.4676565879441308,8.75,0.10868809717113827,12.760089283828684,8.86611466746495,224737.56358,0.5106780534215847,440076.8,0.6948317108330342,0.7044806370975831,0.9294426517954342
08,099,Prowers,CO,0.9431962461864081,0.49686264351658305,0.4617100301144975,0.6739907824405961,7.75,0.03317480114176078,22.794851853918424,27.94923248035568,148284.13595,0.14124407906818845,1049843.2000000002,1.2261203827719205,0.7354157840027585,0.9525344911412172
08,101,Pueblo,CO,1.3501604310483184,0.6895406491475429,0.8389018430703842,0.4605949143979239,5.0,0.14256376109618502,74.39572244609695,73.94295880183866,9968.27655,0.0065204911936563555,1528761.6,0.993914117245298,0.7462307431659051,0.9486424249197426
08,105,Rio Grande,CO,0.9600329298813977,0.5781501730240819,0.6925173735149972,0.49526248040793186,4.0,0.06192182645015311,16.140330729398457,9.664218934718376,28248.3765,0.0484182627043111,583424.0,0.5987621379477492,0.6997013510470291,0.8640793532044787
08,107,Routt,CO,0.037743926193546704,0.016784004862909707,0.05445297514310888,0.9913056292366638,1.25,0.07548785238709341,2.8880031144041167,2.9692733043911055,3198.3065500000002,0.002116097199079857,1511417.6,1.0281406171557255,0.808872772345508,0.941768584800036
08,109,Saguache,CO,0.9804216659424643,0.5937416901357537,0.7551064729515764,0.4644939042448285,3.75,0.033729264585791806,24.086538431115905,12.02707188565361,33075.682,0.01631110361092525,2027801.6,0.4993275360031221,0.7123366948680026,0.9276081547635301
08,113,San Miguel,CO,0.0,0.0,0.0,1.0,1.0,0.0,5.007412034335895,2.185037259470199,1469.9172666666666,0.001785266792978365,823360.0,0.4363605879618788,0.8484526575277992,0.9823657717220099
08,115,Sedgwick,CO,1.052308019805467,0.5782926588043197,0.5142604401320034,0.5206277181408719,7.75,0.08929552767445476,7.889949938985167,5.104855516724518,121744.520235,0.34697543569821154,350873.6,0.6470073392355544,0.7095173327072951,0.9263273154974674
08,121,Washington,CO,0.8586887399927061,0.4615806431476925,0.43306902557602145,0.6944831633179711,7.5,0.16033617730638128,11.26301429760142,6.7736333334522865,314655.664775,0.19502315615789792,1613427.2,0.6014050195154955,0.7026384481309594,0.9390965006224858
08,123,Weld,CO,1.4868545522682952,0.6923373763718405,0.6215259869612053,0.42350118334009584,11.0,0.07886835291763662,18.8544713935689,12.22013583193069,213987.945175,0.08374711376120866,2555168.0,0.6481293257629527,0.6821769285321704,0.8972238206200613
08,125,Yuma,CO,1.0834313460992326,0.5686631771647892,0.46140513341602873,0.5604489338020403,10.5,0.05482569588090957,12.454214728260144,8.069088430195427,363211.10625,0.23988492364733344,1514105.6,0.6479002174168134,0.702431933562343,0.9291630286529621
08,999,All Other Counties,CO,0.0,0.0,0.0,1.0,1.0,0.0,68.23318266439355,44.656855993082104,4035.6235666666666,,,0.654474175896614,0.6564086478937153,0.8521943629107003
09,001,Fairfield,CT,0.0,0.0,0.0,1.0,1.0,0.0,250.01257918378565,169.39583300466896,93.96666666666665,0.0002346163577287738,400512.0,0.6775492399530231,0.5101346864840562,0.11261932581712233
09,003,Hartford,CT,1.5425077308608237,0.7618457394337422,0.8095984341724813,0.3137903961077541,6.75,0.011183757408624831,925.8704558388876,479.34605677970603,4528.535,0.009621228023360164,470681.60000000003,0.5177247570184029,0.6156128688409418,0.6370128783614937
09,005,Litchfield,CT,0.23276064206018737,0.10019886658352953,0.21186786681803105,0.947206029069205,3.0,0.10374284886876774,4.695030829005589,3.2685427262731683,4014.725,0.006819079716170972,588748.7999999999,0.6961706632638764,0.6112242901618359,0.7232012191161079
09,009,New Haven,CT,0.0,0.0,0.0,1.0,1.0,0.0,27.480798969940878,23.987646661423582,1324.3333333333333,0.0034166680426215798,387609.6,0.872887527311772,0.5595522730483214,0.5177226628659396
09,011,New London,CT,0.21222002910929644,0.09118280089092642,0.19538275557369772,0.9521358603833163,2.75,0.1305320363925383,0.71407580600907,0.8018081245701356,5273.95,0.012374865785166165,426182.39999999997,1.1228613514458594,0.5327783745759634,0.30538870109021415
09,013,Tolland,CT,0.40010447625224876,0.19485646064315656,0.33464556432799064,0.891716114230183,3.5,0.1048870528786672,59.077727412832246,48.4523505476553,4456.3324999999995,0.016980075429195017,262444.8,0.8201458090808514,0.6584474148907147,0.8410993460016541
09,015,Windham,CT,0.11840083323469931,0.04953821665347269,0.17081629494482187,0.9745834772958621,2.0,0.004998513699616188,6.29698982798187,8.45328380145095,6799.2625,0.02071935184056558,328160.0,1.3424325006667757,0.5669722791230568,0.7281996820753622
10,001,Kent,DE,1.4364554152538864,0.6762727128816762,0.6625793366077726,0.4706485573473463,8.75,0.07953202931828314,3.498682304513282,3.6935228812850873,94299.67715,0.24985288873851147,377420.80000000005,1.0556897025261374,0.6987130314066875,0.8945728947706655
10,003,New Castle,DE,0.9617220043693362,0.5611699751134326,0.5824385640836273,0.5497689905973047,5.25,0.11971520025869807,3.7284509921734945,5.886922443387575,34478.50625,0.1263815563272691,272812.8,1.5789190888508375,0.7365325251350872,0.8926188115645184
10,005,Sussex,DE,1.1984935747939298,0.6190020412203853,0.5680541147850877,0.44756836021139446,8.25,0.07306790464066663,4.867766889474239,4.902149737497301,104993.982875,0.17497504025489824,600051.2000000001,1.0070633719329103,0.6997562646247328,0.918289700963006
12,001,Alachua,FL,1.0413386965410043,0.5790491372252045,0.751167086692742,0.5703105861483482,4.0,0.10456564777271429,22.905108987305418,16.25312055275083,6741.825,0.012049301186731483,559520.0,0.7095849472604,0.6064170872210931,0.4224947861453303
12,003,Baker,FL,0.0,0.0,0.0,1.0,1.0,0.0,228.27914007641928,239.14306401961065,93.31666666666666,0.0002491537937948201,374534.4,1.0475905242132704,0.6844705426104003,0.8556724712055824
12,007,Bradford,FL,0.0,0.0,0.0,1.0,1.0,0.0,4.530742012696431,7.172334087958716,137.20000000000002,0.0007313308088561388,187603.2,1.5830374070869169,0.8552974774616287,0.9193713922102892
12,009,Brevard,FL,1.434838829669919,0.7259809181941862,0.8210648735153743,0.37081173229635633,5.75,0.10273479886846648,170.06648022865082,267.9576545111228,7827.915,0.012012607850695842,651641.6000000001,1.5756053406342,0.6119664885039237,0.49485293723197904
12,011,Broward,FL,0.0,0.0,0.0,1.0,1.0,0.0,1737.8496875299143,2115.838531266868,622.5666666666667,0.000807002170787014,771456.0,1.2175037613720243,0.5955009408857164,0.5301755406686253
12,013,Calhoun,FL,1.2912081799232002,0.6666169444347588,0.7797241217782659,0.48318104403428863,5.25,0.14385608801474703,25.522216986370637,11.210902506045201,15872.121,0.043715409674604716,363078.39999999997,0.439260527877811,0.720237789684871,0.8265297305716153
12,015,Charlotte,FL,1.3490632528842657,0.6978831135984574,0.7732927153634771,0.41526749545972363,5.75,0.05390177219129138,29.225093703738246,34.52666599262663,17524.7,0.0394785809544406,443904.0,1.1814048003620345,0.6187731443359272,0.7102174922344049
12,021,Collier,FL,1.6815218300808485,0.7783685371307252,0.8086410684680583,0.3044576578909316,8.0,0.0582110108139788,17.85044041090606,15.392224778322598,44739.75,0.03451561682236069,1296217.5999999999,0.8622882362565368,0.581564024001507,0.6215043795198055
12,023,Columbia,FL,0.6373147344101271,0.3296969538423663,0.5113718560306093,0.8055242232956306,3.5,0.11169046578088623,39.73350350930054,45.13134967043432,4753.181875,0.00931791817287184,510112.0,1.1358512510700267,0.7514356826015545,0.8242144384943407
12,025,Dade,FL,1.3598736451737474,0.6714963560165815,0.7901228278017345,0.49200646038692386,5.666666666666667,0.10738254027274098,1068.9676595947142,824.6362280727285,22514.399999999998,,,0.7714323447216159,0.6345945823191511,0.614504573810591
12,027,De Soto,FL,1.0037364065931798,0.5711760797001937,0.5486082194651779,0.49863901140194655,6.25,0.03654023572926841,15.081642091673823,22.179326787769927,56600.6625,0.13877718260117375,407852.8,1.4706174999348745,0.573900690895794,0.6756513520112003
12,033,Escambia,FL,1.0052983009025351,0.49023471043716693,0.5802441148940305,0.6593702884359672,5.75,0.21455949998038631,22.487567738045158,12.816717876258247,22985.275,0.05422283111270476,423904.0,0.5699468268671196,0.6878938681542218,0.8712689044770985
12,035,Flagler,FL,0.0,0.0,0.0,1.0,1.0,0.0,121.03832049255446,196.942796176326,4406.45,0.014196037371134021,310400.0,1.6271111113809673,0.6043264167325842,0.5630768180287486
12,039,Gadsden,FL,1.6864949682166226,0.7957498942994244,0.9033713500126372,0.26488662139106733,6.5,0.08410139641422554,109.75518078225585,93.95608412543942,3699.7250000000004,0.011200318354871834,330323.2,0.8560514725208245,0.534233756920475,0.3162822414801811
12,041,Gilchrist,FL,0.40350085369569955,0.22848557628319244,0.3672823050112422,0.8539255699830121,2.5,0.2912754185328357,13.712875004624443,18.03873930460162,3893.6675,0.017437746764739605,223289.59999999998,1.3154600547673883,0.7047307646236344,0.9132371746764049
12,043,Glades,FL,0.6184755343519147,0.34014881709700984,0.4748935682115064,0.7777229396340473,3.75,0.446354819919634,4.494509459378095,5.952591877543175,31955.925,0.0645405263591593,495129.6,1.3244141393723607,0.5937462474315286,0.550150402730532
12,047,Hamilton,FL,1.1336749745310013,0.6057361258096927,0.7917297024070448,0.5621874709511918,4.25,0.06438374230279004,7.516246643613391,5.716279790200617,5612.8535,0.01703391911150604,329510.4,0.7605231788206127,0.679537381599551,0.8216809277249258
12,049,Hardee,FL,0.9631783899771664,0.5102246050450597,0.48983745511589705,0.6471721974526585,7.25,0.03970605874087398,41.51213138977332,75.01932855092748,34897.9525,0.08556103998313196,407872.0,1.807166388218958,0.5759270765568179,0.6354239823279799
12,051,Hendry,FL,1.5954622331192838,0.7409797638959486,0.6887616239049676,0.3905320916390438,10.25,0.06095798345865074,24.294754733038218,8.826605960379059,155663.3,0.21103477241373328,737619.2,0.3633132360202771,0.5693607997131538,0.6216667877401352
12,053,Hernando,FL,0.0,0.0,0.0,1.0,1.0,0.0,20.625661655727292,41.251323311454584,341.125,0.001114356405887395,306118.4,2.0,0.5448901503271678,0.35997688136063316
12,055,Highlands,FL,1.193550863314124,0.6247940032528885,0.6256746240119757,0.49873395378142926,6.75,0.05575810212627908,33.98354398296114,51.71470683325219,58335.7675,0.08864367988830754,658092.8,1.5217573205190489,0.5682343165173085,0.5700628142951576
12,057,Hillsborough,FL,1.5301862006337195,0.7057849134125026,0.6882685860842781,0.44918045438456156,9.25,0.1106251834455665,146.9282955791714,125.83390769418313,17185.8,0.025551962109029318,672582.4,0.856430731726404,0.5825489240611798,0.45302525530623217
12,059,Holmes,FL,1.2314568100378,0.6415301436642851,0.6461586474138349,0.4604819374307616,6.75,0.07739825720014429,96.37917121367221,37.7422977359205,10169.74275,0.032936517871022905,308768.0,0.3916022233916703,0.7132183691044485,0.8281972427942452
12,061,Indian River,FL,1.2122220909378332,0.6340741561146511,0.6952202083963788,0.5342785616860506,5.75,0.024487082945225037,11.851889817214317,8.173784973078432,52817.775,0.16399613186316395,322067.2,0.6896608978938017,0.5840832870644838,0.6625749166706628
12,063,Jackson,FL,1.3467023865857128,0.66614301101691,0.6299453075083001,0.4422101162739097,8.5,0.2120197409634509,88.80155513893331,54.4341817798438,80729.97750000001,0.13776220986823423,586009.6,0.6129868074346165,0.6886186822752415,0.8126358694341528
12,065,Jefferson,FL,1.5391803873284755,0.7521739163940342,0.8418516310433544,0.33668334861237204,6.25,0.01631022761984104,15.630749967017175,9.64461532125158,5061.1925,0.013230021884515008,382553.6,0.6170283154425038,0.5722002008757209,0.3568404821554098
12,067,Lafayette,FL,0.9788162956529923,0.5968307122551821,0.8909569879649254,0.4857564921263246,3.0,0.02204867116128387,42.414404472507826,39.66274712323021,974.9200000000001,0.0028061905902291647,347417.60000000003,0.9351244610528203,0.6888107783150913,0.7556385175846511
12,069,Lake,FL,1.3137700483810533,0.6706294157565769,0.6893886879066443,0.46515431176463473,6.75,0.017608079851061074,45.81829597044051,49.31254939832114,8696.8875,0.01425681867360856,610016.0,1.0762632776682688,0.5470387167530151,0.3700250503347742
12,071,Lee,FL,1.6494286519252714,0.7732311868917608,0.7735550967046356,0.34350783545486147,8.5,0.08657427555364025,187.77272246039328,325.71543990648564,10616.85,0.02064237040055747,514323.2,1.734625965042332,0.5607632687479717,0.6355144044062776
12,073,Leon,FL,0.0,0.0,0.0,1.0,1.0,0.0,3.0582496048034,5.234678016187285,516.4,0.0012101793802681705,426713.6,1.7116582008105246,0.6731848951558355,0.6520136323429939
12,075,Levy,FL,0.48954128146509013,0.31376779156540957,0.7062587790801138,0.799087156389688,2.0,0.10538790501015588,71.25018372036213,52.18941308425475,12612.4075,0.017620921975312502,715763.2000000001,0.732481101930687,0.6319592976469397,0.5896835616769329
12,079,Madison,FL,1.4187918542450626,0.7027587639663971,0.8151887664964741,0.42599084787404096,5.75,0.13344942887134667,21.6171958854097,8.474669248336548,6564.1645,0.014826041184824876,442745.6,0.3920336982307885,0.7067144254966574,0.8483684821376771
12,081,Manatee,FL,1.5237830918268132,0.737799213644525,0.6946944842436121,0.3560608007335903,9.0,0.054239066127022395,45.66863873025567,44.14930567943349,24085.15,0.05078478182394775,474259.19999999995,0.9667313698620139,0.5916562596203973,0.601677584228669
12,083,Marion,FL,0.22249028766583134,0.10487994869849915,0.24133881522044148,0.943778047007754,2.25,0.18078732751033447,23.388593159594542,24.287046696683316,6218.475,0.006154039742282407,1010470.3999999999,1.0384141761309917,0.6243160832175079,0.5517907692895767
12,085,Martin,FL,1.5564567740041624,0.7366157100484253,0.6918298581455546,0.39726897196823074,9.5,0.06457342858400453,46.48555822334917,46.02677202357373,52702.9,0.1482097139231849,355596.8,0.9901305649042416,0.5754521654555298,0.5609443072242191
12,091,Okaloosa,FL,0.6860794757971653,0.44782463211992507,0.5667751571606486,0.6356562861355193,3.5,0.13064086325866,64.52549707731909,32.60655208967243,8900.975,0.014864608271966485,598803.2,0.5053281813637315,0.7123364904861677,0.8811133305447019
12,093,Okeechobee,FL,1.5098514557799587,0.735130851160135,0.8073870279811322,0.40343038986710483,6.5,0.10216120117386572,31.318318606501983,35.138397376279165,12128.655,0.024486424577486628,495321.60000000003,1.1219758575731489,0.6819294887442439,0.7737047497919434
12,095,Orange,FL,1.4755750226906996,0.7247686007875103,0.8448769621621841,0.42962229862335566,5.75,0.09050413721495035,319.2082994104767,502.6816987681665,3444.125,0.005930294024464157,580768.0,1.574776406805631,0.5405848783106832,0.2963635465131673
12,097,Osceola,FL,1.3053137223615976,0.6664029041702312,0.7695999672164267,0.4988229177095663,5.5,0.11121308034722249,33.226079157036196,33.65907521549022,9838.225,0.011628887633330812,846016.0,1.0130318132454799,0.6410312269976807,0.7232463095525916
12,099,Palm Beach,FL,0.5736645233379868,0.24434395497452666,0.30397855354672726,0.8658390336700308,6.75,0.04520058004288826,40.395322603282466,45.363251570917875,361041.29625,0.28576271098906597,1263430.4,1.122982777397889,0.5687113358806788,0.4081193370132847
12,101,Pasco,FL,0.9227922013853183,0.475587608259497,0.5285729232619213,0.6944588960083538,5.75,0.07542768319914321,11.795725174617727,20.92346637993477,7304.764999999999,0.015323481657380681,476704.0,1.7738177238105117,0.5834351798366931,0.6487762870805558
12,105,Polk,FL,1.3773660014978713,0.7071456984178384,0.7227743831648898,0.41013307550325595,6.75,0.02345094209128374,11.807239750677986,13.477325753064322,68878.82250000001,0.057418004970310174,1199603.2000000002,1.1414459295865858,0.5645512668758472,0.6614916709752925
12,107,Putnam,FL,0.7495785486033001,0.41506543236464566,0.5793341576984412,0.704740042161844,3.0,0.5159295002506965,111.13861029791099,61.8891295272882,5487.0,0.011876376594772057,462009.6,0.556864345895564,0.5903760295894408,0.556863822227762
12,109,St Johns,FL,0.549535723833916,0.2818622421380078,0.4239542083687571,0.8311722301426113,3.0,0.38450772532853245,23.031688704121905,23.373239879960614,15283.7,0.03921246161803583,389766.4,1.014829619322598,0.5742569333307002,0.5962004266523954
12,111,St Lucie,FL,1.318111742849074,0.6611031175245978,0.7094695920195841,0.5017459242577096,6.5,0.027165972228000733,28.94726151521609,25.798227771512828,90168.495,0.246114548759717,366368.0,0.8912147961889944,0.5906753611440095,0.6896708229007789
12,113,Santa Rosa,FL,0.6769772247791801,0.4379316954415772,0.45204643578008685,0.6678837318721685,4.5,0.05815736970464524,27.377836369489447,23.94834957539375,37951.19615,0.058311529785113045,650835.2,0.8747349225186544,0.68975587512326,0.851916784034182
12,115,Sarasota,FL,0.16831075267763512,0.12005706087380091,0.242821088216313,0.899856938483548,1.25,0.33662150535527025,23.062452495566255,46.12490499113251,1282.425,0.0035058858586300415,365792.0,2.0,0.6457388757246877,0.7090879618478668
12,117,Seminole,FL,0.17283652475043482,0.12455,0.2493503971419349,0.8825000000000001,1.25,0.34567304950086963,1550.035707646218,3077.9865056215367,573.8,0.0029090282284231017,197248.0,1.9857519994139774,0.5367900736426396,0.22775958509293415
12,121,Suwannee,FL,1.3177850893976952,0.6955205115870664,0.8496305988290841,0.411241551745257,4.75,0.05833134698026633,26.973412788829805,7.943963353169138,9511.3483825,0.02161229981917319,440089.6,0.2945108731831992,0.669833302961067,0.7001387025433563
12,125,Union,FL,0.0,0.0,0.0,1.0,1.0,0.0,43.435415726662285,31.658570275203388,283.27208333333334,0.0018419935503280755,153785.6,0.7288653681693709,0.7942960512189726,0.956363172793363
12,127,Volusia,FL,0.17138197116220782,0.12310001876524676,0.24725191989349257,0.8904109589041096,1.25,0.34276394232441565,742.7048083914664,1374.0049775687319,568.1225,0.0008046149161568094,706080.0,1.8500014568971506,0.5803727646684117,0.4502787783333699
12,131,Walton,FL,0.7879669900503306,0.4585006790392816,0.48305012776519096,0.6693657327083469,5.25,0.12477698518942087,92.49115048938103,58.525675137216425,15461.5275,0.022843750443237266,676838.3999999999,0.6327705388845368,0.6889715744837203,0.842522934336643
12,133,Washington,FL,1.4593195500575113,0.737384872992383,0.814461748421082,0.32622797170099743,6.0,0.11282494635543441,29.195179905072827,19.93453366675351,5528.7075,0.01489594514639698,371155.19999999995,0.6828022204887928,0.6977445681777946,0.8998157238811502
12,999,All Other Counties,FL,0.0,0.0,0.0,1.0,1.0,0.0,229.9924182751747,212.97881379352725,4687.54,,,0.9260253681002149,0.5466509337738502,0.3353659803425093
13,001,Appling,GA,0.8961885083162093,0.41874967970988664,0.44378613810048995,0.7377348420499545,7.5,0.3562166393570189,29.816456113910036,23.26258467428107,45581.2058675,0.14005748985854505,325446.4,0.7801928098164744,0.6759098607021856,0.9052180670624518
13,003,Atkinson,GA,1.0500325506870478,0.5465583013049706,0.6524219061665991,0.6027497573183902,5.0,0.02149220748281678,48.2333177735025,15.881132673463894,18780.293445,0.08680691192702786,216345.6,0.32925648507199246,0.6911311001050306,0.9047407753051392
13,005,Bacon,GA,0.9872270461667367,0.4729429357049443,0.5247306439745753,0.6924954590975206,6.5,0.27215571086231455,68.51795167411011,29.31741478313028,23380.42188,0.12820462954027023,182368.0,0.4278793231089543,0.6652888428802431,0.9298153511700558
13,007,Baker,GA,1.1305878262288815,0.6287961855600912,0.5938962514203407,0.4832253209981201,6.75,0.05531019395179632,54.88726096688836,15.892810094968809,49050.7575,0.22330228015194334,219660.80000000002,0.2895537109158427,0.7057271561096522,0.8506135254605038
13,015,Bartow,GA,1.016538866401047,0.5517834139107967,0.7332777907138397,0.4855870029870811,3.25,0.6778665643177378,1.0620353154819495,1.2779438882485636,6167.328125,0.020974795279612782,294035.2,1.203296980447995,0.6835569862688248,0.8294656961355125
13,017,Ben Hill,GA,1.1604814275558182,0.6293668001375288,0.6347426552700567,0.5101451523219792,6.25,0.07715860766546323,24.76816913249421,13.82145069263742,22966.69775,0.14252140765866395,161145.6,0.5580327968006559,0.6722125461711487,0.8115416085682956
13,019,Berrien,GA,1.1221238485733145,0.5707941946645732,0.5891711716425727,0.5941105373666631,6.75,0.14242884772505396,44.14206140375944,14.33864047351103,56417.1135625,0.1948492295515268,289542.4,0.32482942611941207,0.7002732042614838,0.86982869985083
13,021,Bibb,GA,0.0,0.0,0.0,1.0,1.0,0.0,1.9336174340851608,3.3491236382364633,943.3666666666667,0.005896985184296154,159974.4,1.7320508075688774,0.6654820843783302,0.7905123096003173
13,023,Bleckley,GA,0.9150176572371892,0.4283342999121187,0.46270245287441353,0.7402338186921437,7.25,0.10798969047531266,52.164039938186036,23.497062806533172,24156.065,0.17362275892405357,139129.59999999998,0.45044561031655145,0.6448678789140219,0.7991621312035289
13,025,Brantley,GA,1.087647434632606,0.6227916291749775,0.8790444255067947,0.5090933248428844,3.5,0.10106575520243863,117.35850540918383,72.20508325907073,1192.4585,0.004192656179680468,284416.0,0.6152522393440464,0.6772774362141666,0.9133236794794414
13,027,Brooks,GA,1.0124312751677227,0.4773791504048837,0.5089202185467199,0.6869720554671485,7.25,0.24495940157615093,28.735064064316347,8.308672877548778,63004.015625,0.19943230504044104,315916.8,0.2891475327478604,0.6626270667904659,0.7959624961906467
13,029,Bryan,GA,0.3323052395227043,0.17292036576704545,0.1854630854362788,0.8590909090909091,2.25,0.6646104790454086,22.850247351794756,15.193859639900936,3163.46,0.011190387924203665,282694.39999999997,0.664931954826631,0.70405982255326,0.8849886608218341
13,031,Bulloch,GA,1.5132302760865013,0.7208820398878815,0.7085981333621842,0.4359861567828085,8.5,0.13123957027794572,67.97759697363739,33.58325464070192,94802.20512500001,0.21717484350259136,436524.80000000005,0.4940341544248166,0.6890067734501844,0.8473746824945891
13,033,Burke,GA,1.26530323134866,0.6057973495665712,0.6752732378754922,0.5736156210693947,6.5,0.2282081657160992,49.24538265357522,51.02606123554566,70300.2575,0.13226745378370078,531500.8,1.0361593003449059,0.6699267752426559,0.8234336936793596
13,037,Calhoun,GA,1.4232139503377776,0.7134401443310383,0.7187557741047494,0.41191464795090643,7.25,0.07730853279686666,28.374949296866088,21.840332532335484,51179.709875,0.28541757684234237,179315.2,0.7697047245384037,0.6637950036179271,0.6920061488797196
13,043,Candler,GA,1.3632602072522968,0.6116211723679263,0.6766385587337486,0.5831747322639761,7.5,0.17819673325519333,80.82519177956674,41.25789279257528,26544.3604125,0.16799887858283882,158003.2,0.5104583346377609,0.6810368472836402,0.8936258860313121
13,049,Charlton,GA,0.0,0.0,0.0,1.0,1.0,0.0,111.51875836050442,132.02897030274454,133.8,0.0002677645145177197,499692.8,1.1839171476061199,0.8188296932922878,0.9550464551731406
13,055,Chattooga,GA,0.0,0.0,0.0,1.0,1.0,0.0,0.2507062142524586,0.43423590085850694,1622.6487333333334,0.008091751973425251,200531.19999999998,1.7320508075688776,0.7153215007923137,0.9478757468461639
13,059,Clarke,GA,0.0,0.0,0.0,1.0,1.0,0.0,2.7824578790882057,4.819358416501112,416.2,0.005383827303584734,77305.6,1.7320508075688772,0.5529705849522112,0.26859142684206144
13,061,Clay,GA,1.285461975771776,0.6826499020777104,0.7818468204905327,0.410387146035855,5.25,0.14609421742511508,25.401361324268713,27.811355549280425,20558.8275,0.1645569795028431,124934.40000000001,1.0948765774497755,0.6709982429948768,0.7300419642973967
13,065,Clinch,GA,0.29273337118036147,0.16257461365892345,0.21116249145230787,0.8531810766721044,1.75,0.5854667423607229,70.21237844243417,46.542165354405306,595.73,0.00115017870602627,517945.6,0.6628769226577955,0.6319999312373672,0.8336407351382172
13,069,Coffee,GA,1.0593258092071587,0.5203989353146807,0.5443857773810536,0.6376385977504727,7.0,0.19209071788186788,37.29781257063995,10.234733269358287,58354.666425,0.1522443918668601,383296.0,0.2744057241956021,0.6784984295284898,0.8664570434999749
13,071,Colquitt,GA,0.8556181026599623,0.4094483835466721,0.389408580026563,0.7474775181942706,9.0,0.18219014746214982,19.537282321062428,10.597515732240058,79331.272715,0.2244465815944873,353452.8,0.5424252748200944,0.7041495903604139,0.8533371762513294
13,075,Cook,GA,0.8877398308395921,0.4838176156149786,0.5086435949335311,0.6608753486196365,5.75,0.07157755187903689,27.222637023146163,12.466777243722772,28752.4381,0.196164896215396,146572.80000000002,0.4579562675402402,0.719146281224453,0.8389366579085186
13,079,Crawford,GA,0.11521540708396612,0.048152372142488936,0.06430294303598934,0.9741251682368776,2.25,0.23043081416793224,15.401352857633128,13.017166466209993,7882.95,0.03789763199593859,208006.4,0.8451963010352367,0.6285864555552559,0.8743580934805294
13,081,Crisp,GA,1.0152396974037097,0.5393400683206901,0.4979812017769222,0.6004198841544974,7.75,0.15315277551805023,37.202007837085354,23.417252047292198,61214.675,0.34930950875575195,175244.8,0.6294620481195742,0.6616313911372197,0.785729814362462
13,087,Decatur,GA,1.4167934579190031,0.674099279514748,0.6445068998809864,0.49278703497685744,9.0,0.1783964319505446,34.58786521042963,6.713815551473818,79001.80895,0.20683700818427447,381952.0,0.1941089891101268,0.6843969199542347,0.7996421357962762
13,091,Dodge,GA,1.1603353871972597,0.5775454539506734,0.5592162899103865,0.5987648838327524,8.0,0.11365635698318108,41.2122471360819,18.475852350159734,26435.2875,0.08256238725289332,320185.60000000003,0.4483097533884258,0.6385215281458048,0.716577430939365
13,093,Dooly,GA,0.8953345245670542,0.4509623419557742,0.4602747753283444,0.7144474508089358,7.0,0.14393207834805674,66.32213844707844,35.30878492852413,107910.0618,0.429162776324832,251443.2,0.5323830888941959,0.667156257146816,0.7602909357406303
13,095,Dougherty,GA,1.0934438620093914,0.5537571057789545,0.5394897814437268,0.5295591293853218,7.5,0.4814858331138561,25.509459404431848,17.441572745021826,61645.57,0.29223665996662623,210944.0,0.6837296105926746,0.7258793381352852,0.879780941604136
13,099,Early,GA,1.2842266424597504,0.6510819202400134,0.6375930650055294,0.4856273026463667,7.5,0.08982203632383465,32.99681869811795,11.85585926787844,83873.22320000001,0.25634628494024214,327187.2,0.35930310059116904,0.6894657044804328,0.7856025917407392
13,101,Echols,GA,0.0,0.0,0.0,1.0,1.0,0.0,32.607588106374486,46.107597774509294,432.81333333333333,0.0016733992362193684,258643.2,1.4140143583786156,0.6590764865266264,0.8895472415683341
13,103,Effingham,GA,1.405929257700719,0.7265013155956382,0.7846640589020782,0.356385426825213,6.0,0.06757944731972138,28.639988718731892,33.30362908961254,12427.1862,0.04050286484950251,306822.4,1.1628366692697198,0.6912193656776429,0.9119770861765287
13,105,Elbert,GA,0.0,0.0,0.0,1.0,1.0,0.0,3.0493906406810605,3.943870411625703,3104.433333333333,0.013154021811837871,236006.4,1.2933306605626842,0.6912475519901126,0.6069515514778204
13,107,Emanuel,GA,1.0459883743169454,0.4702395633585491,0.5013464088245663,0.7011558783034606,8.0,0.2898304177935204,79.28978219892966,64.58204426120074,35513.35,0.08091341281587658,438905.6,0.8145065161002868,0.6670131407278933,0.8812423196384332
13,109,Evans,GA,1.6234207410664536,0.7443455877864794,0.8062568143420549,0.4289130721464162,7.5,0.15072911115484822,33.71722247515095,12.226179981274669,10099.00375,0.08533254033838958,118348.79999999999,0.3626093457219131,0.6459991665155722,0.791953553445156
13,115,Floyd,GA,0.27135659838863524,0.16454555676659824,0.24699942025736063,0.8461918349429324,1.5,0.5427131967772705,10.68739932793808,10.797844915069732,5238.47,0.01595133664958198,328403.2,1.0103341873680096,0.6836301813206622,0.8668608163475193
13,125,Glascock,GA,0.26382518668178795,0.1522445981155499,0.19030964424371025,0.8831598864711447,1.75,0.5276503733635759,55.311949085903876,76.8397195663164,1613.025,0.0174854416712918,92249.59999999999,1.3892065066623882,0.6731570351640774,0.9475837382617264
13,129,Gordon,GA,0.23127787163157998,0.13754602217683354,0.21051819100983032,0.8999753633899975,1.5,0.46255574326315996,0.5433864255931654,0.7465392308720132,9344.104374999999,0.04106475526224194,227545.6,1.3738643361528298,0.6875659903461987,0.8697383113296903
13,131,Grady,GA,1.4465870441560338,0.705596317725525,0.6500768308576741,0.41635295953076656,9.25,0.10241233173867874,23.16506541613906,20.36176653857704,53059.53625,0.1809690155213154,293196.8,0.8789859287162225,0.6064911505828129,0.5195454531096334
13,137,Habersham,GA,0.0,0.0,0.0,1.0,1.0,0.0,343.11809557195585,155.64382751371602,108.8,0.0006111370744508754,178028.80000000002,0.453615911029897,0.7438401386709739,0.8478883165512767
13,139,Hall,GA,0.0,0.0,0.0,1.0,1.0,0.0,12.305158645184425,9.238076910722832,832.3666666666668,0.003303797481752443,251942.40000000002,0.75074829810001,0.6358927445687814,0.7559284252909065
13,147,Hart,GA,0.3219524445040799,0.17654305336782472,0.23223959754405765,0.841677398583387,1.75,0.6439048890081598,16.879468081038443,15.447408973477462,3239.2999999999997,0.021796676499720082,148614.4,0.9151597016750969,0.6420767558747936,0.7136428632319505
13,151,Henry,GA,0.0,0.0,0.0,1.0,1.0,0.0,2.7371844051771403,2.4506710438563495,513.6333333333333,0.002486914205736833,206534.4,0.8953255174262734,0.6506957091067812,0.6444932122490714
13,153,Houston,GA,1.3802002732876215,0.6782642062215362,0.7228037869260066,0.49284407763433175,6.75,0.11326302751619224,25.502967799546525,10.947025003430682,32502.5275,0.13479813993032513,241120.0,0.42924514078025594,0.6578908191268518,0.751664814773055
13,155,Irwin,GA,1.2040851138538746,0.6369010663634507,0.6465501637490065,0.4999094959396041,6.5,0.0829869504745235,22.217379628215294,14.452900609672767,62140.9223,0.27212015104327236,228358.4,0.6505222871250798,0.6814202935747412,0.7910124997963168
13,159,Jasper,GA,0.0,0.0,0.0,1.0,1.0,0.0,7.4240900861569274,7.383554007939781,303.0,0.0012781099832622426,237068.80000000002,0.9945399264089304,0.6851773184237163,0.7427237148029593
13,161,Jeff Davis,GA,0.7127790025091951,0.33274141523971457,0.4153590909971119,0.7823496552520047,5.5,0.2986088981098272,48.73229635294703,33.224740526296536,28673.827250000002,0.1343897506692813,213363.2,0.6817807288551324,0.6747734118617276,0.9011016563101986
13,163,Jefferson,GA,1.5058020261385607,0.7374961376795766,0.7738291651696184,0.3982133315570141,7.0,0.06954557620798335,30.96388841127831,23.123008698697447,43487.43,0.1287768584762627,337696.0,0.7467734152625064,0.6503045806452694,0.828427817179652
13,165,Jenkins,GA,1.2856629409269802,0.6069453240328067,0.6369653138251682,0.5769490658531229,7.5,0.2235059141138432,54.918927407171424,57.148867843388494,30849.105,0.13779402121866158,223878.4,1.0406042241080964,0.6916092388422994,0.9178488220326054
13,167,Johnson,GA,1.4517944068543072,0.7106574084310759,0.7347487203956548,0.42216044865900276,7.25,0.13152621599350922,39.72362778265891,26.44512691130205,11911.942500000001,0.06117271463961743,194726.4,0.6657278901109455,0.7087350340978193,0.867675383959679
13,171,Lamar,GA,0.0,0.0,0.0,1.0,1.0,0.0,24.540622627182994,42.50560523965537,1656.2,0.014001799047722108,118284.79999999999,1.7320508075688772,0.5384836304609069,0.25643131327546353
13,173,Lanier,GA,0.8485993793971601,0.41916457425878356,0.5113125951333907,0.7391508990759622,5.25,0.12147141138972373,20.538275623690023,4.016586281615014,13008.4225,0.10879809525880528,119564.79999999999,0.1955658963395181,0.6937853482901876,0.9165426818584664
13,175,Laurens,GA,1.5939488131582802,0.7625608320060232,0.797067752985712,0.3647026457587911,7.5,0.024042119738384514,46.20788059665668,19.941104138942784,32126.789675,0.06179978192865365,519852.8,0.43155201843179974,0.6707290342534268,0.7768951330433533
13,177,Lee,GA,1.306614028920714,0.6240997697216848,0.6283485266266209,0.557415693287606,8.0,0.20497648835647417,41.2405892169185,21.673883806418193,85970.19347500001,0.3775709792975448,227692.8,0.5255473846995067,0.7011200448214098,0.8115021894761194
13,179,Liberty,GA,0.0,0.0,0.0,1.0,1.0,0.0,59.31341385886841,102.73384637392006,282.2,0.0008495087178499181,332192.0,1.7320508075688772,0.6862931061806243,0.6865054643119353
13,183,Long,GA,0.2896903416085147,0.159140601132504,0.20896740961601695,0.8751156336725254,1.75,0.5793806832170294,69.18323960448625,90.21160446273457,1431.28,0.005578107851940536,256588.80000000002,1.3039517226782875,0.6394243480128796,0.7119725435440178
13,185,Lowndes,GA,1.2750481501904392,0.6116031272602518,0.6839349733435784,0.5800422611278742,6.5,0.03384931784581343,26.67496268370287,4.3981912590884535,20572.900999999998,0.0637522466631629,322700.80000000005,0.16488087766943865,0.6669280156665802,0.7799842418404745
13,187,Lumpkin,GA,0.0,0.0,0.0,1.0,1.0,0.0,39.53717759027472,34.475803558321935,173.20000000000002,0.0009513305445213906,182060.80000000002,0.8719844374223168,0.6094750862283809,0.3639579568636323
13,193,Macon,GA,1.270319171276046,0.5898161809918128,0.6213571965038238,0.6083786661588038,7.75,0.08584548826613833,36.23695055081707,24.93635858280241,57159.62,0.22146376277028368,258099.19999999998,0.6881472696725068,0.655054769473046,0.8386331285145368
13,195,Madison,GA,0.0,0.0,0.0,1.0,1.0,0.0,0.06316073901442226,0.10939760901657716,923.6,0.0050835740453712835,181683.2,1.7320508075688772,0.7947635647527808,0.937326865340107
13,197,Marion,GA,1.4276827083077928,0.7095789258242929,0.8041254928513697,0.4338711390231639,6.0,0.04621295332669626,15.78417750454043,12.94715464030107,3844.2974999999997,0.01636707041893733,234880.0,0.8202615965625532,0.61889978943789,0.5076246000112673
13,201,Miller,GA,1.190075670250296,0.6347222755829613,0.5905407056379849,0.49136181641263993,7.5,0.10831034069849756,41.28607161777646,20.446010579135223,67224.8405,0.3710963196652535,181152.0,0.4952278039049815,0.7053209340314187,0.8495661181942538
13,205,Mitchell,GA,1.3109166187772385,0.6373615039520271,0.5772123857397609,0.5416140412566854,9.75,0.06862970832907565,27.840409978507758,13.676723389956205,121055.946,0.3694622931967342,327654.39999999997,0.4912543816888603,0.7013041786014663,0.8472563982502547
13,209,Montgomery,GA,1.6912271640721142,0.7400356164108776,0.7806253738094475,0.4519661087627591,8.75,0.03826214436803856,52.45496531280783,24.229144478591486,7237.30998,0.046094227545550884,157011.2,0.4619037365500936,0.6610063536225727,0.8231573519442784
13,211,Morgan,GA,0.0,0.0,0.0,1.0,1.0,0.0,28.4007701113829,19.608891416181617,2109.7666666666664,0.0094282988693132,223769.59999999998,0.6904352008512072,0.6215818317880061,0.5917303002937121
13,213,Murray,GA,0.0,0.0,0.0,1.0,1.0,0.0,1.018569291822984,1.6969471842953578,3238.066666666666,0.014690279511822148,220422.40000000002,1.66601054824483,0.6035794098633795,0.4701345976894367
13,219,Oconee,GA,0.0,0.0,0.0,1.0,1.0,0.0,66.43421249405257,28.099458548045448,890.7333333333332,0.007494727158499372,118848.0,0.42296668377849755,0.5097137469512653,0.03590479785969245
13,221,Oglethorpe,GA,0.0,0.0,0.0,1.0,1.0,0.0,0.45670051997788347,0.36040261513635236,886.4,0.003139806397497223,282310.4,0.7891443065442656,0.6725724556897605,0.5009762757907631
13,225,Peach,GA,1.2600787206937132,0.604327594433425,0.6640535909792883,0.5401989509125922,6.75,0.3889035468608092,22.406945486401597,10.731115723355337,30346.7125,0.3138934084552496,96678.4,0.47891916949893387,0.6676368392484664,0.8746031443741451
13,229,Pierce,GA,1.1088777695235468,0.5456255166732804,0.5802936587093661,0.6186064037583636,6.75,0.3540784825814579,63.15816940141384,33.93078348238866,27890.438439999998,0.1269593883831027,219680.0,0.537235068780019,0.6796427691907806,0.8865271218370234
13,231,Pike,GA,0.0,0.0,0.0,1.0,1.0,0.0,37.68741264482774,50.255896250197914,1019.4,0.007294099464212118,139756.8,1.3334928752954625,0.6959248888026156,0.7586033515983406
13,233,Polk,GA,0.2627405885959695,0.15924046821483684,0.2391567901670753,0.8593047034764826,1.5,0.525481177191939,3.0933030341599914,3.931341442049245,3014.9125,0.015140453754740633,199129.59999999998,1.2709202424187416,0.6849333151329683,0.8901978941630332
13,235,Pulaski,GA,1.0672519614412055,0.5512074174060481,0.573495257205831,0.6192619496622886,6.5,0.17841372222937188,47.30230832318042,16.205105028806404,50342.857675,0.31792383444017264,158348.8,0.34258592451956765,0.6436371607313696,0.727888465629788
13,239,Quitman,GA,0.17066495185994165,0.10612022103791197,0.15534593379329972,0.9273667029379761,1.5,0.3413299037198833,17.228557121849715,24.708065604743524,2576.027975,0.026560932499257624,96985.59999999999,1.4341343520525058,0.6571284616209309,0.6418158872557005
13,241,Rabun,GA,0.0,0.0,0.0,1.0,1.0,0.0,262.97798961200226,82.17653646572624,271.3,0.001142450478372187,237472.0,0.3124844652853629,0.6072112531918791,0.794451733776214
13,243,Randolph,GA,1.5954270079140729,0.7661129671103764,0.8198872947389731,0.3287571479155693,7.0,0.03729989844679232,21.90045889207868,14.46774950360228,42552.5555,0.15489427599009903,274720.0,0.6606139887249218,0.6522649031243432,0.7248291296225545
13,245,Richmond,GA,0.0,0.0,0.0,1.0,1.0,0.0,125.62144238540584,108.19236874835052,461.05,0.002223153391556598,207385.6,0.86125717627423,0.7029714577175054,0.8649210266553776
13,249,Schley,GA,1.4636197791544627,0.7396809240365931,0.8594302759118229,0.35624370065327826,5.5,0.13712271024636788,32.38994252859957,26.39880270220159,5492.40775,0.05120152204149513,107270.40000000001,0.8150308596223058,0.680856029611348,0.8194249650497225
13,251,Screven,GA,1.312453538841247,0.6825821237104182,0.718566351882056,0.4742014501932595,6.25,0.07242094383809229,33.91566008225063,26.765231738154938,49622.405,0.11957159924202701,415001.60000000003,0.7891703028407875,0.6863819649598585,0.8784937063296987
13,253,Seminole,GA,1.2349825799332548,0.6486462796966188,0.6035744661291098,0.4807070099778562,7.75,0.05394087943562134,17.86042217596341,8.198259399377736,53746.151775,0.352790968528136,152345.6,0.4590182314061405,0.6777965419732572,0.7772931283469166
13,255,Spalding,GA,0.0,0.0,0.0,1.0,1.0,0.0,2.590207266195273,3.2074728755646444,373.23333333333335,0.002946082765007999,126688.0,1.238307419419785,0.538739887287466,0.17094295073483565
13,259,Stewart,GA,1.2967358038807817,0.6512313624668236,0.6800852505855558,0.48096191469326355,6.75,0.07921998970230308,67.8176337823984,35.7061018228477,10974.33375,0.037382595344179204,293568.0,0.5265017345992241,0.6869717891406673,0.8116284076023811
13,261,Sumter,GA,1.4277794515764037,0.6924120162944157,0.7095927553000589,0.47503891094298756,7.5,0.0436681550629567,39.41842429425401,16.627577714276637,78098.153025,0.25145970182484856,310579.19999999995,0.421822485600989,0.691301020881582,0.7888884702626129
13,267,Tattnall,GA,1.690666983189573,0.7826254102490102,0.8130389574807673,0.31226064305814083,8.0,0.08664087910658808,45.162877227146886,16.378963864453933,35416.5783125,0.11440882303392928,309561.6,0.36266431348197464,0.6290100913065735,0.801893091665742
13,269,Taylor,GA,1.4435847803449222,0.6471809589473565,0.7044744421167946,0.5580266105675422,7.75,0.1339769886626667,30.088956496349557,18.398060285293415,10322.225,0.04273123294430903,241561.6,0.6114555779800971,0.6636590591445402,0.8976617562766616
13,271,Telfair,GA,1.304406361281266,0.6223506477871554,0.6282115851014795,0.5569747908461358,8.0,0.0866531982912602,50.543567234745964,19.645087841841498,15622.05375,0.05533895346612937,282297.6,0.38867632255953166,0.6834388258890418,0.8180326072069852
13,273,Terrell,GA,1.3815541702226142,0.6849257157964823,0.7103307192231625,0.4812797966771595,7.0,0.18831177075936908,61.96582272911995,33.00977572691637,57465.2275,0.2677324088879447,214636.8,0.5327093916144181,0.6817779649417289,0.8184738108794573
13,275,Thomas,GA,1.046100487484668,0.5076667497403005,0.5030679951885526,0.6550206355975069,8.0,0.21911840276522043,9.758689733197428,3.8744867768939915,52731.265525,0.15026920004160588,350912.0,0.39702940485069793,0.7013536977427971,0.8550597632185699
13,277,Tift,GA,1.0124479758230231,0.5648207130726925,0.4891290759693596,0.5311124170571281,8.0,0.0996462775608369,55.11685255098242,19.541681814746354,38927.7099,0.22948329265704584,169632.0,0.354550031620012,0.7075836324607058,0.7721804339154053
13,279,Toombs,GA,1.5587077368204636,0.730227404552714,0.7495799740353809,0.42362456029951884,8.0,0.10480739813799757,80.47247194369967,34.58639532280245,17762.8325,0.07569732928201281,234656.0,0.4297916354178838,0.6027709599855098,0.8384966723856719
13,283,Treutlen,GA,0.8892109212775063,0.4050034434440939,0.49786343862469257,0.760024224154047,6.0,0.12257284641360888,55.93131950118054,29.55128204862979,4553.085,0.03545397843366889,128422.4,0.5283494527248915,0.6764408853214718,0.8519780180308554
13,287,Turner,GA,0.9434684316351354,0.5322349960287306,0.47468536205611755,0.599887392518007,7.25,0.1943920743388529,20.17369151385,7.516950204938428,43585.636125000005,0.23809585164252878,183059.19999999998,0.37261153714865514,0.6717307667042354,0.7277896122672833
13,289,Twiggs,GA,0.6985227076971974,0.33439402150267733,0.4400316640180836,0.799010674221343,4.75,0.3149452190467262,74.22851681520504,56.94505928746446,7132.1075,0.030930411526131726,230585.6,0.7671587919401857,0.6437860064478181,0.8080199445052761
13,295,Walker,GA,0.0,0.0,0.0,1.0,1.0,0.0,0.980647562337179,1.6985314022865619,1499.1666666666667,0.005245304126173735,285811.2,1.7320508075688774,0.7445767373162856,0.9689276407133258
13,297,Walton,GA,0.0,0.0,0.0,1.0,1.0,0.0,4.933829670977727,5.681114632108009,1828.8000000000002,0.008680661036514976,210675.2,1.1514614429286112,0.5263327279987308,0.1257983171862459
13,299,Ware,GA,1.3983519682754262,0.6670246167621688,0.7518687424384385,0.481246587326953,6.5,0.2998524409655261,31.10482549227882,14.142303906098906,10528.311925,0.01823192918331412,577465.6,0.4546659138020068,0.655689654726639,0.9134143608484532
13,303,Washington,GA,1.5230665351239123,0.7445207952363107,0.8346519466427174,0.3436678095527218,6.25,0.08751254317252706,21.521587504414498,14.942604414970187,22841.40235,0.052458610653313045,435417.60000000003,0.6943077229737429,0.6704038375870287,0.8541460168196917
13,305,Wayne,GA,1.2816389747545291,0.6142046547066795,0.6453912471429097,0.5626922761475244,7.25,0.22966372038902266,62.17213453288235,21.84616618444872,19897.13073,0.04822583496048305,412582.39999999997,0.35138195509267023,0.6817540116671993,0.8819035766772209
13,307,Webster,GA,1.398957478228135,0.6975115632996494,0.7189219291072052,0.41994658955126685,7.0,0.10106890607979595,78.29691137855318,52.492653391708515,17879.49375,0.13332399057160924,134105.6,0.6704307036827397,0.6869613255014461,0.80116680412175
13,309,Wheeler,GA,1.446926346837861,0.6519546879637214,0.7001935150794915,0.5224837452118616,8.0,0.24995491711777815,52.49496835243566,32.61056321385105,5000.53,0.026243880575708714,190540.80000000002,0.6212131226542207,0.7055254271703947,0.8500615422641707
13,311,White,GA,0.0,0.0,0.0,1.0,1.0,0.0,8.17050643645099,9.460588140889028,916.8333333333334,0.005929928319121339,154611.2,1.1578949498996305,0.6377403001788214,0.784323853772955
13,313,Whitfield,GA,0.0,0.0,0.0,1.0,1.0,0.0,0.1365904912004203,0.23658167058991758,306.8333333333333,0.0016532538478338332,185593.6,1.7320508075688772,0.7570323556923563,0.87381598654822
13,315,Wilcox,GA,0.9569309462686042,0.5275155108087763,0.47355783127370094,0.6146645038185745,7.5,0.23155967139617797,35.88168744804952,15.128628750435759,43564.922925,0.178990775888279,243392.0,0.4216253422400883,0.6665891483582541,0.8233237423726024
13,319,Wilkinson,GA,0.29712432462983324,0.16113984891153382,0.21432989483547146,0.8779432132963989,1.75,0.5942486492596665,48.94006391601071,35.08775453981188,1655.475,0.005792457200600142,285798.4,0.7169535904168067,0.650160639154849,0.8455323688805614
13,321,Worth,GA,1.0806661441094203,0.5718995423838754,0.49830390800100227,0.5612571579645579,8.75,0.13850157790692386,39.973234735395344,17.62840284123716,93249.64125,0.255739673973856,364627.2,0.4410051615269362,0.7224795898876366,0.8272710992743159
13,999,All Other Counties,GA,0.0,0.0,0.0,1.0,1.0,0.0,21.16487316681055,2.7151182305818136,26701.94875,,,0.12828417204216913,0.55033005859999,0.35037452060362756
15,001,Hawaii,HI,0.6928636050702262,0.49971650676996465,0.9995908870472645,0.5091602595247202,2.0,0.0004709305348680484,27.88518734610192,23.422774085519237,25673.543475,0.00995896536752238,2577932.8,0.8399719103480764,0.5829617886751888,0.7418030678051073
15,999,All Other Counties,HI,0.0,0.0,0.0,1.0,1.0,0.0,104.7809917355372,181.48600135340504,900.6,,,1.7320508075688772,0.5250799578186124,0.7486723042798793
16,001,Ada,ID,0.3174356619574168,0.17570179737541985,0.2289814276536353,0.8408421672555948,1.75,0.6348713239148336,6.408245331195294,4.552967343189433,3014.7070000000003,0.004464951978217804,675193.6,0.7104858050651743,0.6880201949898099,0.8765805531987393
16,005,Bannock,ID,0.864772442917855,0.49581030704264434,0.7053762478275779,0.6542903785994134,3.5,0.1152749759165843,7.782940610411488,8.07830632291828,17867.758325,0.025077133192142727,712512.0,1.0379504004067142,0.708319907667282,0.7355234019715964
16,007,Bear Lake,ID,0.7087347706871122,0.46732305870003327,0.6451181895537859,0.6075892642838389,3.0,0.08843762549620142,5.535855980590406,4.003747020776274,7442.571975000001,0.011971647255386669,621683.2,0.7232390139508776,0.7655109939918323,0.8171025524970658
16,009,Benewah,ID,0.7144868354194062,0.4103687804610199,0.5444585772363033,0.7324081595553473,3.75,0.10847132578442434,3.924314195921274,3.1958390904878264,13081.38365,0.026337394762231497,496684.80000000005,0.8143688122142242,0.8021622331309209,0.9654695340527095
16,011,Bingham,ID,1.157884659511462,0.636457973829937,0.6995223872523317,0.48149469314432036,5.25,0.07679286333124107,11.373032050881726,5.664771264847297,150550.95075000002,0.11229889319715429,1340627.2,0.49808804191386413,0.6852608335698329,0.8397289714098771
16,013,Blaine,ID,0.3103733120750376,0.17184384642540346,0.2238870190774697,0.8458893871449925,1.75,0.6207466241500752,23.3347208745514,26.16985585499155,9394.13075,0.005549924491592873,1692659.2000000002,1.1214985598363045,0.6869515861707861,0.7473320205952391
16,019,Bonneville,ID,1.0920361164674992,0.6543109943363958,0.7597889510899232,0.40867020860315556,4.25,0.029292478033528854,16.336433385980406,12.105418825740095,80818.52635,0.06758378330079798,1195827.2,0.7410074487940996,0.6765306012079697,0.7235812241195809
16,021,Boundary,ID,0.0,0.0,0.0,1.0,1.0,0.0,0.06624780644808759,0.11474456665807678,3283.4818333333333,0.004043505619110296,812038.3999999999,1.7320508075688772,0.7530238188176742,0.9425643985001879
16,023,Butte,ID,0.9675265625244934,0.5627915408036414,0.8389426615313209,0.5717324853376304,3.25,0.06996940738250662,19.985199374824553,22.646959682493286,11669.481,0.008166049695456479,1429024.0,1.13318657761412,0.7463610157806755,0.8972775861868076
16,025,Camas,ID,0.2581659751086592,0.11302438201805964,0.23499279752426927,0.9405292199183689,3.0,0.05230851305434702,0.9959075325487982,1.3991410867451028,7202.046125,0.010468479822795732,687974.4,1.4048905556164641,0.8186312007841642,0.9246952375692539
16,027,Canyon,ID,2.0860416639343926,0.8594621084958982,0.8564458136823461,0.18975705580858615,11.5,0.051179898542367805,14.383430258918434,4.826320730869808,23182.824875,0.06142434353114613,377420.80000000005,0.3355472682100469,0.6641587425932273,0.8262818830615211
16,029,Caribou,ID,0.7922054117940476,0.46903664891453123,0.6803703600428298,0.6765909293933907,3.25,0.053373239530268325,8.5616981585611,4.075341098574808,59780.41425,0.05289148830732839,1130246.4,0.47599682015182365,0.7345424524127914,0.9081480533348111
16,031,Cassia,ID,1.4333268836120827,0.7097722500050765,0.73658430956225,0.44296027102250535,7.0,0.08017424503818144,10.989200657483584,7.098794999402732,89815.345275,0.054681165420011106,1642528.0,0.6459791954539016,0.6446704264825025,0.7927662148025869
16,033,Clark,ID,0.0,0.0,0.0,1.0,1.0,0.0,0.6385544750459095,1.1060087941799879,13911.596666666666,0.012318089226447846,1129363.2000000002,1.7320508075688772,0.7246551161054727,0.6421419388541856
16,035,Clearwater,ID,1.111309037172666,0.5613995515746422,0.6393951619498648,0.6166058254570688,5.75,0.14151935712324148,10.299715385891245,4.466645493096661,10157.6715,0.006448103404058666,1575296.0,0.43366688551560956,0.7985803085081791,0.9579349563671031
16,039,Elmore,ID,1.591750272935749,0.7632557352776592,0.8702344073951136,0.357404294977412,6.25,0.08213798512916477,11.482142504365186,5.125366497145616,18744.763075,0.009516824086759197,1969644.8,0.44637718920463637,0.6598374540165691,0.7710580468336089
16,041,Franklin,ID,0.9134843856767029,0.47835485055003646,0.6140625713420267,0.6900525665696383,4.5,0.0573853105670818,9.092204971166613,7.346665497937049,7871.506225,0.018483128918988477,425875.19999999995,0.8080180243664705,0.6427681638093624,0.8712341189119426
16,043,Fremont,ID,1.0580872236263972,0.6226311605821558,0.6525449057650223,0.4806876900233604,5.25,0.06266582128216269,18.875647860684204,9.25338546748948,84356.893875,0.07060770890724437,1194726.4,0.4902287611946403,0.6938957128287663,0.7159599691844818
16,045,Gem,ID,1.1763914245760212,0.6442896611022878,0.9126804243376844,0.4506777351587703,3.75,0.41612272748137785,70.20377023952577,80.67519782895619,1158.8625,0.0032186047428810123,360051.2,1.1491576243512753,0.6993688688650896,0.6108741844947587
16,047,Gooding,ID,1.6791213065954467,0.7874463851683051,0.8217652294761245,0.3045899796200077,7.75,0.049762782503715054,9.26393998676512,14.798864093844127,14805.468225,0.031655962261641676,467699.19999999995,1.597469771499648,0.6239689590416174,0.7099065002985202
16,049,Idaho,ID,1.0134614810777283,0.5277540788527281,0.5811129556546748,0.64824020454042,5.75,0.03754233873735758,8.169088134446215,5.5690300011444815,84766.1329,0.015609776762458633,5430323.199999999,0.6817199067374253,0.7859332764226783,0.9468091271890703
16,051,Jefferson,ID,1.0645255563188065,0.6399874883107184,0.8688605467764524,0.4495771324806278,3.5,0.02763529388929213,13.375473077076746,9.585112403065644,58897.63525,0.08403728958443676,700851.2,0.7166185710091162,0.6912087527342169,0.7333318243366002
16,053,Jerome,ID,1.6672013696048014,0.771562455508608,0.8290734227192331,0.36916432908001784,7.5,0.05043236359903918,4.7376346892954455,3.476925129305669,33895.461575,0.08829297597849009,383897.60000000003,0.733894729613004,0.6324040611913355,0.7900369609536938
16,055,Kootenai,ID,0.8131666308072606,0.43664885750947924,0.6581694911124205,0.7051463483151424,3.5,0.2418678430548286,2.378015779826356,3.5165805309851192,3459.87405,0.004341792922067753,796876.7999999999,1.4787877190797707,0.8064788924157372,0.9647228602974601
16,057,Latah,ID,0.9974616929658593,0.5489359946030001,0.6197577957246618,0.5995694779900242,5.0,0.06526823956882725,1.2751163329216244,1.5255689142864133,93819.57734999999,0.1361566800811545,689056.0,1.1964154759048036,0.7849905291697709,0.9207501071141954
16,061,Lewis,ID,1.0771386608201923,0.5380312252051722,0.6011625328729289,0.6487881190178344,6.0,0.027945176806487636,7.186303196127315,3.8704510678776636,98093.388525,0.319954324420325,306585.60000000003,0.5385872210295054,0.7740121028946713,0.9418699500686499
16,063,Lincoln,ID,1.5254801193679917,0.7655789418687166,0.9478340901394999,0.32773700601464195,5.0,0.05399773149546762,12.692457685199825,11.401854017767551,15471.93625,0.02005333786021501,771539.2,0.8983172763351265,0.6356860109698588,0.8468020494428459
16,065,Madison,ID,1.0554080408764421,0.6376722165358842,0.9096467814554188,0.44494313866571134,3.25,0.02846016971893397,4.278177014338948,0.7600426845151235,63894.388975,0.21173011277026957,301772.8,0.1776557356013384,0.6365253590368574,0.610446574022463
16,067,Minidoka,ID,1.4943187864667085,0.7526440890409056,0.7304049164277453,0.31806277671109173,7.75,0.04475535130344302,5.201516907209535,3.0444241522603845,79526.895475,0.1635828100625148,486156.8,0.5852954448808341,0.6005971377980218,0.7076062366588455
16,069,Nez Perce,ID,1.1446447689184907,0.560680204476284,0.6143857074956619,0.6264957018175187,6.5,0.052150979102096394,2.4021085752247133,1.7290788727019182,122814.02249999999,0.2260056886939393,543411.2000000001,0.7198171183998898,0.7688318970635886,0.8945941182969382
16,071,Oneida,ID,0.4662807692443599,0.26895808167345103,0.36013083961842274,0.839234401550842,3.75,0.04836062543316202,11.260920470593897,10.685135626889554,38358.729975,0.049932531542107174,768211.2,0.948868758534623,0.7262067184182509,0.8523355486201716
16,073,Owyhee,ID,1.6846395720977965,0.7785836275138287,0.7898017976872731,0.3047088152125544,8.5,0.09866516723374227,13.866230728170155,15.42013042056547,12507.763074999999,0.002545380400142681,4913907.199999999,1.1120635970118733,0.6800281581456463,0.7564643848907341
16,075,Payette,ID,1.8029680964158412,0.8086490716824464,0.843298766654746,0.30087824953221604,8.5,0.048674826985653466,73.4041047332649,41.01254523780783,5580.35,0.021395997435708677,260812.8,0.5587227769732879,0.6348058798641457,0.7028928346493557
16,077,Power,ID,0.9910904955441933,0.5145073505096914,0.5846760717723207,0.6528486757553236,5.5,0.07716673284829687,11.83605036161303,3.2838306780244353,94410.1258,0.10495088936338995,899564.7999999999,0.27744311469598304,0.6717424849225133,0.81906481915981
16,081,Teton,ID,0.8111876502793269,0.4699201625819094,0.7383748194394959,0.6874169725070486,3.0,0.028796630630329733,3.8065718811517577,3.0196908903257054,42278.347775,0.14668247268504642,288230.4,0.7932835592249567,0.7092125078278654,0.7571212403166596
16,083,Twin Falls,ID,1.9507085712319143,0.8350717914291825,0.8669804816480293,0.255455690202695,9.5,0.05763469164022754,21.14170046039847,13.20993204620103,59018.123425,0.047903574412639024,1232019.2,0.6248282663423969,0.6562414347488678,0.7662946265829153
16,087,Washington,ID,1.5345344741160294,0.6980564187724303,0.7749284771313765,0.4745505619982945,7.25,0.21004294075612304,11.24882793419854,13.105592303700499,3185.6484,0.003417913387854318,932044.7999999999,1.1650629185870156,0.7406203514282461,0.8066654956198258
16,999,All Other Counties,ID,0.0,0.0,0.0,1.0,1.0,0.0,88.58441969278712,59.22465712575108,4917.5,,,0.6685674222526219,0.5344711306938523,0.6517544490800933
17,001,Adams,IL,0.8123547204226966,0.5267637782951904,0.5047443670530279,0.5007868115616568,5.0,0.02189064726173037,2.350860975140285,2.097959542396321,197473.324,0.3601929289775049,548243.2,0.892421782734782,0.7639092457327422,0.9512642269945745
17,003,Alexander,IL,0.6438970961175895,0.37692300918663896,0.44627026501405326,0.7564029255471133,4.25,0.062242392873335904,1.865040734150496,1.7874332621358473,42249.238600000004,0.27927250745621457,151283.2,0.9583883233252822,0.6747230174311126,0.8577075834088759
17,005,Bond,IL,0.9996211214037658,0.5986957430711468,0.6954642974963366,0.4999307348828976,4.25,0.024478291487380826,5.196626985005204,1.7119868948586152,130788.686625,0.5374995340651302,243328.0,0.32944194374515046,0.7461412965100729,0.9562259668140309
17,007,Boone,IL,0.748131235290041,0.5065112542619319,0.6809783970257874,0.5478974858412782,3.0,0.024281199867644494,4.752000889651931,5.1201729863497265,85049.578475,0.4724640607501245,180012.8,1.0774772785711249,0.8022312493171135,0.9157707476398992
17,009,Brown,IL,0.7426495611869853,0.5061400027280618,0.6396818088696011,0.5445089848633144,3.25,0.028241289005715726,3.5899638865522436,3.1004227736897008,51355.59235,0.26253267805292,195616.0,0.8636362012731298,0.8038526646243288,0.9470141386487453
17,011,Bureau,IL,0.750360469061401,0.4926069558740829,0.44209414756613064,0.5919428715306995,5.5,0.02071656663630446,4.156532980966706,2.9980094730300983,306142.789975,0.5507369776825293,555878.3999999999,0.7212764789208616,0.8087285621056177,0.9268819739378545
17,013,Calhoun,IL,0.8525273530938008,0.5322093954989782,0.5158715759335485,0.5123694282802007,5.25,0.017056671337525833,5.350965768626859,2.716318637844962,24390.453425,0.1501461014757013,162444.8,0.5076314735128667,0.7813826201825077,0.9561957519963592
17,015,Carroll,IL,0.6453848315125603,0.42215832045046087,0.44567059295022665,0.7020370441005074,4.5,0.03053421078187294,2.863118150257908,3.7199095236582456,116405.76332499999,0.40945499920153194,284294.39999999997,1.2992511410411611,0.8061802978127458,0.9357141928273361
17,017,Cass,IL,0.764515785788143,0.4996596756452836,0.4931612459774833,0.5765473348523575,4.75,0.027748613628135493,1.843201819594462,1.0002450310223052,75116.93822499999,0.31223787171205775,240576.0,0.5426671243425625,0.774750774335167,0.9370733851830191
17,019,Champaign,IL,0.7666429505117862,0.5119680387223999,0.47634204748682846,0.5286821362183464,5.0,0.014773201632899668,4.037071464596208,2.0926304691893245,364162.505725,0.5708248464555057,637958.3999999999,0.5183535856476674,0.8010101118700556,0.9397913272626549
17,021,Christian,IL,0.7496014153887125,0.5015338923867517,0.5224038758756112,0.561104220309194,4.25,0.022027757640931914,3.314585713741157,2.126335485354023,215427.443475,0.47472058842649073,453798.39999999997,0.6415086737805427,0.800942645267843,0.9522411347240747
17,023,Clark,IL,0.8364603220061047,0.5294551136269872,0.5197220194353749,0.4953949448734185,5.0,0.02539229005887332,5.597999755030067,3.404237424826885,134347.7653,0.418581023492024,320960.0,0.6081167513035378,0.7536576140289264,0.9422403213622026
17,025,Clay,IL,0.9222026494369857,0.5443399668026184,0.5961092894932726,0.5664812495770213,4.75,0.02948399780216988,5.164347516940706,3.093756730599542,160233.653775,0.533543066645578,300320.0,0.5990605241903327,0.7542059356550997,0.9417229595910608
17,027,Clinton,IL,1.0329595272120395,0.6126600292745572,0.718310834081257,0.46718516375830876,4.25,0.032421187427272166,5.135673905341884,2.59336188509794,128638.16029999999,0.4238389082697214,303507.2,0.5049701232783586,0.7316024614935532,0.9311943894859415
17,029,Coles,IL,0.7092413600339735,0.501082699237122,0.5449167085150162,0.5255802195586745,3.75,0.005392175845877019,3.5027459585893466,2.447307641597705,122885.54095,0.3777541516346475,325305.60000000003,0.6986825966058081,0.8106206797721641,0.9591228591034201
17,031,Cook,IL,0.7554969648906873,0.48766620242042197,0.6876829730410221,0.6059507687392038,3.0,0.05498497176379103,11.770652967360673,4.752750259264365,10555.0175,0.017439530119860845,605235.2,0.40377966052040287,0.6887747917205064,0.6767166324231488
17,033,Crawford,IL,0.8762445530132406,0.5396380611950014,0.5310032735758348,0.4964551634345977,5.25,0.043726163697086075,4.232503815621135,1.8089068788744433,122307.8173,0.4308749453954637,283859.19999999995,0.42738458313923094,0.7319762461479633,0.9338408180948956
17,035,Cumberland,IL,0.7260263060298691,0.5046039524982573,0.6608576233113675,0.5282858750988508,3.0,0.018439259481006255,3.8333043842801215,2.9633460644152403,75281.831125,0.3399452665534146,221452.8,0.7730526374496984,0.7752109799498562,0.9577912705179222
17,037,De Kalb,IL,0.8254541975476218,0.5157023180250846,0.4514792467045582,0.5633776399376025,6.25,0.019669170754995535,7.157611227335966,9.708915542675875,183246.40605,0.4514988480085862,405862.39999999997,1.3564463386326577,0.8180875873782982,0.9254396274641826
17,039,De Witt,IL,0.7855633320340001,0.5170898001316782,0.5666641617148311,0.5416841762294251,4.0,0.04585944659719907,4.291941695704866,3.9289242610971207,114735.602675,0.45091397751317347,254451.19999999998,0.9154188336316329,0.8123427081024158,0.951442182033453
17,041,Douglas,IL,0.8424006890719349,0.5378897103226782,0.5649050215953982,0.5053809895802078,4.5,0.027710632814769983,3.731238476333438,1.9150609382144255,122163.7948,0.45790176408146616,266790.4,0.5132507478043299,0.8046320271742645,0.9463434003813415
17,043,Du Page,IL,0.18330588465567044,0.11581627176475279,0.1668522066851257,0.9159256265157639,1.5,0.3666117693113409,6.473937791578766,7.237871206057844,4461.42975,0.02089560859798867,213510.40000000002,1.1180013523566437,0.7876627770649778,0.898409622722643
17,045,Edgar,IL,0.7424212019111855,0.505503943162803,0.5355436931240456,0.5362058729834909,4.0,0.028812761269672155,3.308588566217358,2.0075747236663073,168535.7172675,0.42231907341908226,399072.0,0.606776782149594,0.8108489556577299,0.9630573543999901
17,047,Edwards,IL,0.8792641970026933,0.5493009506459734,0.6114506248913847,0.4902386933420392,4.25,0.0423356794136568,6.095446076734541,2.3365025272794218,52264.6106,0.3672743605239487,142304.0,0.38331936627206376,0.7472686925187109,0.9728602928649642
17,049,Effingham,IL,0.850976986404012,0.5398330449312969,0.5711446655667137,0.49767720559073425,4.5,0.02659623817750591,3.2441705843877493,2.84657215727927,126627.859525,0.4133194704570974,306368.0,0.8774421946176683,0.7393414256327888,0.9566550565105792
17,051,Fayette,IL,0.9428913010501235,0.5679470451954396,0.5858513048348057,0.5101627167938205,5.0,0.040565907350849126,3.108881473520033,0.986549790841903,209565.51972500002,0.4570142284893195,458553.6,0.31733271250282863,0.7480983701940599,0.9412277894772522
17,053,Ford,IL,0.7549467353123527,0.5110958267632909,0.5445789555852221,0.5070549947307714,4.0,0.016562349297864973,3.369650879558091,2.4510594000577317,240931.64875,0.7747596237330212,310976.0,0.72739268478139,0.7991996809808634,0.9257322504065312
17,055,Franklin,IL,0.9249060321826359,0.5482117158345133,0.6671786729590885,0.5648874698303334,4.0,0.04712671905696027,7.95998842823926,5.5466390854255,69362.170225,0.2630032784327376,263731.2,0.6968149684424114,0.765879561683272,0.9615698066248676
17,057,Fulton,IL,0.7045831712869582,0.4949839528059089,0.5406447486194519,0.5570532498693973,3.75,0.014145972800515104,1.6820333773682936,0.5513067138837326,140882.36265,0.25430176248310454,553996.8,0.3277620535368366,0.7761309169091113,0.9378734983141493
17,059,Gallatin,IL,0.9220851862926893,0.554633326687628,0.5804636373815135,0.5089961549747174,5.0,0.03020634964360802,14.771136585728659,11.435922172414564,102843.1539,0.4963779321309424,207187.2,0.7742073269746582,0.7704593296704768,0.9552174627136039
17,061,Greene,IL,0.7521991263038749,0.5085304669609658,0.6132755544415864,0.5408692945360303,3.5,0.019223138627074806,3.948135007308739,1.873366595639103,115772.800275,0.33308475654069764,347577.60000000003,0.47449405660423205,0.7982574412640878,0.9584193455729954
17,063,Grundy,IL,0.6986893453924898,0.49748849208168194,0.6359744494024712,0.5393473148632859,3.0,0.001554762493667624,4.288711449952167,1.0528618143407955,165584.94395000002,0.6161621217477375,268736.0,0.24549607186851852,0.7909581945967583,0.9210363435935529
17,065,Hamilton,IL,0.994480607458003,0.5806515336369258,0.6179055431557213,0.50942767857826,5.0,0.034300003051408026,5.3480813580631565,2.3779747670560916,129407.88769999999,0.4646562747753699,278502.4,0.44464072399924953,0.7433381168834932,0.9542852172033851
17,067,Hancock,IL,0.7457660994783306,0.5097287115214049,0.5379565266902465,0.5069601825594684,4.0,0.008092642784702784,1.9581252920455585,2.0527078322168046,227041.511175,0.4464427792038176,508556.8,1.0483025986924668,0.759184192514359,0.9419233651712767
17,069,Hardin,IL,0.1326551328869033,0.08070369020721616,0.1207479055670552,0.9499699519230769,1.5,0.2653102657738066,16.190533134765683,12.958850509500284,4178.9383,0.036615213894184935,114131.20000000001,0.8003967751793141,0.7433207580321552,0.9489459669183966
17,071,Henderson,IL,0.7612479610501042,0.5011997289022878,0.54912432914691,0.5787913438435656,4.0,0.010242316048789241,3.959186408795655,0.9001691744695159,117621.12515,0.4851588079693646,242438.4,0.22736216018263672,0.7752091880558621,0.9120235086931825
17,073,Henry,IL,0.7177494942740572,0.4961578227366704,0.43456868343532873,0.5623631120377401,5.25,0.010597352871852412,3.9536637252294566,1.640077685340234,317322.229225,0.6022958700259502,526854.4,0.4148247800829469,0.7954840392134591,0.9218600355270586
17,075,Iroquois,IL,0.7501955691148706,0.5087281431408744,0.4542567144779882,0.5233017699117519,5.25,0.007267165515077336,2.369259960496799,2.192514577878373,535803.180175,0.7498835296645893,714515.2000000001,0.9254005953059852,0.7962032291143621,0.9277274187659941
17,077,Jackson,IL,0.9087653585712914,0.4918145732891856,0.5071916036602924,0.6658689208057329,6.0,0.02143791023157171,4.671565202136707,2.4264992948830466,50546.38585,0.1342901582850864,376396.8,0.5194189077727527,0.7345496844599876,0.949624206592165
17,079,Jasper,IL,0.8012980266530305,0.5250770711652832,0.5780143446632198,0.49459778233531265,4.0,0.03043449616282724,4.380919335317576,5.170020614410139,131044.89507500001,0.41415381989216726,316416.0,1.1801223028077874,0.7531249888198676,0.9457031585993658
17,081,Jefferson,IL,1.0151835686436823,0.581198710235241,0.7323001500371006,0.5523588052639352,4.0,0.030929610904438472,5.4549155364254345,2.8791016056955323,88931.11491,0.24337058120862232,365414.4,0.527799484056207,0.739144424869171,0.9502877427055197
17,083,Jersey,IL,0.8055923690919239,0.5237608569311643,0.561121892109933,0.5345621697720461,4.25,0.04046924229688322,2.213109171999015,1.0541745629066042,64204.011925,0.2717487502243268,236262.40000000002,0.47633192986788336,0.7840189678593219,0.9627377230392838
17,085,Jo Daviess,IL,0.6706423747587538,0.4587317730098833,0.46633525107515705,0.6443120955094597,4.25,0.022558369650418648,9.571714499632293,15.548061988996752,84547.631675,0.2197805192190515,384691.2,1.6243758617741937,0.8289990879557633,0.9547027748416451
17,087,Johnson,IL,0.7871974729153397,0.4852744281449839,0.5464773841226788,0.6265256504292275,4.25,0.04570782462341991,9.812880855160488,4.594431264310611,14242.269225,0.0645722823435641,220563.2,0.46820412192148947,0.7156127415763083,0.9108710020974186
17,089,Kane,IL,0.7750904894113667,0.5124096572797857,0.596786255212895,0.553338859759207,3.75,0.015427017122035303,9.915496727098834,9.729889424182963,88862.534275,0.2667890819396808,333081.60000000003,0.9812810887821071,0.7626223107917534,0.774318629165596
17,091,Kankakee,IL,0.7690470926215972,0.5092811073865561,0.5353132654009959,0.5577694715289971,4.25,0.011333428947268817,2.918396228157882,1.048632017236962,267938.74055,0.6186247242103805,433120.0,0.35931790451184487,0.7845133525359851,0.8941890201980063
17,093,Kendall,IL,0.7433637897640961,0.5066825635769031,0.6766388810972657,0.5397719493735466,3.0,0.008519709152843329,4.592676767623876,1.7295959821345308,89887.1578,0.4381080668241937,205171.19999999998,0.37659867429106614,0.7971466273527098,0.9175862294098008
17,095,Knox,IL,0.7190174373640983,0.4972806437427959,0.4645163288944001,0.559731330090327,4.75,0.008816747434325426,2.779348490421183,2.0038656492153506,171800.074225,0.37476631481622064,458419.19999999995,0.7209839486201619,0.7998329585292983,0.9333476881161675
17,097,Lake,IL,0.7961173124159558,0.5251337553362578,0.6862513924043128,0.5116517951854573,3.25,0.05653645468405593,7.297145854326974,9.667841726147657,19672.3375,0.06867912088602646,286438.4,1.3248798803185406,0.6711020180411711,0.5643431625066478
17,099,La Salle,IL,0.7855998583938282,0.5146553749515304,0.39721647997632553,0.5192694668883379,7.25,0.003957062202974487,4.358243307732198,1.8047480713926591,376587.426775,0.5184663714939709,726348.8,0.4140998893271417,0.7969482758294578,0.9372546886716479
17,101,Lawrence,IL,0.9614895246150649,0.5671137091703073,0.48825906432038524,0.47140559014313543,7.25,0.0344013388419575,3.6273603858106895,1.2779380119393178,121365.50995,0.5097951752698398,238067.2,0.3523052236381822,0.736267869767716,0.9366052670052718
17,103,Lee,IL,0.8298700841045483,0.5106379786515665,0.4126116705762837,0.5791063382244462,7.5,0.020357944052777625,6.629456159533032,8.10307915815724,250451.097325,0.5394974075911444,464230.4,1.2222841456618074,0.8158139369257631,0.9234300092510641
17,105,Livingston,IL,0.7509652158202876,0.5110171921313361,0.4549055450639508,0.502561809612394,5.25,0.0181352236741343,2.6925140219526598,0.8058042383707701,502779.775725,0.7526571238314483,668006.4,0.29927578159328816,0.8012289215058073,0.9224921787101169
17,107,Logan,IL,0.7661319475755145,0.5085080531857208,0.494450252447596,0.5511173033328669,4.75,0.020220022671796248,3.8831382062982756,2.3876540477159978,235658.62545,0.5956847999896868,395609.6,0.6148774318264877,0.8232383518144049,0.9382172766741683
17,109,McDonough,IL,0.6980137883470245,0.49706277365135326,0.6353595308798645,0.5427970030577023,3.0,0.005693289281291935,1.0551324829248596,0.4504696562993996,181211.880875,0.48049886107758333,377132.8,0.4269318437156668,0.7852881954010346,0.9406479897833385
17,111,McHenry,IL,0.7963203302929563,0.5105003108552044,0.4771695718148281,0.5682198359708954,5.5,0.034021595856533124,9.825364406584356,5.942312013392182,121128.9562,0.3136053985228082,386246.4,0.6047930404912014,0.7652015467110049,0.82582021852134
17,113,McLean,IL,0.7491556294916171,0.5078229928723789,0.4654765640251387,0.5272594516371552,5.0,0.023305180494268263,2.8251829176848875,2.3717103423014483,430780.261475,0.5687174457383315,757459.2,0.8394891273960272,0.8012519145709671,0.931990377960173
17,115,Macon,IL,0.7089175036336969,0.49640883603554753,0.5081490154679589,0.5512184673022857,4.25,0.017758425160676484,5.176550752357096,5.740920424675943,167571.5498,0.4510276072529801,371532.8,1.1090242710480267,0.8175699692130043,0.950465400747838
17,117,Macoupin,IL,0.7653046567977189,0.5120985398768438,0.5520506165656496,0.5371673053374353,4.0,0.027561293957719196,5.024624264078331,2.761140823128375,220937.065625,0.399752382596735,552684.8,0.5495218503934944,0.8190528764376926,0.9690326872605626
17,119,Madison,IL,0.9031598784767945,0.5593440990802984,0.6299500247182457,0.4989587567502909,4.25,0.032352806429454886,4.342966269119515,2.5369955640012964,120334.424225,0.25933427747036286,464012.8,0.5841619314523578,0.7729754598034433,0.9519012398214827
17,121,Marion,IL,1.0343698701634083,0.5901792436352014,0.6262952215849619,0.5200089959547678,5.25,0.034953641869773566,2.165873981241878,1.4228922896485354,132334.306725,0.3613258907800868,366246.4,0.6569598702287709,0.7494850156352825,0.9556487487276892
17,123,Marshall,IL,0.7254029790190455,0.4992211238414567,0.487552912380291,0.5563312796243831,4.5,0.01443151853570221,5.5117852713751345,4.175254719648433,133606.77565,0.5407464822906414,247078.4,0.7575140383882824,0.8164250081785355,0.9409600496594568
17,125,Mason,IL,1.16583589313701,0.6159024125612582,0.5793845905117042,0.47162767525324695,7.5,0.04077605018277383,4.2488524629553,3.352541541077061,125811.1854,0.36475299140442347,344921.60000000003,0.7890463531758389,0.7863775734036689,0.9296098859384189
17,127,Massac,IL,0.883248412585572,0.5312204787837864,0.637129052355127,0.5805948092630635,4.0,0.05995211385800316,8.122047268207092,2.8786716139347424,32456.092324999998,0.21214241479946663,152992.0,0.3544268481670874,0.7299565269995236,0.9099828255093474
17,129,Menard,IL,0.7253494421611811,0.5026662504225795,0.6253319136961959,0.5389221711984941,3.25,0.015477398662207395,3.7043396773064354,2.7525934759633026,98458.12165,0.4895491331046142,201120.0,0.7430726433718456,0.807104466534489,0.9317156101177532
17,131,Mercer,IL,0.7267307478428431,0.4993891069227173,0.48760847183287515,0.5581231542507722,4.5,0.009037768986325663,5.825048513025978,4.029979448863937,194859.58974999998,0.5427045541769902,359052.8,0.6918362035701666,0.8000261611314935,0.92042053307573
17,133,Monroe,IL,1.0422839157242516,0.6106726096506436,0.7518489182068541,0.49203934254981624,4.0,0.02529629304324018,2.7531235344441605,1.5393069034001514,83592.013775,0.33637879297287465,248505.6,0.5591129072640499,0.7307403666879926,0.9427138380257567
17,135,Montgomery,IL,0.8099421459586454,0.5279967446238168,0.6211745345500395,0.5166619515949267,3.75,0.03309677360209628,3.2963214097921254,3.250927647943573,202787.2287,0.45020608815537083,450432.0,0.9862289636824538,0.7986298319523584,0.965403931605219
17,137,Morgan,IL,0.7825724630763556,0.5135232405355595,0.5645067058082599,0.544047393162975,4.0,0.030576479348993497,3.006171510752536,1.4542191198075953,98764.040825,0.2713250119366033,364006.4,0.4837445616812329,0.8188349931541596,0.9713126887219381
17,139,Moultrie,IL,0.7073234541104834,0.4988053503746789,0.5770625267418474,0.5381296166208903,3.5,0.003423109704988019,4.391452638261335,4.010250172281201,112124.07487499999,0.5220317848396528,214784.0,0.9131944489942035,0.8114961402325266,0.9479843648066982
17,141,Ogle,IL,0.742739047324252,0.4746369357825,0.3886692032630685,0.6345084345565475,7.0,0.020611467146822476,7.762093337038664,6.45344260143223,231283.4565,0.4762336765563433,485651.2,0.8314049214840155,0.8226385235526242,0.941595211370268
17,143,Peoria,IL,0.7058182418643385,0.47032208852719704,0.49293406087178765,0.6349089481093786,4.5,0.03098506434307494,3.1200845075932713,1.8478947125445682,98570.541075,0.2486061312462673,396492.8,0.5922579045687363,0.8059931577532137,0.9479903632053654
17,145,Perry,IL,0.9480178846744812,0.5728335073689577,0.6838503504469596,0.5205386734473175,4.0,0.015349212952214062,3.196439303895006,2.3586572500890184,57122.034375,0.20240651921021752,282214.39999999997,0.7379014665521375,0.7603679438575679,0.9675624255634613
17,147,Piatt,IL,0.7722331211529003,0.5157695888348901,0.5570484471487477,0.5133874586649491,4.0,0.013481176544920067,4.360493139765524,4.716300637275131,184070.238175,0.6536288058461832,281612.8,1.081597995021439,0.810933595259893,0.9408532403869045
17,149,Pike,IL,0.7184587325897286,0.47970277023456315,0.5506179883980958,0.6183311155285037,3.75,0.030884995807193397,2.5333958741771125,1.6773999560267971,139769.822875,0.26302583191880946,531392.0,0.6621152158352052,0.7842715983034996,0.9572661696724012
17,151,Pope,IL,0.8230011425658945,0.5162137235989053,0.6720620338383205,0.5811211961800543,3.5,0.018074365852807566,6.447668321449157,5.082465503151483,11584.4645,0.048807436178746694,237350.40000000002,0.7882641056835822,0.7205444091859406,0.8960149441198145
17,153,Pulaski,IL,0.7976638958866304,0.48755842881633693,0.5753928734459062,0.6351371892869571,4.0,0.02192059881074328,2.5394942987952884,2.1332416739941387,28912.734725,0.2249920215539245,128505.59999999999,0.8400261717484965,0.729808486752208,0.9217187897823667
17,155,Putnam,IL,0.7563637762641546,0.4975388137725718,0.5456011345621726,0.5717193333132614,4.0,0.015713338736023458,5.256299960296159,5.1300066893541665,47983.44145,0.46917476386498747,102272.0,0.9759729711211388,0.7911247211798833,0.8970142941232608
17,157,Randolph,IL,0.9467020762470671,0.5737299878873986,0.6829011953004646,0.5229413665556158,4.0,0.019990531566145633,4.363176666361411,2.478686097398402,68843.741475,0.1859692715581887,370188.8,0.5680920776158843,0.7320065070305554,0.9619075763205415
17,159,Richland,IL,0.8599349319418439,0.5439445669746825,0.6611917635907042,0.5118202608789204,3.75,0.019290579072990047,3.1149841822675732,1.4307659725415056,117285.67435,0.508854518164811,230489.59999999998,0.45931725133190565,0.7510440813120783,0.9499291147780679
17,161,Rock Island,IL,0.7102390346204208,0.49599339285575617,0.4907827013952669,0.5560411968340501,4.5,0.017096193746794646,5.106420702327176,2.3809783147789134,82681.93854999999,0.30273117512448744,273120.0,0.4662714753787947,0.7818842198969529,0.9251706519109726
17,163,St Clair,IL,0.9408899223206174,0.572945185372854,0.607694400945451,0.4790749385527416,4.75,0.024398109306481675,2.215241058805902,1.0739583555290462,95714.38635,0.2252959863091472,424838.39999999997,0.48480428405744247,0.7563535116057664,0.9681771243043183
17,165,Saline,IL,0.8586886674545198,0.5376007138824141,0.5335332669999343,0.5183568799936066,5.0,0.024423496562604483,9.767260858028902,4.601479007812217,59142.0336,0.24108274634108162,245318.4,0.47111253346220405,0.7760599966088215,0.9591100530874548
17,167,Sangamon,IL,0.7479102484633733,0.49776126811070043,0.5395032032440706,0.5818258683264828,4.0,0.042645907164497905,5.545840358419863,3.7541335951885,196810.313125,0.3542077843970289,555635.2,0.676927814824107,0.8373732401528878,0.9642996354348223
17,169,Schuyler,IL,0.766254380013444,0.5142270189691803,0.6974747942628641,0.5246035850811693,3.0,0.016744271976386272,1.053995833967634,0.5525851435058123,78774.92965,0.28146126907256863,279878.4,0.5242764019528193,0.7819964662223886,0.9602530179912885
17,171,Scott,IL,0.7359867471049739,0.5031992956938753,0.564046893971793,0.5486075953672328,3.75,0.03054999301003901,1.3579434403234427,0.4723947409321525,59585.267425,0.3710424850612247,160588.8,0.3478751227073455,0.7997730385749686,0.9388949822102228
17,173,Shelby,IL,0.7709052583622614,0.5145434059802165,0.701708206174227,0.5354517546331592,3.0,0.03019525634832731,5.722067905954506,2.9073337624864353,201939.861775,0.4159879685481239,485446.4,0.5080914470555307,0.7882100104296712,0.965747619641284
17,175,Stark,IL,0.6759387086495229,0.47111959820524263,0.6152659274082848,0.6235677877043649,3.0,0.004740129036706867,3.9473019789871544,3.292490258604543,116699.750275,0.6332685969461953,184281.6,0.8341115719373893,0.8192643670161537,0.9405084742579539
17,177,Stephenson,IL,0.697393970394653,0.47097748034437065,0.5030634113171153,0.6300110064538222,4.0,0.011310184575748184,7.298315644242512,5.383526244462226,147034.42805,0.4072127580348914,361075.19999999995,0.7376395468328609,0.8002773502138304,0.9518812086077322
17,179,Tazewell,IL,0.903792038155747,0.5488845516264944,0.5182873237690611,0.5103301585122441,5.75,0.04301821839631844,1.7467217397197334,1.6694681144165067,149731.373925,0.360563560333219,415270.4,0.9557722197265248,0.784313755377079,0.9309213623353426
17,181,Union,IL,0.8478743378783223,0.4952164059663714,0.49999912063949803,0.6336119731102844,5.5,0.014409195484500153,6.802077409677517,3.538265309234794,27245.2821,0.10229419761930507,266342.4,0.5201742197465732,0.6706900952333334,0.8125121684497798
17,183,Vermilion,IL,0.8156007363623543,0.5245630717882452,0.5883315688476777,0.5190345575756566,4.0,0.010289508752429273,4.9642637768104265,5.952409684742098,286974.4203,0.4987292918525047,575411.2000000001,1.199051853881657,0.8061816583649164,0.9439572173359891
17,185,Wabash,IL,0.8818388860662065,0.5548452161426204,0.7190812622141047,0.4825416424574458,3.5,0.029353470080040342,4.097977851453435,2.1945458033482286,57937.664275,0.4050995678600595,143020.8,0.5355191957833267,0.7440909430025954,0.9598440749996935
17,187,Warren,IL,0.6986736842863619,0.49409811517305485,0.5364094371858237,0.5603628898029408,3.75,0.00865321975698404,2.476414585635162,2.1306026474595074,209793.135425,0.6042206261549113,347212.8,0.8603578172323844,0.7822691172248466,0.9139217698446469
17,189,Washington,IL,1.0414088271566773,0.6215711484154748,0.7512176752384649,0.4850771499832422,4.0,0.013642859907855754,2.4810841095889407,1.5161680040613397,164012.6904,0.4555017307726489,360070.4,0.6110909332745411,0.7614498329205815,0.9610532660119047
17,191,Wayne,IL,0.9709463909656826,0.5667559154123804,0.6262422643661703,0.5205190430129565,4.75,0.04234044976589132,9.10911310795484,4.342117393850269,215727.6428,0.47215918458467576,456896.0,0.47667839254936556,0.7386796001769745,0.9473484693146887
17,193,White,IL,0.9042422582394032,0.5512506927672405,0.5479197213131097,0.498832689988991,5.25,0.01925470405711182,3.522132512287955,3.354775153185606,159827.727125,0.5046392459288551,316716.8,0.9524840821523677,0.7648262653854287,0.9527677740677523
17,195,Whiteside,IL,0.988512463005833,0.560256229821689,0.5211086557117037,0.5581347823008257,6.75,0.034665382226862516,3.9844800483139045,3.1693301346623457,227113.166775,0.5182241089503592,438252.8,0.7954187488034976,0.7711733949966848,0.9043491071335074
17,197,Will,IL,0.8258368076644306,0.5341770129034562,0.674448681657229,0.4967843861184549,3.5,0.027578439430213268,4.5692693137943765,0.48861548461340054,181149.408375,0.3381914481156803,535641.6000000001,0.10693514675055306,0.7827602289272563,0.9121561022966026
17,199,Williamson,IL,0.8633807972955553,0.5180044664591155,0.5364486511876594,0.5952276232057712,5.0,0.054488171854430015,12.224865925178356,7.840745251221992,31337.192300000002,0.11564290632897191,270982.4,0.6413767888507618,0.7621457775229142,0.9556683852572049
17,201,Winnebago,IL,0.737062539432888,0.4972745471144776,0.6022531818374435,0.5791801916727487,3.5,0.01997450890680436,9.605998770302167,6.858614503667637,110850.96794999999,0.3371445428074026,328793.6,0.7139928567211228,0.8068690543415646,0.9328131609525703
17,203,Woodford,IL,0.7368382849831416,0.505747467028051,0.4760051201123138,0.5270419215585324,4.75,0.009908797805703522,3.7984975409466806,3.6275640102529674,170152.72625,0.5035772985427124,337888.0,0.9549996995256413,0.8161204045270007,0.9375248789322285
18,001,Adams,IN,0.8397498635520183,0.5359790496038508,0.6440582638086152,0.5248462917681177,3.75,0.025337028756925596,7.750073304511451,4.018070374566355,67500.594175,0.3107899528478238,217190.40000000002,0.5184557896023211,0.8224457203197337,0.9761563174220119
18,003,Allen,IN,0.8998751112983114,0.550534221804364,0.687812748892028,0.5280200822656664,3.75,0.06447295989345261,13.16113662814514,12.985107031131058,57485.709,0.13666248811335108,420640.0,0.9866250459981061,0.8283514645119435,0.9675618885841665
18,005,Bartholomew,IN,0.8635425448317512,0.5343420477431806,0.4627577586577764,0.5081612084224811,6.5,0.017777368524246592,5.789085468897287,5.232272766132029,86511.8906,0.33225550354561995,260377.59999999998,0.903816810831898,0.7728329015697284,0.9518110067436027
18,007,Benton,IN,0.8115717962156029,0.5245014532569374,0.5042579088920482,0.5046692932579098,5.0,0.013407741287813338,4.249642968588153,2.2050706854635194,192132.5502,0.7388622226563462,260038.4,0.5188837513557295,0.7947763562490201,0.9430167560951526
18,009,Blackford,IN,0.7783137925681676,0.505487077642201,0.5548498918109164,0.5712809276522879,4.25,0.04779594683914661,7.170932978579849,4.798273802139757,44447.82225,0.42065246678149604,105664.0,0.6691282454420625,0.8021488701615824,0.9569308661347831
18,011,Boone,IN,0.7263658718238215,0.5047037066002769,0.5573318702232872,0.5164639004094579,3.75,0.013779743562173935,16.111140740907953,11.123870030750735,141078.725925,0.5213089967076091,270624.0,0.6904458355643316,0.8464370087548561,0.9667311739654668
18,013,Brown,IN,0.0,0.0,0.0,1.0,1.0,0.0,4.095476391896296,5.073966444809641,1819.768,0.00910583327995901,199846.4,1.2389197151397282,0.7694504854724163,0.9467541736289516
18,015,Carroll,IN,0.799015578468926,0.5161779483194886,0.5038862325273991,0.5425016392786369,5.0,0.002574224552813321,6.442668253125072,3.7322036278110184,112942.3141,0.47405675007051523,238246.4,0.5792947085240158,0.8104342718972827,0.953165712273153
18,017,Cass,IN,0.797783649584077,0.5166152275776502,0.5148023728912194,0.5368084320209292,4.75,0.03007262902065171,5.333872583058842,2.7497362224581803,97853.178275,0.3703238090795832,264236.8,0.5155234174869013,0.7961317220489198,0.9326097507150963
18,019,Clark,IN,0.9106330921606062,0.5347812213960983,0.5227756426044229,0.5839919880852479,5.75,0.026313196902051895,13.118743495057842,12.335989702123781,35282.345225,0.14699409240097722,240025.6,0.9403331734301426,0.7344143735751594,0.9122498697078048
18,021,Clay,IN,0.7699027722141825,0.5171834106730633,0.7007957039580954,0.5024470126253151,3.0,0.016400567064067294,3.0480008845645417,1.9470218589100206,63395.885324999996,0.2769869437400383,228876.8,0.6387865137342916,0.7732733423359783,0.9647450384069148
18,023,Clinton,IN,0.815868405654746,0.5231325520141645,0.5262708842360355,0.5183137117126919,4.75,0.029942093596189687,6.9616240984670705,5.3188237172576756,126376.664475,0.48744393542875214,259264.0,0.7640205276853235,0.8151549292672794,0.964903037104656
18,025,Crawford,IN,0.17296835853886727,0.1246816986243521,0.249540593094728,0.8813077469793887,1.25,0.34593671707773455,33.53285523512829,26.033153209840872,3001.44875,0.015342069065280683,195635.2,0.7763476455344939,0.7690712740863457,0.9786577500187094
18,027,Daviess,IN,0.9040975328038177,0.5362514250489966,0.5184051050174416,0.5588917034121093,5.75,0.0379147440954675,8.84900419542641,5.364946661314094,111992.178925,0.40632466347074836,275622.4,0.6062768807463054,0.7603221602527647,0.9543143911985581
18,029,Dearborn,IN,0.8548206771210433,0.5383388842694692,0.6166227758659375,0.5119570642161662,4.0,0.0942836250607941,27.96798898161228,25.960061486543854,5945.098175,0.03043548998537892,195334.4,0.9282062254676748,0.7752999504608069,0.948949333104621
18,031,Decatur,IN,0.8799481269569343,0.5397537952714594,0.4709545901669143,0.5000499240517887,6.5,0.04447521038308858,5.8148251858669,2.7797795751264873,98245.26205,0.411992007388956,238464.0,0.47805041188217007,0.7900110547192107,0.9407428319349469
18,033,De Kalb,IN,0.8254457713380858,0.5267227627159958,0.7513531205251724,0.5605285323595743,3.0,0.03598392560957844,5.604478761990954,2.6230951630685615,55981.650925,0.2410475351915578,232243.2,0.4680355255975177,0.8191763564387717,0.9588359193322682
18,035,Delaware,IN,0.8396206661501477,0.52622499013631,0.5276289569645216,0.5382451069425837,5.0,0.04466690793394215,6.645432527077527,4.159933856160488,96801.79305000001,0.384583390476811,251705.6,0.6259839128921092,0.80654155297747,0.9569134641450231
18,037,Dubois,IN,0.8312723176371962,0.5276493299974935,0.6753814046517829,0.5492477709751484,3.5,0.03520037635880204,6.172446450857099,6.496740456080064,54507.962975,0.1980252787752273,275257.6,1.0525389742632654,0.7558367734182609,0.964115840241159
18,039,Elkhart,IN,0.8292152266789814,0.5253141313772242,0.5357391379509077,0.5380779477836464,4.75,0.014830801189676914,13.009241737716078,7.96400168447062,36432.737175,0.12273593030753432,296838.4,0.6121803134291509,0.8378689247356392,0.9592457970451602
18,041,Fayette,IN,0.8104703097816359,0.5296948473668099,0.6216776058977355,0.4913488787441789,3.75,0.017987987567226426,1.638100483740363,2.0691819399876437,47818.288625,0.34758129873726507,137574.4,1.2631593486029435,0.7842211806662951,0.9511318551722093
18,043,Floyd,IN,0.18110744482730043,0.12633411634280933,0.16485110051596455,0.8779458830375327,1.5,0.36221488965460086,11.26242183134406,16.924070503839417,2837.8925,0.029960858319256756,94720.0,1.5027025942802654,0.7625953040080754,0.9631173081276888
18,045,Fountain,IN,0.7455974071222669,0.5080527945577923,0.53378746370192,0.5241596059628227,4.25,0.019477893013115755,6.378861394239694,2.469186566150747,115970.35468250001,0.45794353961789847,253241.6,0.38708891972170734,0.7813061710957921,0.9360798145137385
18,047,Franklin,IN,0.7777610987963754,0.5139928163171397,0.561036040114941,0.5337377828134346,4.0,0.041406947061160694,4.351542358439902,2.4771955842889524,30647.80685,0.12406009897182642,247040.0,0.5692684065189858,0.7754488894610123,0.9631900708349663
18,049,Fulton,IN,0.7922136328710202,0.5162413432267015,0.4922300057371477,0.5333675701283891,5.0,0.017065210134753112,4.504614760541434,3.9274251674322467,80205.87327499999,0.340076733310324,235846.4,0.8718670466195844,0.7958436763782647,0.9532472943949333
18,051,Gibson,IN,0.9001392310781844,0.5536449441039883,0.6493132023930508,0.5142503461850143,4.0,0.003118323294253883,5.182674577450986,4.316246688103406,108874.25665,0.3480421171398687,312819.19999999995,0.8328222472008423,0.7525221078952923,0.9600161913932104
18,053,Grant,IN,0.8204176341093895,0.5161644513523928,0.55009989013428,0.5687621970085083,4.5,0.019226089776858062,6.655462741735675,3.825434109712111,104058.041325,0.3927026775120463,264979.19999999995,0.5747810870795256,0.8307990042629047,0.9624331628388761
18,055,Greene,IN,0.8239105235347227,0.524525202402908,0.472469830374104,0.5144844580190043,5.75,0.02937585679839614,8.709795670334117,5.219130358357875,72055.67292,0.20782860269414652,346707.2,0.5992253499280613,0.7464162376622601,0.9566895006552789
18,057,Hamilton,IN,0.756490100544509,0.5110239740851267,0.5603010373150925,0.5126662505830545,4.0,0.02856163928063396,4.880467998846347,3.8274139735774075,63245.1536,0.24833028220334724,254681.6,0.7842309332797874,0.8038097990489866,0.9335593763112556
18,059,Hancock,IN,0.7429610997780219,0.5089718664349655,0.5709386427030506,0.5086919398489056,3.75,0.003881747352231458,6.85960969933704,5.586224694066243,80289.9102,0.40981636184339476,195916.8,0.8143648019224964,0.8275528197838682,0.9751626911807418
18,061,Harrison,IN,0.9817969366013783,0.571508530325851,0.6100247353540449,0.4982474794426808,5.0,0.06574420970338783,13.521679416076282,17.418029065804642,37047.810287500004,0.11930094302423383,310540.80000000005,1.2881557482494288,0.7651862733649528,0.9584797465926604
18,063,Hendricks,IN,0.7075246551571827,0.49791288912385456,0.6109365886501897,0.5432185889587966,3.25,0.0071245051265604875,22.726569650071692,17.351859527667713,94378.92795,0.3610937459827004,261369.59999999998,0.763505438561115,0.8619318048075458,0.9728072311542024
18,065,Henry,IN,0.8385116152321483,0.5273219715913267,0.4679822429477127,0.5015032732018131,6.0,0.013311854353421235,6.631693439443506,5.44656786744545,104978.2363,0.41744965825655966,251475.2,0.8212936736566784,0.8116857563453901,0.9581077254611453
18,067,Howard,IN,0.7516149694617353,0.5093158063860868,0.5558313570328993,0.5146942989408441,4.0,0.03524134888418184,6.965348140495648,6.249955850877895,57940.7665,0.30891066180861226,187564.8,0.8972926729306533,0.8149475398513722,0.9533770636063478
18,069,Huntington,IN,0.7989391434926957,0.516126401027854,0.5156326986828099,0.5423873174895517,4.75,0.03263866461617356,9.412215442570764,7.380791286414856,90690.77932500001,0.3703817211513958,244857.59999999998,0.7841715196012274,0.8287581949965015,0.9694897186169873
18,071,Jackson,IN,0.7912621088813006,0.5205847009817234,0.5104688644488624,0.507369378366755,4.75,0.039320743553063066,10.095476970247935,7.634194551131095,101579.086,0.3116320548879857,325958.4,0.756199491478173,0.7194750152738981,0.9300888894606235
18,073,Jasper,IN,0.8821504760488299,0.5369549175679383,0.5481109083075302,0.5402419483774406,5.0,0.021225526285718176,3.4603928589804216,1.582432469555326,211426.215125,0.5900538716716603,358316.8,0.45729850165671004,0.7892269326542197,0.9348825486893414
18,075,Jay,IN,0.8661865278874357,0.540479578286523,0.6026296325820497,0.5160305390436978,4.25,0.019235209242248606,6.7809316644119395,6.5479015962265885,111955.713225,0.4559764412315257,245529.59999999998,0.9656345057408037,0.7951464260012063,0.966204625292079
18,077,Jefferson,IN,0.977230572719131,0.5397356703686502,0.6071874939500933,0.60588268093391,5.0,0.06581641029857269,23.688067714340995,15.387164107422155,44108.0543225,0.19071542983342904,231276.8,0.6495744732317955,0.7251109005903214,0.9206473516266213
18,079,Jennings,IN,0.7939636842423565,0.5187519494394285,0.5512019957140004,0.5303268971985755,4.25,0.047114613361832834,15.441525456303845,8.719669934889156,58461.911185000004,0.24215772288468929,241420.80000000002,0.5646896713387497,0.752629667180603,0.9477336237021715
18,081,Johnson,IN,0.7388769367763841,0.5005480993397561,0.5488016890083351,0.557276039155437,4.0,0.008401545213834256,5.777212200567337,4.759442910297896,55394.6335,0.27032110573019147,204921.6,0.823830377882001,0.8137570683056212,0.9243406248981324
18,083,Knox,IN,0.9466663450580441,0.5689016588846777,0.542992931615436,0.5019275125650386,5.75,0.03423849213582448,6.125965547518759,3.9645614960408047,162694.50732,0.4928177261646279,330131.2,0.6471733256231905,0.7230745144414277,0.9384731053854141
18,085,Kosciusko,IN,0.7399646826245795,0.506057980513872,0.6033397643168392,0.5336641860020542,3.5,0.007076613001626728,6.267562560331628,10.317383519998012,92864.337725,0.269954470130814,344000.0,1.6461556499329304,0.8399878936643296,0.9640401057722305
18,087,LaGrange,IN,0.9547808938206612,0.5746641160788034,0.7267863130998846,0.5125116611172406,3.75,0.10606276689714808,27.539694827562073,30.69326900671217,30616.074525,0.12603439889691354,242918.4,1.114510135239188,0.8631796256289036,0.9818456623462877
18,089,Lake,IN,0.8351166521416895,0.5292425812535334,0.49898418111846393,0.5074589382213412,5.5,0.020796200609154353,1.9204398796199609,0.7516152522502955,95035.40105,0.2987903218250734,318067.2,0.39137661127878365,0.777204638062434,0.9180359837328013
18,091,La Porte,IN,0.9472526843283582,0.558746703667687,0.5222964428186447,0.5265368579178336,6.25,0.03539989097017726,3.994056655719615,0.34204860577941454,112929.533525,0.29495252094947266,382873.6,0.08563939755075586,0.7597496768837076,0.9227540158868784
18,093,Lawrence,IN,0.7469305373319116,0.5060505281237005,0.5722962355906486,0.54791210890175,3.75,0.03505422698187021,12.426305276160402,9.151079598908073,21807.132225,0.07591659225444489,287251.2,0.7364280367764843,0.7640191296150758,0.9590998413047238
18,095,Madison,IN,0.7730295915235488,0.5143863194158904,0.4993250865293538,0.5070416793213259,4.75,0.017251174584813813,7.288163401401772,7.696708922992853,89146.56872499999,0.3080784589229038,289363.2,1.0560560321016543,0.8138183061999374,0.956579062683997
18,097,Marion,IN,0.7445589231771942,0.5074695168202552,0.5723352764368094,0.5253865689770917,3.75,0.004105106183250549,6.149174453574247,8.05421426535254,10027.92605,0.03954229514984227,253600.0,1.3098041576411898,0.8087602601342958,0.9326397172757283
18,099,Marshall,IN,0.7889904780461214,0.5121385947125183,0.569136324992876,0.558709118819764,4.0,0.025792049606329057,8.449458731945864,4.372571507095539,65285.432474999994,0.22960922016383617,284332.8,0.5174972321675048,0.8191680167359261,0.9730001064002767
18,101,Martin,IN,0.7608378627843243,0.5131106037220944,0.6925444678092191,0.5237407287193049,3.0,0.008097176133337406,5.976083649368492,4.3036706494213615,21091.3663,0.09804028037053014,215129.59999999998,0.7201489975589852,0.7574101528439211,0.9622586717942188
18,103,Miami,IN,0.8067667534618004,0.5216843720775266,0.5214915537873273,0.5216942373089923,4.75,0.019038378600668406,8.524142148107162,6.3494660844441855,72291.04827500001,0.30071551815581576,240396.8,0.7448803614630152,0.8241008547334632,0.9642099075714944
18,105,Monroe,IN,0.7790128498507691,0.5184484429496607,0.7090880539805327,0.5154828162417521,3.0,0.027541273809248822,6.134464060617332,3.0648060247614746,6643.454425,0.026322803446335745,252384.0,0.4996045285255209,0.7571509206505664,0.9440821963340003
18,107,Montgomery,IN,0.7099903415957916,0.49970807827885555,0.545272119961088,0.538105573446922,3.75,0.008049986349274205,5.486341304522109,3.919351588653322,147376.905205,0.4564357780476353,322886.4,0.7143834790997785,0.8173504616216143,0.9588209425818041
18,109,Morgan,IN,0.73353236748176,0.5009856839933844,0.5637423650920044,0.5571940558178348,3.75,0.004950797472748992,7.8873865498033116,5.338028528318885,40578.782825,0.1559877682585738,260140.80000000002,0.6767803878525518,0.7967317892461542,0.9571881864266847
18,111,Newton,IN,0.749042849128806,0.5017476599391747,0.5362875553146974,0.563770728966575,4.25,0.021244618751737228,2.2005409730886494,1.4517516095023855,155808.168075,0.6058237218295073,257184.0,0.65972487095513,0.7875214781074201,0.9199916490853537
18,113,Noble,IN,0.7689669986835566,0.5145869120626826,0.6245654064085758,0.5141076592648195,3.5,0.035536064365120905,8.117175716786123,9.113234550989787,43668.5316,0.16597037441317408,263110.4,1.1227100248851134,0.8460837696560647,0.9794610722311924
18,115,Ohio,IN,0.795378051183661,0.4874412303051632,0.6773409514794957,0.6393011957931127,3.25,0.14234135882856877,24.111338108253264,23.99230406912961,1991.6446,0.035884971027444645,55500.8,0.9950631508467417,0.7244021549613521,0.8747038081410239
18,117,Orange,IN,0.8188116741909077,0.5319565694041836,0.6252581545880378,0.5143598675933676,3.75,0.06365687488211272,4.1092896953660265,4.576919675939584,25825.52235,0.10100214925879807,255692.8,1.1137982510945614,0.7637982616372332,0.9492003042619946
18,119,Owen,IN,0.7721147652953826,0.5161360329422143,0.5915375849721782,0.5266169644703085,3.75,0.03503424938773068,9.290201419931055,8.203337770438253,27759.652555,0.11260827955030764,246515.2,0.8830096786533539,0.779392808225815,0.9610922093026901
18,121,Parke,IN,0.7376560121040829,0.506883364344753,0.6714434379742574,0.5247251790793217,3.0,0.019197133521419097,9.173921090867651,11.314241200904506,74393.143975,0.2613469601388077,284652.8,1.2333048310353876,0.7868047974190151,0.949579636631648
18,123,Perry,IN,0.5585269860912919,0.3780700742377177,0.5083931718699559,0.6602928344084923,2.5,0.3744550749160425,17.144822984080967,19.214596682808423,9705.712449999999,0.03976290857947246,244089.59999999998,1.1207229552996405,0.7700016931970769,0.9813288748565543
18,125,Pike,IN,0.7766188143022573,0.5170471351388165,0.6338489814994779,0.5154050876618808,3.5,0.014783436291608505,5.301077734676129,4.197084607139516,45526.4212,0.21159805201082751,215155.2,0.7917417584135724,0.7542519471709669,0.9619133218212462
18,127,Porter,IN,0.8516651331630939,0.5326666856773059,0.5496578886080106,0.516717276715113,4.75,0.04079573403796849,2.540941087330559,1.2900931106728795,73860.084875,0.27601918781466,267590.4,0.5077225588209977,0.7821460515094282,0.9351137414070058
18,129,Posey,IN,1.0697562773644933,0.6168148612076172,0.7716660381567965,0.4488153459116422,4.0,0.025924957651568072,6.732512791239272,9.176856744724953,85007.09237500001,0.3251495271381579,261440.0,1.3630656233830554,0.7594024902522091,0.9606984468756917
18,131,Pulaski,IN,0.9170422530942768,0.5516459107699645,0.5254288454591772,0.510681737137504,5.75,0.046715508678260804,5.60397505256745,3.8804040397907804,131891.293125,0.47518941502447076,277555.2,0.6924377791462475,0.7997354622794339,0.9464517622666555
18,133,Putnam,IN,0.7637687719013831,0.5153618299961217,0.6952122962572443,0.5063495413411021,3.0,0.01858057610356572,5.513239338639,7.159477042483975,87266.607725,0.28388764458435695,307398.4,1.2985971772180247,0.8320674874773915,0.9623195843071518
18,135,Randolph,IN,0.8258433644879545,0.5233805749052151,0.500395949357812,0.528369278283387,5.25,0.023001655870061533,4.196058245374874,1.7604573647413861,101078.594125,0.3487739401548318,289811.2,0.41955026879854657,0.7851599320413115,0.9696846270786431
18,137,Ripley,IN,0.7839491002014319,0.5188150912343052,0.5464343454385138,0.5019167135182624,4.25,0.026334837199899555,17.54762181137691,11.943542962177306,55696.003175,0.1949659578836309,285670.4,0.6806359910511504,0.7788508154942619,0.962083217092245
18,139,Rush,IN,0.7746595642628769,0.5145432142950346,0.5587987558696289,0.517910094553498,4.0,0.020206043059719757,3.1974235727314486,1.9201160608046042,100450.1216,0.3844256760066621,261299.19999999998,0.6005197675966075,0.8029805710769072,0.9619070390291352
18,141,St Joseph,IN,0.8148883914153962,0.5180726275146713,0.5476083419014474,0.5635546102530203,4.5,0.01354471053181491,7.044428673033465,3.965570804300727,61642.0672,0.2105998381947785,292697.6,0.5629371789200155,0.7899182489087899,0.9300026581790573
18,143,Scott,IN,0.8238075356565745,0.5190699794523953,0.5304364004060066,0.554984362623402,4.75,0.06175305448085954,9.551431798716319,10.142545839561315,24572.343515,0.20166125711532906,121849.59999999999,1.0618874796262943,0.7312617327862198,0.920484804956172
18,145,Shelby,IN,0.7733453310673791,0.513752378780359,0.4805064706707314,0.5139048003044046,5.0,0.006239244496648337,6.718135091152023,5.286737465153747,108732.26735,0.41172491211316165,264089.6,0.7869352719799476,0.8097838693791115,0.9651212150990485
18,147,Spencer,IN,0.877086074050843,0.5482731078333641,0.5668178041558825,0.5037398565476389,4.75,0.010759283527186999,10.995161049626844,11.773009748321298,74782.45854749999,0.2930788118098491,255161.6,1.0707446389537745,0.7580543090190615,0.9738182968858583
18,149,Starke,IN,0.918351297598877,0.5439372535894355,0.5592535703345657,0.5494223389964422,5.25,0.09783358804265656,8.945638870972893,3.7449091795478218,46040.3743,0.23257600738336945,197958.4,0.41862959522091014,0.8075389073273755,0.9517485750622656
18,151,Steuben,IN,0.7566802561984489,0.5136155249624144,0.6887600512058732,0.5018416176270974,3.0,0.019073993495592544,10.374899472210238,8.050022840337656,27780.456149999998,0.1406030148172292,197580.80000000002,0.7759133340906196,0.8500500594050574,0.9860538432082346
18,153,Sullivan,IN,0.862890895438917,0.5374653982389582,0.47200303161898455,0.49108311807215566,6.25,0.031157139525885703,7.455054558157755,5.276719587738142,103776.75654999999,0.36259208879556126,286208.0,0.7078042885633945,0.7388902739509405,0.9420412852957177
18,155,Switzerland,IN,0.8378126411399311,0.5169683227428787,0.6043540712833317,0.5790931324253984,4.0,0.030223174618212716,32.19786687961847,33.04234818294145,9631.967700000001,0.06804389877588389,141555.2,1.0262278649228638,0.7287016733737752,0.9011017558162838
18,157,Tippecanoe,IN,0.8429455439797386,0.524198766753003,0.49663264569073895,0.5510641936705515,5.5,0.02597964830059111,6.79020360755598,4.452155520232387,127306.110975,0.39799875627451026,319865.60000000003,0.6556733461244274,0.7937321395606494,0.9480324406598218
18,159,Tipton,IN,1.069140568319491,0.622231675481076,0.6283608462358314,0.4372190891127246,5.5,0.11343545060413845,7.246720666179375,9.590725640684369,45760.712675,0.2745923943111775,166649.59999999998,1.323457337805847,0.8033043699465525,0.9473635260068418
18,161,Union,IN,0.7560166412103864,0.5106479642983033,0.6881560028123612,0.5367632524938687,3.0,0.02252195055810867,1.6626019635520906,2.0933825028163002,32748.9997,0.3167459735762922,103392.0,1.2591002228482049,0.7863870209799955,0.9608784290645724
18,163,Vanderburgh,IN,0.8757875883716946,0.5505069408869687,0.7138978016633427,0.4869755532570924,3.5,0.016298063026087953,9.75825732422836,15.954990029556864,29390.488624999998,0.19577370710901865,150124.8,1.6350245232765999,0.74750864935214,0.9596014668521016
18,165,Vermillion,IN,0.7627213430640752,0.5093578187985239,0.5501871496093556,0.5409839894831594,4.0,0.020752739824715864,8.417977730316672,13.660923541188549,53935.106675,0.3280532686351649,164409.59999999998,1.6228272369965804,0.7897120724538177,0.9409358081982773
18,167,Vigo,IN,0.8846531903131987,0.5413915301658226,0.5351294167643098,0.502952917282819,5.25,0.025270750776757958,12.395464631330281,13.229338381650862,63446.0901,0.24581446547459643,258105.6,1.0672724883755398,0.7502213799708082,0.9497985262521038
18,169,Wabash,IN,0.798021932806394,0.5210044795353728,0.5558113426317828,0.5163546940798407,4.25,0.02390019807715813,6.782996757593118,4.831909485043004,92708.502425,0.3505991118403139,264428.8,0.7123561543257411,0.8384847391411707,0.967407198623271
18,171,Warren,IN,0.8359186615684451,0.5294831177415399,0.5606427636213648,0.5149244663844637,4.5,0.022394587908218928,8.42128145151005,5.067813837083116,136335.264375,0.5838189283762812,233523.2,0.6017865411889765,0.7959890127329171,0.9309789280919901
18,173,Warrick,IN,0.8430585907651118,0.5408622197143056,0.7302136773561301,0.4983482968519956,3.25,0.03911060894017836,11.15328251054994,10.712264283481234,49149.677225,0.1999540986384318,245804.8,0.9604584366394787,0.7495442600608434,0.9602676404798959
18,175,Washington,IN,0.9192624460961978,0.560340314709141,0.5267068053945201,0.4766523745325741,5.75,0.13293830618739605,10.63548160414427,8.268069184510335,53681.8533,0.16305333342648032,329228.8,0.7774043049718183,0.7754133303582468,0.9638579964160638
18,177,Wayne,IN,0.7617939362966892,0.5142978884140255,0.6573777314710728,0.5040955712904771,3.25,0.0069122864406970675,4.582180737995913,4.165949309272473,88908.764575,0.3442276300231373,258284.8,0.9091630268374168,0.7815749608698919,0.9540555510557788
18,179,Wells,IN,0.8613838636903859,0.532635354806848,0.5548319192682942,0.5250213223192518,4.75,0.05720468196339588,10.242014623739212,8.541901094557998,92019.225125,0.3886367154768421,236774.4,0.8340059459356125,0.8238583752690423,0.9750889389532883
18,181,White,IN,0.8467377109500918,0.5338579875522752,0.5261077202223308,0.5121862323673578,5.0,0.04974672783371967,4.8760689845858405,3.407501170415284,202853.868815,0.6273437772611778,323353.6,0.6988213622873318,0.8076051947198203,0.9486195038545993
18,183,Whitley,IN,0.797898341142716,0.5249176795944697,0.7262783689685822,0.5157404856279408,3.0,0.040949467682442404,11.54828493316049,13.741208416303596,77179.03365,0.3594189320401914,214732.8,1.1898917021735587,0.8331255491299823,0.9669357609522473
19,001,Adair,IA,0.7090820047987207,0.5014825752667049,0.4933966513666591,0.5165935621757021,4.25,0.010191881799741726,4.445946491708326,2.9123911889781566,157026.404825,0.4309744555402468,364352.0,0.655066630785988,0.7769831851393101,0.9363735216171902
19,003,Adams,IA,0.6971507951679528,0.500247837529445,0.634574000635962,0.5101007466834475,3.0,0.002225085148790945,3.6065508097553334,3.9412488961737058,91518.6237,0.33762537075896015,271065.60000000003,1.0928028202217615,0.7629205655094108,0.9398211499443372
19,005,Allamakee,IA,0.6780734855117061,0.42105313604385386,0.43801337709555166,0.7093777513356353,4.75,0.023514300846712747,4.021364992871259,5.0324004286178745,61409.128525,0.15002777428280772,409318.39999999997,1.2514159837614578,0.7747635683518145,0.9471151484382748
19,007,Appanoose,IA,0.7103374681897532,0.49902119711231985,0.5273817258397724,0.5416587782459119,4.0,0.010298416445194192,14.975837087319213,19.93142838136896,61157.59195,0.1925616875,317600.0,1.3309057961271422,0.7530866837084628,0.9339397080009216
19,009,Audubon,IA,0.7005928967419928,0.5002420729047162,0.5709647090951273,0.5178337567652719,3.5,0.007475290272377247,8.333382958260158,5.229325784691051,179351.3511,0.6324024238795612,283603.2,0.6275153573144836,0.7879565606659894,0.944901995846718
19,011,Benton,IA,0.8135764808667679,0.5292607244905234,0.47951836652289326,0.49505871538427937,5.5,0.022137512470427747,3.512117919727385,2.9602965271903567,279371.69465,0.6093304944103421,458489.6,0.8428807331788389,0.7884657617857435,0.9219540067563415
19,013,Black Hawk,IA,0.7726587931187963,0.5160593140456557,0.5573555045658696,0.5182527427724177,4.0,0.010574768112481288,4.347961903048412,3.634518315940126,189557.20055,0.5222675069375871,362950.4,0.8359131006626159,0.7876013671873456,0.926520600300788
19,015,Boone,IA,0.7291329233158961,0.5049914862941999,0.44771570612826916,0.5142400235186637,5.25,0.009356824389876988,3.5841053027115923,2.981157196097094,248456.12447500002,0.6793348519444712,365734.4,0.8317716540977935,0.7864021774581398,0.9317123286034735
19,017,Bremer,IA,0.6966588372620686,0.49483426143582016,0.6341262012521769,0.5534820864361514,3.0,0.005566226577562791,3.6850134294198407,4.024573737522095,146672.8522,0.5233531207182005,280256.0,1.0921462878238992,0.7946540669547384,0.9395387996345758
19,019,Buchanan,IA,0.6936939115325584,0.49388336494811036,0.5322941226326348,0.5522584838784108,3.75,0.01221273300108198,4.127239768165666,5.2933890260144345,208327.764075,0.5698143251184881,365606.4,1.2825494333630776,0.792945973574959,0.9377605557704879
19,021,Buena Vista,IA,0.7454258027661229,0.5095297170543018,0.4815792302986739,0.5089462735002545,4.75,0.007307459737126759,5.297845220068116,6.349772623665235,272503.100275,0.7407809843412916,367859.19999999995,1.1985575946259135,0.7886105874702521,0.934657643809119
19,023,Butler,IA,0.7109185326125036,0.5006866711530413,0.491641036730866,0.5255070259063903,4.5,0.013417232819680365,2.696905406580617,1.1045886408467416,218768.67635,0.5889693938400272,371443.2,0.4095763381805964,0.7934002095372878,0.9390629702094836
19,025,Calhoun,IA,0.7320129715768217,0.5057709105408612,0.4548252317914715,0.5148793970478932,5.0,0.005985826520944415,5.3512399318216906,2.2472799531387677,287403.76242499996,0.78763198945727,364896.0,0.41995499767728406,0.7891970754871902,0.9438338073298498
19,027,Carroll,IA,0.7306878350384759,0.5035199835388542,0.4190485105103922,0.535758158719726,5.75,0.013394759214423317,7.78081861291551,4.931907806786038,247709.927725,0.6798523863454226,364358.39999999997,0.6338546176361806,0.7942957992037417,0.9507405910496483
19,029,Cass,IA,0.6967711629548186,0.4994502619987684,0.6012391772452048,0.519793456496509,3.25,0.002455376196255738,4.209735378154699,3.615972141459687,188547.988725,0.5220460233955531,361171.2,0.8589547362582008,0.7866834646796013,0.9406434930612767
19,031,Cedar,IA,0.7330317925229172,0.5036206516740772,0.5287706659433801,0.5418562392761188,4.0,0.005150090416483269,4.747774524705558,4.774167951546886,226535.388225,0.6107840007274339,370892.8,1.0055591154769434,0.7880141746356876,0.9221453712152511
19,033,Cerro Gordo,IA,0.7298861821695688,0.5018326821945579,0.4713594757742554,0.5319704451417093,4.75,0.011248811170504679,7.6670893394658535,4.919113081614156,257563.759275,0.708115661441746,363731.2,0.6415880738852663,0.7912162447876836,0.9244083070866652
19,035,Cherokee,IA,0.7048783354131202,0.5013523632781053,0.4729032907527675,0.5097001891015599,4.5,0.007193140290954578,8.582384517674875,12.47485816207396,251893.9154,0.681944456055618,369376.0,1.4535422103708806,0.7861394549075497,0.9422535732230509
19,037,Chickasaw,IA,0.6970126772837755,0.4969098304716023,0.6344482803198851,0.5391046625888954,3.0,0.006466829362408516,5.784482125937888,4.376371177889768,199868.147825,0.6188450796143043,322969.6,0.7565709570206665,0.7747209273007464,0.9479962763353749
19,039,Clarke,IA,0.8738882637109008,0.539590667431592,0.47757489662031544,0.5003059744611711,6.25,0.06287429022693425,11.90995897590592,12.79816898810628,59077.966175,0.21411514693922226,275916.8,1.0745770841022397,0.7482404939675268,0.9301214680547443
19,041,Clay,IA,0.7105107133487928,0.5014292101732649,0.4589651652046736,0.5197433771486059,4.75,0.0077135597047893675,2.999537679678797,2.2754029249505217,254079.15622499998,0.697847882018602,364089.6,0.7585845446669572,0.7712951612551848,0.9361836014074065
19,043,Clayton,IA,0.602535884887728,0.38370249382051813,0.3699933628610308,0.7419622802546553,5.25,0.04479795000058602,2.6353405444093005,1.7172411315273892,124940.3638,0.25066360015600725,498438.39999999997,0.6516201995868814,0.7790958761590933,0.9360852341982453
19,045,Clinton,IA,0.710760349426994,0.48843739307881245,0.4949144925619087,0.5903336415719206,4.25,0.015686664361207248,4.886312189059199,4.898155353398265,255082.782825,0.5734939827967171,444787.2,1.0024237428720957,0.7898832736423363,0.9294329083496387
19,047,Crawford,IA,0.7410962331961015,0.5064647390377117,0.4136136830438455,0.5230152729759039,6.0,0.01122319140302495,10.14680888267008,3.1010563350198797,307485.316575,0.6725541843726377,457190.4,0.3056188769176712,0.7946671672054881,0.9479115142411682
19,049,Dallas,IA,0.7288843742670479,0.5061868328844985,0.5035348346034578,0.5096956221935598,4.5,0.020695640465675968,4.291880184009814,4.592484116772661,206808.50857499999,0.550988617744194,375340.80000000005,1.0700401502080141,0.7927839020397573,0.9115076229604817
19,051,Davis,IA,0.7081289449186221,0.499942493912532,0.510807058572015,0.5288388990065144,4.0,0.004693569323794125,11.135386250764103,12.445478789334256,69279.0342,0.21510311369823545,322073.6,1.1176512883403802,0.7619029269596426,0.9368135415986346
19,053,Decatur,IA,0.745172713798008,0.5020923996590198,0.40745337199935544,0.548645810985162,6.25,0.014583365285138847,9.544287523453862,9.759570211618499,59138.863075,0.17375794199828415,340352.0,1.0225561821807658,0.7383099606851036,0.9338304035060511
19,055,Delaware,IA,0.6540907176593074,0.4471453927221264,0.5010591523777344,0.6629981636638966,3.75,0.025347689398654727,3.80076151899776,4.502042270116943,181048.709725,0.4895537058844207,369824.0,1.1845105902103816,0.8018781714389475,0.953697307250938
19,057,Des Moines,IA,0.7544276536119525,0.5109478815400026,0.549866237569274,0.5201010004609701,4.25,0.017462621232117975,2.234111421295027,2.0746561608609233,114717.757525,0.43072569057506305,266336.0,0.9286269883792665,0.7541415018496186,0.9065682453104972
19,059,Dickinson,IA,0.7023813062955245,0.5007820779302081,0.5041952658411096,0.5129330702022837,4.25,0.005373091025358855,8.963877154936265,14.319608213063162,163858.0756,0.6718843308796515,243878.4,1.5974793011501258,0.7794984336834748,0.9431711003936588
19,061,Dubuque,IA,0.5635132727521478,0.35251178551629814,0.4064889020373168,0.7727805203911202,4.0,0.03391061995738138,3.5906673464398695,1.7221849078426992,101215.69035,0.2600459026767216,389222.39999999997,0.479628086280462,0.7893729217569574,0.9561090002231323
19,063,Emmet,IA,0.6920372126872508,0.49754596524752515,0.6299194172734353,0.5305593169639345,3.0,0.003506521549940134,7.1581059213571425,8.736541174229451,189654.878375,0.748814240311663,253273.6,1.2205101838690093,0.7829848838561196,0.9366841281434521
19,065,Fayette,IA,0.7415295138239569,0.5022124157053864,0.47900055607590875,0.5559669111834957,4.75,0.01112161266698275,4.470092917592178,5.090988119410823,238015.879675,0.5088105565481688,467788.8,1.1388998424115735,0.792591470910287,0.9342094794613618
19,067,Floyd,IA,0.7072584310509304,0.5002664568763027,0.5428302617762489,0.526736284907233,3.75,0.010797694980152529,4.376263604713925,1.9579378749135607,193170.055025,0.6029810831400082,320358.4,0.44739943745723026,0.7865260228489691,0.9303136561096625
19,069,Franklin,IA,0.7271006347333993,0.5017847654727664,0.46923693006786626,0.5402974894972767,4.75,0.02009895320798659,3.2936758069936616,1.6772750596720496,270130.7681,0.72467434440672,372761.60000000003,0.509241090489413,0.8033572811701386,0.9338613808325504
19,071,Fremont,IA,0.7278727645981133,0.5060984496863266,0.5582484962069362,0.5069392673396804,3.75,0.01708587092970516,6.029503195944055,4.861992048548864,210718.367,0.6442190037518588,327091.2,0.8063669411137296,0.749815597951592,0.9292092288786752
19,073,Greene,IA,0.7401344880511134,0.508380563337737,0.47827552173277343,0.5103380661363501,4.75,0.0029255500713517924,3.2947818176183477,1.4100494463058533,271844.814275,0.7472731343654888,363782.39999999997,0.42796443720971966,0.7868713526228378,0.9333008004777257
19,075,Grundy,IA,0.9450239847744872,0.5762861514411594,0.5719930596317231,0.4879518638903137,5.25,0.03545440556113877,2.0476785210517634,1.0259523639824148,214291.095575,0.6663147735088605,321606.4,0.5010319507846611,0.7798584537761882,0.9200616490834475
19,077,Guthrie,IA,0.7008560000589834,0.4998736436167784,0.5028997804455211,0.5222570802360542,4.25,0.007993409166163642,6.100002977809755,5.237408426731931,172453.62995,0.45624584625275144,377984.0,0.8585911262312951,0.7923203775342302,0.938670653711813
19,079,Hamilton,IA,0.7384374628534718,0.506041995044799,0.4770022488066757,0.5222039758168151,4.75,0.007951060994587717,3.731167859033907,2.2493325363572203,283472.38795,0.7680613272037786,369075.19999999995,0.6028494619750582,0.8059892712770805,0.9347207187686641
19,081,Hancock,IA,0.7198844644559775,0.5013280056850193,0.4966651712340877,0.5344609875750148,4.5,0.024999074030920602,4.2576501076580096,4.388152115985966,281238.623225,0.7694408236400386,365510.4,1.0306511819966675,0.7875963259212543,0.9380733070524008
19,083,Hardin,IA,0.744976398194432,0.5033575546453566,0.48002540759815415,0.5443445509116945,4.75,0.03984566627866945,2.5100731401447822,1.0462037253448104,255894.9104,0.7023781707831218,364326.4,0.41680208780070244,0.803131937932419,0.9313710743794961
19,085,Harrison,IA,0.7470558226361272,0.5087195919137532,0.5388868652921829,0.5160227675550413,4.0,0.008358065996094732,4.237727547749856,1.7567175010283373,243077.722525,0.5451385656293956,445900.80000000005,0.4145423416758157,0.776743628479381,0.9416814435550878
19,087,Henry,IA,0.7455776950139044,0.5068110041568767,0.48798168607143705,0.5366048534618753,4.75,0.013287254401786082,5.497551370328843,5.012752988508394,126885.7058,0.4563551130478317,278041.6,0.9118155794892645,0.7580761210345205,0.9038566020178241
19,089,Howard,IA,0.712983320015546,0.5019993257703053,0.6153958814603635,0.5237206751283858,3.25,0.00438129186711487,10.850234582858594,11.644062663662591,189318.883,0.6248642895806928,302976.0,1.0731622966067575,0.7809938482738035,0.9445019963084544
19,091,Humboldt,IA,0.7864755452239258,0.5215043035493516,0.5673221844375007,0.5020149999388871,4.0,0.010611524099727293,3.374124064351066,1.6973907409799407,202796.8338,0.729426239756221,278022.4,0.5030611526450774,0.7772245691304925,0.9282854811886032
19,093,Ida,IA,0.7106808247945229,0.5015364767148203,0.45939922073566963,0.5217735338094931,4.75,0.0030010711371614824,13.826996591046182,19.016776974216256,198781.5583,0.7194556179929814,276294.39999999997,1.3753367804061492,0.7961247595278543,0.944504934438851
19,095,Iowa,IA,0.7170730429581259,0.49760966808264956,0.5136064064173491,0.5546018723785447,4.25,0.021912137855644005,3.0310428670291025,0.8286707864938233,167477.55365000002,0.4462165190180322,375328.0,0.2733946113094899,0.782372016188409,0.9318728507141382
19,097,Jackson,IA,0.70556232500569,0.43855223852717495,0.46257132046968547,0.6887170171753364,4.75,0.009702235295016482,3.9989204912527376,3.9415807973531014,95661.224625,0.2349835140885134,407097.60000000003,0.985661206811923,0.7835518700350459,0.9443843736516007
19,099,Jasper,IA,0.7086507546456944,0.5007371406801836,0.5111834647247824,0.528148407729041,4.0,0.006497427198264486,2.1800149475825323,2.3541215334467713,254171.3847,0.5440386698362307,467193.6,1.0798648587512254,0.7772808523176707,0.934382949221748
19,101,Jefferson,IA,0.738981423744156,0.5070651333877734,0.5141184518870396,0.5132582185397085,4.25,0.013894197258523464,15.66559065175391,16.920358553790095,120437.39385,0.43226771693532645,278617.6,1.0800970694262142,0.7678316785585928,0.9175382235002769
19,103,Johnson,IA,0.757667341152314,0.5065306145319148,0.4228621944879356,0.5447591065282115,6.0,0.02400693188359449,5.136898688294964,1.2269901838827193,151529.9331,0.3853103770159322,393267.2,0.23885816293760334,0.7846699980636098,0.9220116592134058
19,105,Jones,IA,0.6683062619152718,0.4669506545107215,0.6083185749956295,0.6288371391091343,3.0,0.01661972535159182,4.608244281953902,5.604863260522561,169825.45255,0.46123354297574354,368198.39999999997,1.2162686953188364,0.7846674616022973,0.9282752215596393
19,107,Keokuk,IA,0.703553031582012,0.49958088298982806,0.5218418179303661,0.5326309186191546,4.0,0.018511335146882295,8.621285957959605,8.467493930299923,178629.1178,0.4818936731685629,370681.60000000003,0.9821613587103333,0.7718972672759958,0.9245836359474839
19,109,Kossuth,IA,0.7513629889337079,0.5070694876082791,0.37366785314784234,0.5298849632241869,7.5,0.006043428295881755,6.132270504412428,5.282204469068114,494200.46505,0.793607698421008,622726.4,0.8613782554548669,0.7789055040412396,0.9272093033286747
19,111,Lee,IA,0.7015621761476296,0.4991547846039451,0.5393931813581636,0.5296295905701509,3.75,0.0030781365085850716,6.012972529450469,5.633605218847652,119779.09335000001,0.3617287411031814,331129.6,0.9369085242374311,0.7392361151401793,0.9104650937695786
19,113,Linn,IA,0.6967432579108783,0.4972894067753092,0.6012074349877559,0.5412745452732091,3.25,0.004237299459329938,3.228132878825223,4.262024248686763,206666.789575,0.45009597835489723,459161.60000000003,1.3202753445012438,0.7873982632504012,0.9341405063355166
19,115,Louisa,IA,0.7474040208420896,0.5090549000210647,0.4468744851050621,0.5156921336848017,5.5,0.01619630441402065,3.612769273704864,3.033623783900636,130078.1771,0.505690564586858,257228.80000000002,0.8396948584512514,0.7633341586843944,0.9016129308728043
19,117,Lucas,IA,0.7715092595233765,0.513662335293372,0.48636063628211795,0.5119736193846083,5.0,0.03757713390664583,14.660120365742031,19.31769886278272,48990.7725,0.17779138783242365,275552.0,1.3177039738312504,0.75749940706996,0.940752894450877
19,119,Lyon,IA,0.707206464120296,0.5009887254575723,0.47486639755670906,0.5218501867218012,4.5,0.008621865546823301,2.5623174393108012,1.6418639811743025,256477.59815,0.6821212716755319,376000.0,0.640773058007958,0.7654121034271995,0.9433827295233557
19,121,Madison,IA,0.7467943475274978,0.508886006501721,0.42862073428536074,0.5005617750386206,5.75,0.026314589937898362,3.3164767531613686,1.6817306665085388,106655.364575,0.2969829403507815,359129.6,0.5070835080949869,0.7678661772909519,0.9342573672160439
19,123,Mahaska,IA,0.7152537257048504,0.5016777810100345,0.5484262218712723,0.5368623904362432,3.75,0.036925586620197744,3.486724872266233,1.8865733446292836,194647.428375,0.5327598347013112,365356.8,0.5410731886634593,0.7619116978140203,0.9267519497173541
19,125,Marion,IA,0.6961490264139877,0.49966973072403054,0.5678321709131948,0.518092587634502,3.5,0.002466636758812171,3.124911311443964,1.9829534974498828,127221.63145,0.3586795603482885,354694.4,0.6345631282999825,0.7507767808470891,0.9268775051661281
19,127,Marshall,IA,0.783553933142953,0.520429157703195,0.525815227476643,0.500663195235965,4.5,0.018269922905690256,3.591946492492951,2.2258919333225684,235243.6616,0.6422424889048084,366284.80000000005,0.6196896134100573,0.7857332170650617,0.9321015866723847
19,129,Mills,IA,0.7014700327959789,0.500773841368025,0.5211876029201014,0.5119143772531647,4.0,0.005212113882968541,3.5316215265176716,2.477636115395276,172801.54434999998,0.6185197192561223,279379.19999999995,0.701557654689666,0.7642554448864267,0.925550749330325
19,131,Mitchell,IA,0.7242083166044495,0.5000225162799927,0.5376828074010909,0.5505014019846708,4.0,0.010268258818331504,6.381683385260808,5.457961326888254,214267.19014999998,0.7139650358469994,300108.8,0.8552541700037971,0.7818400120588236,0.9353808382368325
19,133,Monona,IA,0.8537822793087276,0.539101233966141,0.5036579699796484,0.4935699651719975,5.5,0.026543854561523347,7.415990681683989,0.9857281899838946,248617.8413,0.5604590504259724,443596.8,0.13291928648433252,0.7655053805539724,0.9569843179097273
19,135,Monroe,IA,0.7391867351839917,0.5063089347722146,0.5142472171300806,0.5209898382128764,4.25,0.02877942673874587,25.426433841546334,30.770476860972494,56891.0455,0.20509969450116516,277382.4,1.2101766631030297,0.7651193345331267,0.9376750893881324
19,137,Montgomery,IA,0.7138349699746159,0.5032459902975298,0.5149230855977502,0.5059811109502763,4.0,0.01214091082720508,3.7367884545899703,4.555845507153623,146179.57835,0.5388449352927125,271283.2,1.2191874285946234,0.765476258960776,0.9309229213382797
19,139,Muscatine,IA,0.7562223068016102,0.5092623784237388,0.4580272085620104,0.5295544143324917,5.25,0.014692881306292198,5.1084518486459825,1.6065824385266614,138170.7514,0.4921508173855062,280748.8,0.31449497541069965,0.7762391115157433,0.9099416479541401
19,141,O Brien,IA,0.7006535839593627,0.5005662911057449,0.4876493020356477,0.5120664634982031,4.25,0.0069158889616431594,4.517453011302372,6.172295675673064,259614.33162500002,0.7078372882739975,366771.2,1.3663220536506708,0.7705239252586354,0.9458010409354943
19,143,Osceola,IA,0.7042004608991723,0.5006337033162078,0.5232245379642044,0.5179382700622894,4.0,0.0046738961447337374,3.44751140579222,5.145060087045469,199029.380775,0.7798565776285515,255212.8,1.4923982784802887,0.77423901898265,0.9385890691353056
19,145,Page,IA,0.7064936457706373,0.5016928220208241,0.5251221013541951,0.510649347563023,4.0,0.005120061803120748,2.635485821586081,1.788210369719303,169304.0605,0.4946292108209303,342284.80000000005,0.6785126123892888,0.7733416488380721,0.943432241631155
19,147,Palo Alto,IA,0.7012131464704261,0.49936383483881297,0.502889099463179,0.5201578148621059,4.25,0.009602570564206646,3.2978788512975576,1.9466985348996575,265094.169025,0.7346356864685499,360851.2,0.5902880677783918,0.7765039630729432,0.9319201049757879
19,149,Plymouth,IA,0.7082326606678692,0.5010717732330356,0.41753137057259315,0.5200525196556971,5.5,0.006321814949764832,7.922691917959392,8.715348900230897,380737.6636,0.6888955016154061,552678.3999999999,1.100048946807421,0.7834606633508778,0.9443428206088615
19,151,Pocahontas,IA,0.7018177388853568,0.5006386001007095,0.48858533556003997,0.5123116082147584,4.25,0.004782265574524327,2.868943901647026,2.1162332234484187,292932.9834,0.7922932085208586,369728.0,0.7376349262993657,0.7821501178097772,0.9363891480259171
19,153,Polk,IA,0.7647306833413742,0.5138464459848239,0.5323709122735429,0.50788390326779,4.25,0.007281449607502162,3.451916061791436,2.27037215397486,133000.795825,0.36500174493117155,364384.0,0.657713604077791,0.774158326326104,0.9139237474761751
19,155,E Pottawattamie,IA,0.6977058309261563,0.49971428049922983,0.6279810435640403,0.5213474847033464,3.5,0.004354280272068911,2.2695405600028886,1.16841600548131,196720.24895,0.32210863809064094,610726.4,0.5148249060064487,0.7915809219046799,0.9511196861853719
19,156,W Pottawattamie,IA,0.6988295239380125,0.49991093851191604,0.5367970091517796,0.5190276528276382,3.75,0.004381586239982899,3.6259797063171715,3.017375937388936,178276.03115,,,0.8321546676425332,0.7296085104943731,0.8252663702466462
19,157,Poweshiek,IA,0.7364302224137855,0.5062836070410439,0.43426703126036903,0.5167785662567042,5.5,0.019617206490822475,2.47676258317345,1.63140684128071,192402.552825,0.5138693550571125,374419.19999999995,0.6586851934715541,0.7923131276220304,0.9380627017791107
19,159,Ringgold,IA,0.7705652738839646,0.5137266456313269,0.5186216644941066,0.5162603284410694,4.75,0.031471213870481685,7.717472907698923,7.641975899863998,85757.79675000001,0.24921709863275804,344108.8,0.9902173925664696,0.7472399015023119,0.9346500649840723
19,161,Sac,IA,0.7363267761105847,0.5064733833585444,0.47583562479574804,0.5113181986576244,4.75,0.005239312232572767,8.967017377762385,8.23821277199055,280614.246575,0.761452815590701,368524.80000000005,0.9187238548707152,0.7926866539137367,0.9396798794821416
19,163,Scott,IA,0.7318278275347956,0.49373761064323435,0.5619637506324491,0.5884600125592152,3.75,0.018498917959872616,3.5572192760132855,2.9796037129197375,118756.442925,0.4052080930935132,293075.2,0.8376216032032457,0.7963004872878404,0.9267771801036976
19,165,Shelby,IA,0.7182787191562608,0.5023723989074826,0.44629166096251716,0.5243786859210384,5.0,0.0052090185140534736,6.93670549105284,6.2185145940931355,269443.42484999995,0.7125659687695699,378131.2,0.8964651306176905,0.7874224948721799,0.9410710707555485
19,167,Sioux,IA,0.7129981889325656,0.4978979369540053,0.44301068306153746,0.5509914978362314,5.0,0.012499453009787033,3.555576392875729,3.203904436144404,342712.9782,0.6973603016584622,491443.2,0.9010928418143492,0.7696803274545565,0.9476347466929712
19,169,Story,IA,0.8088826484979735,0.5273265734935744,0.5296635189352644,0.5039332169400246,4.75,0.013436495695791834,3.1258335695804433,1.6169522611709946,259505.72312500002,0.7078128903795211,366630.4,0.5172867413372957,0.7889344138895993,0.9274516620871575
19,171,Tama,IA,0.8546923219832689,0.5437222002900144,0.5730589517884868,0.4930925753041644,4.5,0.021377918262094994,4.2928306079182965,2.1319617063511935,234964.486475,0.5089865660851067,461632.0,0.49663308457098343,0.7897755225406885,0.9305377743221126
19,173,Taylor,IA,0.7084255334679563,0.501488590259793,0.47530634658541576,0.516616422167143,4.5,0.008367505862517914,6.891345316609998,5.738165261992229,111182.831825,0.3253547611697022,341728.0,0.8326625641820191,0.7640701584337929,0.9409361745317277
19,175,Union,IA,0.7837876135176939,0.5161077794919824,0.46158865858766374,0.5059757333207717,5.5,0.024897344913001055,5.510751988611994,5.491688168496244,79635.29675,0.29319765115076935,271609.6,0.9965406136666747,0.7613110906487663,0.9437583765489717
19,177,Van Buren,IA,0.7151941001094982,0.5027645141251994,0.5159034907505089,0.5146766078269269,4.0,0.005586656526416569,15.784159264049563,16.86608141477361,83957.029625,0.2705805428593344,310284.8,1.068544807019799,0.7558513869073892,0.9297870856910824
19,179,Wapello,IA,0.7092534627578854,0.501513753848249,0.5270453348784815,0.518154778012607,4.0,0.0044925285282471075,10.958702632366931,12.551588145003018,94176.5809,0.3407769798204071,276358.4,1.14535347532211,0.7638671461111867,0.9192213579286339
19,181,Warren,IA,0.7072786804887446,0.501255363729475,0.5141620536705958,0.5180619663852264,4.25,0.009800870220037781,4.186500671787282,2.687517683768953,110963.635225,0.3033039676003473,365849.6,0.6419484659061597,0.7484692415954326,0.9267279018177156
19,183,Washington,IA,0.7027540574956543,0.49899722174642097,0.4889289187412208,0.5335487364129339,4.25,0.011947035256602897,5.92597907962456,2.6049808997084436,183522.966325,0.5042194350069675,363974.4,0.43958658387188937,0.7746023052741823,0.9116310550983163
19,185,Wayne,IA,0.8221609530504383,0.522763308139978,0.43443722901289217,0.5186136871019057,6.75,0.0367410627528808,14.95258868517215,18.64333861432345,94960.851725,0.28229895513758085,336384.0,1.246830164786868,0.752050381904425,0.9343376294301231
19,187,Webster,IA,0.7434949924262185,0.509369830009072,0.5363182692495415,0.5082429360981229,4.0,0.013203245266814408,2.8697326576137305,2.039312074013134,318534.805925,0.695874941288554,457747.2,0.7106278937177666,0.7945771344364263,0.9316970551934803
19,189,Winnebago,IA,0.6990727743276735,0.4978439930984626,0.45162091922907566,0.533964731818733,4.75,0.006520061992784348,8.142634146416894,6.877045631577237,198575.790325,0.7747763187824619,256300.80000000002,0.8445725925932003,0.7783876282924443,0.9334898519111591
19,191,Winneshiek,IA,0.7615960302561109,0.4851803446797685,0.48577363608330276,0.62444374730439,5.0,0.031034557202382306,9.028004996562913,10.564112159647399,134303.641,0.30430161839662995,441350.4,1.1701491263761266,0.7789967473406845,0.9568460013475071
19,193,Woodbury,IA,0.7274377347644015,0.5040839694380794,0.4402927195487075,0.5217204808453232,5.25,0.00991768750490037,11.83540671604627,4.929258195015579,321917.57285,0.5764404904687482,558457.6,0.41648405612732875,0.7818474685545795,0.9487841708275132
19,195,Worth,IA,0.7108439330832552,0.5005787117114552,0.49470037670256906,0.5264061748079158,4.25,0.009147219737255066,7.600777336056302,6.26232061681141,188032.068825,0.7345002688476563,256000.0,0.8239052849376908,0.7846416544337728,0.9260601792240839
19,197,Wright,IA,0.708210567057983,0.5016846634622764,0.5436537974760591,0.5122160027511291,3.75,0.011900643279529709,4.545373801838787,2.02745166136804,276167.2315,0.7430625761446996,371660.80000000005,0.44604728890456796,0.7956556098659866,0.9334436275180396
20,001,Allen,KS,1.1555391372804193,0.6233784495781556,0.6989805695490523,0.533245640747885,5.25,0.041519301224079375,10.468290850397,7.652482634869877,82001.3012,0.2547206479493449,321926.4,0.7310154775246489,0.7207908257619918,0.9386081945222313
20,003,Anderson,KS,1.1452835019452317,0.6157602420248096,0.7057158707721108,0.5475765020648007,5.25,0.0758754284630332,17.103659612714562,16.540558143576597,103006.673575,0.27610637387795495,373068.8,0.9670771354266565,0.7361359597468042,0.9502301780440795
20,005,Atchison,KS,0.9453481079220356,0.5635098625112026,0.5873778047717909,0.5008192284297391,5.0,0.027421602754755737,3.207110494281322,2.3823678376723203,85168.922125,0.30780506272913105,276697.6,0.7428393383765165,0.7346695432330839,0.9581536855282716
20,007,Barber,KS,0.38065724521086847,0.14461215853114898,0.19933261950060757,0.9239753104077109,6.75,0.05622635245294451,3.202904317819022,2.653503739350514,124213.03085,0.17113230701001228,725830.3999999999,0.8284680015534727,0.7177402740519793,0.9287547366611525
20,009,Barton,KS,0.9912662230627881,0.5145441711778048,0.5309507427591958,0.6609110554721024,6.5,0.059441443799499664,8.721853864443391,3.1622502102433208,226949.3537625,0.3966536524092911,572160.0,0.36256629145495645,0.7050769205501765,0.9418861198633222
20,011,Bourbon,KS,0.9889795866040372,0.5212974308455633,0.6144875667234114,0.6537406769264406,5.0,0.07502260421957516,12.972126533605348,10.907183468134349,40713.506325,0.09985222438401559,407737.60000000003,0.8408169192520906,0.7261356715571952,0.9528040573840935
20,013,Brown,KS,0.9197962264279617,0.5571533425227526,0.593826164271877,0.48577435713405065,4.75,0.049711310943967794,2.503690564250287,1.5866149999150183,191732.00865,0.5249641009964165,365228.8,0.6337105002391217,0.7385564100712271,0.9487910765242337
20,015,Butler,KS,1.3628758443476081,0.7248718020987005,0.7299474747453998,0.3130222812975467,6.5,0.04046104967103655,8.810865098515091,3.683298498533846,88707.92155,0.09707331121747732,913824.0,0.4180405053704202,0.7243936589278173,0.9558691601715357
20,017,Chase,KS,1.1186968211798303,0.6122605506991863,0.7784394399168127,0.551440930690246,4.25,0.033143807177881,9.945508658878019,14.119489424771963,20460.573324999998,0.041203837941348,496569.6,1.419684996419763,0.757553655803898,0.9727063257707036
20,019,Chautauqua,KS,1.183387483153706,0.6466856999510016,0.8246644894290766,0.4879859534801979,4.25,0.07674931875167385,15.041513930158064,9.656404324668403,8979.478125,0.021864817233107105,410681.60000000003,0.6419835376615529,0.7287980133234704,0.9464850422940707
20,021,Cherokee,KS,1.0717613005026454,0.5738364921387881,0.7471092124099684,0.601882425161338,4.25,0.041611872831497185,10.350886892402519,9.520834765694143,121599.124875,0.3236112423647423,375756.8,0.9198085984962672,0.725695926341017,0.957289443520818
20,023,Cheyenne,KS,1.0198069441881636,0.5155296961014231,0.5240770981554582,0.658220312586878,7.0,0.057150460866984255,27.63772929836511,31.649844282210335,181145.0848,0.27752205651645295,652723.2,1.1451680396942943,0.7067395863875817,0.9382540343572613
20,025,Clark,KS,0.4850787780095038,0.27467030467846176,0.35544303995342275,0.8368700024247616,4.0,0.06184647277900234,4.198038536224653,3.4209104203318756,74422.736875,0.1193063634907739,623795.2,0.8148830437865257,0.7264782479904689,0.942119618520535
20,027,Clay,KS,1.236882912315178,0.6770254901468458,0.7099361219756806,0.4490259783906366,5.75,0.013484344085925252,5.76658748603173,7.677331298337881,159909.7689,0.38807625171820637,412057.60000000003,1.3313474072724123,0.7118210850632698,0.9367282639376715
20,029,Cloud,KS,1.1782263334507341,0.6145926088976913,0.6575806371813679,0.5560923625906822,6.0,0.01569784017092517,6.545782523213976,6.534518115913913,186648.52875,0.4075266914073963,458003.2,0.9982791351133169,0.7110331729629551,0.9297527878922848
20,031,Coffey,KS,1.1157762018941084,0.5957050667838668,0.7225191819909815,0.5818202849507901,4.75,0.07049588109767,10.462127022363568,13.250597197156884,89553.512375,0.22219509819124653,403040.0,1.2665299483396402,0.7209010688803966,0.9379858150632413
20,033,Comanche,KS,0.4307206087939496,0.20358081838886294,0.2761066700177286,0.887685622591836,4.75,0.07116393973831726,4.366969379115226,4.399175656517774,73161.385675,0.14501232398065167,504518.39999999997,1.0073749721160337,0.7071044054660611,0.9231705209398737
20,035,Cowley,KS,1.18234669787444,0.619863373515225,0.6460165961597304,0.5501985675149091,6.25,0.05027484714114737,7.024169343426909,3.0987802235592343,116889.742475,0.16216811924384456,720793.6,0.44115966914422655,0.7013711745470969,0.9455223500488198
20,037,Crawford,KS,1.1214194304817329,0.6057886644761169,0.7510348394564391,0.5645739606917719,4.5,0.0490402394602683,15.802946132001388,12.554498364247436,79545.474925,0.20962676387700074,379462.39999999997,0.794440369496941,0.728743370126132,0.9636225012983604
20,039,Decatur,KS,1.0297324099325584,0.5653459814684203,0.520741635251968,0.5805314541836883,7.25,0.03968375486430306,25.16566648855574,28.54167918349396,187878.82685,0.32853300537532876,571872.0,1.1341515312727157,0.717455442969687,0.9436607407335085
20,041,Dickinson,KS,1.0735068885381231,0.5829188389347827,0.5920718850844873,0.5864083378884208,6.25,0.02235952163966861,4.968170273876772,5.606766955537906,208705.993175,0.38459184160762516,542668.7999999999,1.128537599650912,0.7145754641448542,0.944364122554486
20,043,Doniphan,KS,0.7649018692546885,0.5134400848791986,0.512018823989348,0.5148239394120236,4.5,0.03526273458970204,1.4068580870230802,1.2074587187405241,121323.3051,0.48336902498533835,250995.2,0.8582661818403544,0.7275344007723463,0.9285708194848801
20,045,Douglas,KS,0.921006796017482,0.5467886561858107,0.6416193874074262,0.5625555960588828,4.25,0.02827673244544959,10.488335780230882,12.786834345975896,46137.3839,0.15779031747269465,292396.8,1.2191480720971366,0.7309808802220906,0.9507338229011424
20,047,Edwards,KS,1.1915258101678077,0.6471521893452892,0.7181626013913136,0.4828792249134325,5.5,0.01792454144791802,4.572146204714415,4.206472708244069,150887.03960000002,0.37902478919488125,398092.8,0.920021477857971,0.6969137114807282,0.9460109468134432
20,049,Elk,KS,1.21820537566029,0.651672439573794,0.8483753305751611,0.5117471502920875,4.25,0.0401726333167004,12.258035880090109,6.689550550517231,14266.5235,0.03443810806400532,414265.6,0.5457277671525347,0.7254256041068265,0.9480753379975133
20,051,Ellis,KS,0.6951188848674533,0.3639326533344419,0.3645237650374541,0.7765090897934871,6.75,0.09012719263734602,8.349718251171142,6.865915504875544,125477.20645,0.2178496339634932,575980.8,0.8222930760463112,0.7177486524944252,0.9431293529671976
20,053,Ellsworth,KS,0.6850268842003022,0.3725556721340437,0.3823207835454794,0.7687025239847368,6.0,0.03464391868227388,2.3205852310775095,1.1107932842363508,107535.537075,0.23470027891730458,458182.39999999997,0.4786694620652136,0.721573282130856,0.928292622610353
20,055,Finney,KS,1.1703615281147566,0.6343304146777161,0.6882233803988671,0.514971195079923,5.5,0.07707976560691897,7.146470282237439,6.126513706076241,266144.99455,0.31945086611642226,833132.8,0.8572782736260304,0.7081515539911977,0.9352108049140045
20,057,Ford,KS,1.0454928744503942,0.5653583466338066,0.5490872587054287,0.605540350256581,6.75,0.02633567309993939,8.384537591667705,7.414086875853568,252075.706175,0.35855101583835913,703040.0,0.8842570976390467,0.7006311784890242,0.9501315350436309
20,059,Franklin,KS,1.0186502363837646,0.5554220005144584,0.6586625288269967,0.6132944274385559,4.75,0.04586306143229739,15.981841838299095,17.670931926618486,80519.8226875,0.2192423507000414,367264.0,1.1056880743414463,0.7327535698079335,0.9409746732502252
20,061,Geary,KS,1.2954170459828804,0.7028611558889789,0.8372276414064473,0.37902608179283176,4.75,0.01842976480904675,4.855287347348542,5.870408508148789,25091.67195,0.10191514575859784,246201.6,1.2090754034062685,0.7077683617752898,0.9349011051919163
20,063,Gove,KS,1.079531790867902,0.6002822201519858,0.5547695978624632,0.549695884411826,7.0,0.05677595746352264,16.53046555441837,19.68072270861223,221016.23375,0.32232995317662727,685683.2000000001,1.1905728029149087,0.7047284377993129,0.9583933452419012
20,065,Graham,KS,1.0732159964523902,0.5905724480012231,0.5895839498579484,0.5719337365363366,6.25,0.07773040496009316,22.109088540723313,25.8753364153356,145938.46637500002,0.25384770364908604,574905.6,1.170348400734618,0.7265462124340388,0.9561144095285318
20,067,Grant,KS,1.181125337577061,0.6517976789351085,0.6940393199716999,0.4657194170680257,5.5,0.10191981567342648,11.551639536663536,10.728292174636618,145678.58145,0.39596211862997077,367910.4,0.9287246317361522,0.7225677169238078,0.9494105548882383
20,069,Gray,KS,1.2030312927324947,0.6628981757510894,0.6894135399002804,0.4457342260730488,5.75,0.05273446186891675,5.719837058432084,5.2428923337961235,212857.772555,0.3827716303569887,556096.0,0.916615679823806,0.7050052084567109,0.9455584823539364
20,071,Greeley,KS,0.9237261350749932,0.4829040084059824,0.49567148719135296,0.6830519338290196,6.5,0.07996437024593835,23.70566153688214,25.139550900196934,225883.9074,0.45364918871544063,497926.4,1.0604872115078459,0.7015667873442556,0.944909374532052
20,073,Greenwood,KS,1.0974779877301937,0.5856446168264374,0.7373311444223253,0.5865832970950676,4.5,0.03674055790796922,15.490322386157366,12.196961456807577,26545.74445,0.0363945051665175,729388.8,0.7873923571601815,0.749571271377543,0.9597268084876013
20,075,Hamilton,KS,0.7976971867995619,0.4488275059194563,0.5209231239813367,0.6992242859836442,4.75,0.04343727691257308,15.33761150957321,14.37057836282917,170775.5195,0.2677766452435549,637753.6,0.9369502124799255,0.7094659241367414,0.952024502863654
20,077,Harper,KS,0.4222367049660336,0.17680723646138183,0.23042003486547322,0.9048606222136077,6.25,0.10677800920160158,6.7385392186822735,6.193604652338054,231521.593175,0.45137813103406055,512921.60000000003,0.9191316472814443,0.7228620927846112,0.9259066224724841
20,079,Harvey,KS,1.269097176587775,0.6645465730220739,0.6942663321756426,0.4924459432559884,6.25,0.033365714995091,4.073959267246875,3.6088716947126054,123139.775,0.3567498534060779,345171.2,0.8858389242441864,0.729578620564592,0.9582059607518142
20,081,Haskell,KS,1.1672691572445215,0.6314624324715457,0.684805787805676,0.45655451684728104,5.5,0.16931637414117057,8.958532059986423,9.463950836940258,185723.5068675,0.502611807819022,369516.8,1.0564175886818896,0.7010080527542393,0.9323855110938133
20,083,Hodgeman,KS,0.8248427906574625,0.44111632663258454,0.46035352670011565,0.7194062393620919,6.0,0.052841730194826554,9.84298740266415,7.413613330176255,142043.3175,0.2580968969133757,550348.7999999999,0.753187322800967,0.6903159469916914,0.9259339351914297
20,085,Jackson,KS,1.1097038191627748,0.6178167616194772,0.7462333659877419,0.5042805203927532,4.5,0.0360699307113701,6.982120308941094,5.98713982352855,54865.3185,0.13076322115384614,419577.60000000003,0.8574959408622046,0.7378560726020854,0.9552835366819317
20,087,Jefferson,KS,0.9751108022288554,0.5725138704897563,0.6058704064912365,0.5010716443796246,5.0,0.045448411171988036,5.224222926649134,3.604248652202954,63505.668900000004,0.18508814917880656,343110.4,0.6899109595452799,0.7281308597541043,0.9453591494819044
20,089,Jewell,KS,1.1053231262771854,0.5763337515153097,0.5920395669361429,0.589174001834307,6.5,0.02234720845196511,11.751725564562738,11.360933008449138,214788.995175,0.36913241048080414,581875.2,0.9667459426305841,0.7160361066196649,0.949078856904981
20,091,Johnson,KS,0.9156978065573521,0.5131721656053252,0.6605363422365966,0.6421183383653957,4.0,0.05546293598623273,8.320538848547391,10.58846571749872,29706.420825,0.09735366948920363,305139.19999999995,1.2725697109565524,0.6818072903024739,0.7392943321489847
20,093,Kearny,KS,1.057541492724662,0.5934333893919002,0.6058474234292867,0.5559860870409641,5.75,0.06635113481811858,9.598837914544658,8.125096381529106,170004.3746625,0.3049523975502908,557478.3999999999,0.8464666716809061,0.7069462569263377,0.9475856467477188
20,095,Kingman,KS,0.48305091033127967,0.20092805205524564,0.23720831224364264,0.8918154543870308,7.75,0.0539426580628073,2.7526642736179605,2.1399830022651707,183101.141615,0.33137839088832743,552544.0,0.7774224495065237,0.7000362705791281,0.9197684386979073
20,097,Kiowa,KS,1.2266790896487123,0.6503634266269991,0.7078633943017839,0.5089232228240237,5.75,0.053115104598381216,5.74328720958907,5.886001173521866,95725.030725,0.20704932309114538,462329.6,1.024848829376758,0.6880546995063739,0.9414652428522305
20,099,Labette,KS,1.2160235572299354,0.6661555764223372,0.7555579173544084,0.44750117491628216,5.0,0.030167275152143395,9.67453921173659,7.331184744451403,97273.5851,0.23425599814856196,415244.80000000005,0.7577812838421942,0.7180240069004381,0.9385292261281577
20,101,Lane,KS,1.0007982806358238,0.5430386147355076,0.581164598030538,0.6055557799492024,5.75,0.05954134854258075,18.69713034493474,21.09008656188163,165001.233525,0.3594635221867941,459020.80000000005,1.1279852133883832,0.7003326747814631,0.9499473513267499
20,103,Leavenworth,KS,0.9695275187239238,0.5652797536895561,0.602401317400072,0.5411044585527881,5.0,0.03569653188454301,8.868527820632883,5.944274423431635,36606.80765,0.12346609310580223,296492.8,0.6702661979141691,0.7149160579142761,0.9397504982221684
20,105,Lincoln,KS,0.8691965165695053,0.45500298707481746,0.456045970186024,0.7065350931393646,6.75,0.029677353019108153,5.7207813719281875,3.3801266417603464,134886.3659625,0.2931822816592795,460076.8,0.5908505188376174,0.7206498570769491,0.9272919089874704
20,107,Linn,KS,0.9212434635809977,0.4852654949614691,0.6442859557895185,0.6858608863306137,4.25,0.08902841680244185,12.102727298176996,10.084229386267449,57250.25285,0.14942041538431022,383148.8,0.8332195824809183,0.7289535335797581,0.9540189724728713
20,109,Logan,KS,0.9701502753033989,0.5072530732941669,0.5082914513070852,0.6607282442468041,6.75,0.11373765754664983,17.911560399580136,16.201167563948644,223402.4644,0.3253211592139722,686713.6,0.9045089987988101,0.7021088914944226,0.9493328651668571
20,111,Lyon,KS,1.089988406517996,0.5870406168979438,0.704375188146672,0.586682619858882,4.75,0.015648608702636915,12.104086754296146,15.764343720734093,80121.25425,0.14713112433817738,544556.8,1.3023984411825864,0.7238423382515847,0.955116118227089
20,113,McPherson,KS,0.9682857507189131,0.5085270972604419,0.5554734465041349,0.6669474216037576,5.75,0.025397719566091985,2.5455840635387186,1.8857257280860789,210758.0093325,0.36601726065291174,575814.4,0.7407831291435161,0.7260866294628797,0.950270928144883
20,115,Marion,KS,1.1334189624721072,0.615283898781557,0.5765312284357563,0.5381039197788855,7.25,0.01828712554616931,5.358696969335994,3.5649725288047107,146124.539375,0.24209221911912449,603590.4,0.6652685436785303,0.7388084550854588,0.9588409386154201
20,117,Marshall,KS,1.31877421948414,0.7118398823087769,0.7569014100287114,0.4066402676461098,5.75,0.0038912188253232513,5.327391507158886,6.00744356726444,243708.39155,0.4219187858540714,577619.2,1.127651977368607,0.7344462769451079,0.9470368823212845
20,119,Meade,KS,1.0911158435664405,0.617196391360147,0.7593030225718401,0.48118431278214646,4.25,0.032843763393399214,2.867463862050722,2.5680524389614448,137501.917525,0.21958539904418606,626188.7999999999,0.895583192153938,0.6723379134221725,0.9130718752597384
20,121,Miami,KS,1.0478939195224406,0.5646253107290867,0.6773251100480788,0.6079086892058528,4.75,0.03540773428246494,10.116717778904983,8.24919610838807,46787.5551,0.12676091490454638,369100.80000000005,0.8154024149600178,0.7292165034480633,0.9519236324053961
20,123,Mitchell,KS,0.9596139902303876,0.5032125918682988,0.5251910741596645,0.6614072451044116,6.25,0.03132089830888593,8.829616819402338,8.846163960369381,228345.61587500002,0.5098311348699487,447884.80000000005,1.0018740497244096,0.7230994247906327,0.9270004520421194
20,125,Montgomery,KS,1.2451242259384496,0.6796136080921518,0.804254041202765,0.4381196333745221,4.75,0.019759046306572214,12.131990179067397,7.747282779335296,76752.93505,0.1858748620824938,412928.0,0.6385830078153625,0.7146436655973677,0.9521751504707102
20,127,Morris,KS,1.3081479636718814,0.7087660831206046,0.7919103868859202,0.3661185043044064,5.25,0.02232109231388019,8.751944634691375,10.260964174049297,62279.121375,0.1395381673527166,446323.2,1.1724210563874455,0.719370239409252,0.9424894795074661
20,129,Morton,KS,1.1001464649696608,0.6256786697508983,0.6055178528272248,0.492289717043242,6.25,0.06594527709492902,14.053177317376967,9.195607659101181,135236.3635225,0.28949311979930165,467148.8,0.6543436727102755,0.7135919007322892,0.9457998280470243
20,131,Nemaha,KS,1.2424941502235103,0.6830280751867147,0.7517153144027993,0.3949281749385414,5.25,0.05922112526769545,7.305259780708374,6.446743673070502,155303.169775,0.3379729561323103,459513.6,0.8824797292075733,0.7461945759933041,0.9621297247496801
20,133,Neosho,KS,1.1928707419538025,0.6425358630933405,0.7219700996868432,0.5168674525655818,5.25,0.03483326259834177,10.874101959392782,7.692585051622915,78188.746025,0.21367715901016615,365920.0,0.7074225605341368,0.7121430472668153,0.9450869594708747
20,135,Ness,KS,0.7548626109852739,0.4031493565749118,0.39622522991704223,0.7439433871354402,6.75,0.07600969829957098,12.53669016278829,7.453531031117163,194363.25565,0.2825704461066527,687840.0,0.5945373886036457,0.6869274346417735,0.9314517594837023
20,137,Norton,KS,1.1278031713733845,0.6075712676746324,0.6217844825756272,0.5479715850611335,6.25,0.049738120629841245,24.86533011552093,27.06915880661062,154341.901,0.27471887851146,561817.6,1.088630582455612,0.7153904072545911,0.9516736896589174
20,139,Osage,KS,1.114585416590375,0.601024289340412,0.7203525749370573,0.568076403818505,4.75,0.053809380002786865,13.861532510796875,15.919815116877327,80177.3578975,0.1780769320751155,450240.0,1.148488820011585,0.7360908249469705,0.9510362546424584
20,141,Osborne,KS,0.8923794136067315,0.4700973697862705,0.4791924802964394,0.6910389274511263,6.5,0.06098700205105872,7.82145731504565,4.016333025576379,175936.039975,0.3080492413193083,571129.6,0.5135018787164394,0.7233410009811222,0.9390067461200838
20,143,Ottawa,KS,0.8860692402550664,0.4442796654396095,0.4851445490716255,0.7242602718653053,6.25,0.05852482702588099,4.568348669658447,3.4566750454360116,165440.47989999998,0.35847616846770947,461510.4,0.7566574478857477,0.7116678578482485,0.9222637730802895
20,145,Pawnee,KS,1.0820532900638054,0.571484681380545,0.6374139851231575,0.6092576237019639,5.5,0.03091604978687931,5.707841351378315,2.884488770820774,186094.367225,0.38555292412726905,482668.8,0.5053554563362619,0.707898583742054,0.9396173820607148
20,147,Phillips,KS,1.0561519674607718,0.5508880701773697,0.5770250303823479,0.6246381955489991,6.25,0.06465057510003018,16.40721471200559,15.622981377915277,131668.697875,0.23214328157440792,567187.2,0.9522019216633724,0.7197593445741991,0.9452111923426305
20,149,Pottawatomie,KS,1.17419541061337,0.6476540125545844,0.7295686286136549,0.4560632794726292,5.0,0.024373495602101836,6.395365845194546,5.175171851955651,53150.229425,0.09836922377115809,540313.6,0.8092065375500379,0.7170925810600242,0.947212051261517
20,151,Pratt,KS,1.1261722917873727,0.5833341893042046,0.5912673186437303,0.5914625730546302,6.75,0.0337770507453902,4.1677447336223885,2.0737797043009922,220041.55127250002,0.4677817709945459,470393.6,0.49757838755603684,0.6867941550986036,0.9450125453803071
20,153,Rawlins,KS,1.0076774324258888,0.5263453460178287,0.5557075073707175,0.6482111221786364,6.25,0.025797812503686998,26.90631229261802,31.4624009228715,221208.51135,0.3231412080779857,684556.7999999999,1.1693315895803187,0.7216482202670356,0.9429785111348079
20,155,Reno,KS,1.0233429785275594,0.5146935072479115,0.5167414736909406,0.666465604070282,7.25,0.06073622927796724,3.326019842469915,2.8422424515105122,256483.607575,0.3194748464118377,802828.8,0.8545476533897801,0.7058501425001218,0.9362576326033937
20,157,Republic,KS,1.3696818486042464,0.7286673827253874,0.7644339947003865,0.36585277244697506,6.0,0.011405577489159106,10.897966866159916,12.431669543999263,220715.694075,0.48140410395626276,458483.2,1.1407329180456367,0.7203293582233701,0.9406489411866648
20,159,Rice,KS,1.0879375705798855,0.5670788261883908,0.5951914917067762,0.6081378455945128,6.25,0.049668530253096296,3.1251482173456764,2.4608297662976106,212945.649485,0.45793660343019693,465011.2,0.7874281778506173,0.7231665353379281,0.9391005583582361
20,161,Riley,KS,1.335546885985948,0.72492064416784,0.8967737476063604,0.34623863801024246,4.5,0.012814591362401994,5.130046862638616,4.717965746436172,36455.8915,0.0934498080038553,390112.0,0.9196730308248117,0.7203774005776769,0.938436207818481
20,163,Rooks,KS,0.9489693361462739,0.47868559767777685,0.5073000881154122,0.6906413054784797,6.5,0.13652741393880657,11.93988323401887,9.126486654544747,142752.5718,0.2510873015258797,568537.6,0.7643698414521969,0.7119009268846866,0.9404935829056472
20,165,Rush,KS,0.8173117126272201,0.4293506975796715,0.43936632130219433,0.725758243660436,6.5,0.08552498173618034,10.481909087907283,7.514525075253476,174670.0703,0.3800030420681277,459654.4,0.7169042406523823,0.6812646060145972,0.9274764336621287
20,167,Russell,KS,0.7180029723091962,0.4103301916102954,0.3689805372862499,0.7304182062659651,7.0,0.054830673536521365,6.010914427230612,2.7482006419164042,116261.06764,0.20533743069527965,566195.2,0.45720175776692484,0.7053826816491257,0.9141533794939661
20,169,Saline,KS,0.7800619683779783,0.4008433287216039,0.4485766436687406,0.7568853583573716,5.75,0.060284342814201704,2.8060262819199244,1.8846706384428384,153217.1606,0.3326827218041717,460550.4,0.6716510998440539,0.7163669074877456,0.9304010556091977
20,171,Scott,KS,1.0868976936021497,0.6171953286055654,0.6118647232232537,0.5132974947435995,6.0,0.011069646645212256,14.48597298184902,13.24144513650801,241023.41379999998,0.5248621419089363,459212.8,0.9140873832292516,0.7178125971615261,0.9661533780760059
20,173,Sedgwick,KS,0.988064092234678,0.5068338541212875,0.5404681309752923,0.6709501207040014,6.25,0.05426332822884274,5.75447569426704,4.077722781526225,192046.1059425,0.3002582006195404,639603.2,0.7086176044828378,0.7070767899959246,0.9413315334878517
20,175,Seward,KS,1.2653396872824585,0.6773639590714741,0.699600261853716,0.39269553345638714,6.25,0.0789388212362499,7.32995843531919,5.433460871259917,130069.75140000001,0.31779144758959843,409292.8,0.7412676237124272,0.6976963598979107,0.9486145336425403
20,177,Shawnee,KS,1.0645421303189158,0.6038896537658799,0.7679048261142362,0.4961235983729082,4.0,0.045429985520567484,7.481505202862447,6.998558078306472,58297.54365,0.16567224173934195,351884.80000000005,0.9354478662433866,0.7182795455805661,0.9432175590878664
20,179,Sheridan,KS,1.1604607104135507,0.6344884676253651,0.5856979188726814,0.43366113660358524,7.25,0.11477115371527996,22.53459153961307,27.18529244988358,224488.948725,0.3913204319501233,573670.4,1.2063805284464617,0.7302987243343145,0.9659037959895261
20,181,Sherman,KS,1.2344443199561326,0.6422832423825227,0.6323258681046504,0.4980768921479992,7.25,0.02628338539343463,27.630671260717385,26.47324100775126,334707.020075,0.4953397602454892,675712.0,0.9581106719397133,0.7061089299706822,0.9354994173388105
20,183,Smith,KS,1.0482087845274792,0.5436277745144394,0.5850164614891529,0.6266604149080306,6.0,0.0610165601325617,11.263771545470316,8.296799540644269,184470.17703249998,0.32189523649339563,573075.2,0.7365916031900341,0.7244791491085013,0.9542268592576736
20,185,Stafford,KS,1.113734758573263,0.6013146789717991,0.6854693650892087,0.5579513972202165,5.25,0.021753573620629907,5.416809491888419,3.0605000825070547,184400.42745000002,0.3637720698069882,506912.0,0.5650005020649337,0.713652819580522,0.938162180254692
20,187,Stanton,KS,1.0659816146856471,0.6173817875095209,0.5713910578763439,0.49828443036287096,6.5,0.026649899952264786,13.929604097746632,10.0696184214048,192198.143545,0.44163176366038603,435200.0,0.7228933680199672,0.7361712269006874,0.9603795126853889
20,189,Stevens,KS,1.2110284187220208,0.6656389056914792,0.6498788157843497,0.4458076270384207,6.5,0.1037689327474275,15.136447971017796,10.089704376159354,226272.3920225,0.4859601838208133,465619.19999999995,0.6665833619273431,0.7287068514437373,0.9700686751810524
20,191,Sumner,KS,0.8509938905946367,0.4447249276359687,0.41074287886944183,0.714495826495261,8.0,0.05120986864839733,7.16721439418259,6.140732196762546,462071.2029875,0.6109156756737283,756358.3999999999,0.8567808717633438,0.7058314590170569,0.9371745359375123
20,193,Thomas,KS,1.1892664512065283,0.6310278554078164,0.5832019601564604,0.4906445860689165,7.75,0.0559957220106432,23.45000398398379,26.065467791624275,388437.252125,0.5647045967038022,687859.2,1.111533618903725,0.7079628458245778,0.9445266364537407
20,195,Trego,KS,0.819855817706915,0.4466766193761515,0.4733653181226725,0.7097373489314152,5.75,0.09367822062114167,9.081319961180302,12.698252669706655,129141.335675,0.22715930269640264,568505.6,1.3982827082392832,0.7048968931467541,0.9498238515412153
20,197,Wabaunsee,KS,1.2027518641917856,0.6519292258251533,0.7473117508290543,0.4913738040096317,5.0,0.03927505617821638,9.50059715317848,11.537250370750323,40886.2775625,0.08011839861973745,510323.2,1.2143710742319465,0.7311910424070017,0.9507234496955376
20,199,Wallace,KS,1.144458723152601,0.5964250289852175,0.5787092453504435,0.5569435154868531,7.25,0.021264002310746866,17.216511792276165,17.836075902186447,163245.74085,0.27907468361593124,584953.6,1.03598662245788,0.7154740797997081,0.9360143047851807
20,201,Washington,KS,1.355740529122092,0.72975118985955,0.7998504906302472,0.3397563866459753,5.5,0.01892245451902904,5.069368537305659,5.6716479857407025,219044.479425,0.380937380742117,575014.4,1.1188075879673864,0.7191401602230155,0.9390378833814216
20,203,Wichita,KS,1.0856717985651976,0.5820458635644372,0.5394386176620735,0.5825787208968428,7.5,0.05037194530154022,14.958979060294542,12.057701357977168,212512.71695,0.462132049538461,459852.8,0.8060510887391904,0.6977643433436106,0.9437344821964844
20,205,Wilson,KS,1.1983004217926148,0.6554766496560412,0.7445459141572695,0.4885899137443368,5.0,0.05150351503773652,11.044114935323705,7.706702863753812,101190.748125,0.27554511762658807,367238.39999999997,0.6978108167911716,0.7157725670935482,0.9481032322886614
20,207,Woodson,KS,1.249255042295458,0.6709073937815971,0.7762057999529136,0.4744084522391563,5.0,0.08161158656817291,7.408935050297433,5.337287140527153,45294.425525,0.1413726051872965,320390.4,0.7203851976422558,0.7365407094119977,0.9455796534105618
20,209,Wyandotte,KS,0.21816778009707735,0.13529701903754954,0.1985848714304576,0.8913190339469684,1.5,0.4363355601941547,3.013625247857211,2.835801562199239,5855.1639000000005,0.06043129396756722,96889.59999999999,0.9409934311559108,0.7196776167398766,0.9474040141468243
21,001,Adair,KY,1.074134915227593,0.6162086632814684,0.8231939071929959,0.48265663598410546,3.75,0.05985999970893718,15.25107298235828,13.911589520743277,2546.1169250000003,0.009778555931846674,260377.59999999998,0.9121711985009544,0.7609016193477206,0.9381997630675
21,003,Allen,KY,1.2432999893550196,0.6795847264920691,0.7971186960141542,0.4422197081183901,4.75,0.1747309208149161,62.61211449157595,44.48883970098142,2673.1292625,0.012067388398983735,221516.8,0.7105468336637489,0.7437569717190649,0.9452072689787775
21,005,Anderson,KY,0.2230267344864987,0.13779374100407885,0.32175956382933124,0.9163255255858068,1.5,0.26269892006110024,97.31535153284824,95.68551083360373,552.201875,0.004257242954988406,129708.79999999999,0.9832519672017588,0.6539195215406356,0.6754737943403747
21,007,Ballard,KY,1.0136833596637724,0.5921130733004022,0.613960273882423,0.5271587787555672,5.25,0.03890031765706889,1.8833259965703917,1.6683835259372424,45592.70734,0.283638338982123,160742.4,0.8858708099263921,0.7270281200515883,0.9433682381106188
21,009,Barren,KY,1.1317649783203945,0.6233230999649544,0.8163958608373192,0.5096975684441662,4.0,0.05361389700017717,14.978391246911036,15.069799470595763,10144.293945000001,0.03228396702255229,314220.80000000005,1.0061026729892355,0.7388309276974969,0.9454564552703468
21,011,Bath,KY,1.0376812605645525,0.6339155790359086,0.94453818810144,0.4096657912476323,3.0,0.10411656679941067,80.50287892602918,68.79940457711892,3791.991775,0.021201557104549847,178854.4,0.8546204246973067,0.6756867600423037,0.705912049574153
21,015,Boone,KY,0.9880330146023759,0.5940909559215284,0.8993464070934493,0.520151602274318,3.0,0.06455838550563878,43.924896831343496,28.669252617037596,1566.710515,0.009940652885923416,157606.4,0.6526879898458878,0.6601934353756985,0.6886448947522189
21,017,Bourbon,KY,1.285008026884268,0.7079283077166192,0.9269373539442227,0.35231062657256473,4.0,0.052304995201934115,126.92908602779593,110.11546731042273,9385.67375,0.050321227170761415,186515.2,0.867535336119168,0.6852682584581136,0.7341945665954858
21,019,Boyd,KY,0.0,0.0,0.0,1.0,1.0,0.0,75.8511155046362,82.53716627442407,34.96333333333333,0.00034107640839940896,102508.79999999999,1.0881470328459335,0.7702093173883509,0.8979858138102084
21,021,Boyle,KY,1.1746850791831691,0.6568401256195385,0.8962922500808502,0.4612109634650683,3.75,0.12892376726732038,58.81911137571917,70.58258715660611,2054.113125,0.01764459460039857,116416.0,1.1999941091551916,0.7362760137832634,0.8597049499876305
21,023,Bracken,KY,0.6485100111222166,0.4330478044719851,0.8494610129347356,0.6780374646527156,2.25,0.01771604590789007,75.18564927085532,51.209947928815104,1424.70275,0.010954128761317784,130060.8,0.6811133298102133,0.6428553040356395,0.6380374576992637
21,025,Breathitt,KY,0.03319555724427414,0.014285579346752564,0.047891065815860015,0.9926405652045923,1.25,0.06639111448854829,225.28637374058033,172.2627105087841,236.14585,0.000745123872907369,316921.6,0.7646388356676487,0.6459001212954317,0.6867214090246171
21,027,Breckinridge,KY,1.0906822778985776,0.6217561500277623,0.7023821961185345,0.46542415657424707,4.75,0.08832440380713698,18.35085143916697,13.74195742469856,24239.4450225,0.06616609222001057,366342.39999999997,0.7488457671979482,0.7596126424262887,0.9396030475518821
21,029,Bullitt,KY,0.8302798924414024,0.49722132675204445,0.7557533271796758,0.6484574961506782,3.0,0.07134209881172675,13.902601374640335,7.013694316791568,2273.229875,0.011876159153696338,191411.19999999998,0.5044879104125946,0.7405764963265571,0.9129751468761024
21,031,Butler,KY,0.7946508374729685,0.5189911466361767,0.5128316288200827,0.5217298430776297,4.75,0.060382463646516456,7.622502337093657,6.706023813393874,12586.4348,0.04594072223649785,273971.2,0.8797667113541061,0.7512929091552142,0.9690195488767358
21,033,Caldwell,KY,1.0516773874345944,0.6105266224029979,0.575147575634855,0.464741910964722,6.25,0.011170600535766632,6.8545106134768305,6.13580619133753,34612.1606525,0.155863453281259,222067.2,0.8951486892840699,0.7425920153135971,0.9588173134228006
21,035,Calloway,KY,1.0915690378566123,0.613382339751017,0.5609555191366568,0.48865358938135117,7.0,0.11417643757518318,21.868145824929798,19.45204592259646,62048.650022500005,0.2510058657868123,247200.0,0.8895151001060653,0.7650108904554911,0.956193764046799
21,037,Campbell,KY,0.420663266056944,0.29356304540881856,0.6068888078245077,0.7599534966481092,1.6666666666666667,0.3690763374322892,0.004522533523279741,0.007833257841253995,142.56616666666665,0.0014698755223798525,96992.0,1.7320508075688772,0.6595229596116193,0.7059103617335536
21,039,Carlisle,KY,0.890380569995452,0.5487062337063964,0.4774449047154882,0.5311788551246411,6.5,0.04135804798707313,4.2860014183013435,4.3446233573423125,43304.086267499995,0.3515124671046223,123193.6,1.0136775360807515,0.742118176198695,0.9400137396475086
21,041,Carroll,KY,0.7871389367039805,0.44958074777184465,0.7164847369933023,0.6707545603385935,3.0,0.20946368126475615,46.197015961520634,45.871237778489025,1662.1,0.019963342685832882,83257.6,0.9929480686955416,0.7074385499337577,0.7947218844292807
21,043,Carter,KY,0.4411504352611252,0.272548316819064,0.636445545237233,0.8336644080215125,2.0,0.09369753678063031,271.54717156159757,243.30745075305668,742.9813375,0.002827346175946785,262784.0,0.8960043640073968,0.6335929288044039,0.6738816747751002
21,045,Casey,KY,1.0432784329851006,0.6291178799949706,0.9496329539968167,0.47958202326865396,3.0,0.027452458765596394,67.61696273442402,47.86225830690127,2520.7846250000002,0.00883895329225668,285190.4,0.707843954702426,0.7282398234703397,0.8886026467132403
21,047,Christian,KY,1.140556471280298,0.6528713721780846,0.5553721239453314,0.4266601226358553,8.0,0.01463412838179521,11.012628999582585,10.74663818532053,152805.1341275,0.3310015278575649,461644.80000000005,0.9758467470145288,0.7425218943194897,0.9377056315329864
21,049,Clark,KY,0.919508858665304,0.5588550629170941,0.745603593942385,0.5471671887205016,3.5,0.11827610205783988,144.83197090801391,127.74195535442779,3130.836425,0.019236097338140457,162758.4,0.8820010841084226,0.7037895134229009,0.8283515499759708
21,051,Clay,KY,0.0,0.0,0.0,1.0,1.0,0.0,192.05292009161488,259.89903028238547,278.8664375,0.0009250946022244749,301446.4,1.3532677876410626,0.6828663578725669,0.8123375071514959
21,053,Clinton,KY,0.5520803069301932,0.3564505332377778,0.6612126827345143,0.7222632329454183,2.0,0.42424118917473863,103.07602537141837,131.84050167796102,205.66945,0.0016274613371062494,126374.40000000001,1.2790607825912412,0.7228750370510265,0.9002847067559132
21,055,Crittenden,KY,0.7743306048026265,0.5142993809334022,0.6646120757353347,0.530026562912632,3.25,0.06032027421457221,7.023699969747431,7.796547851365585,16304.872875000001,0.07034948878109985,231769.59999999998,1.1100342960187612,0.7621661235029822,0.9780189458481909
21,057,Cumberland,KY,0.8825669366165507,0.5473265321417945,0.8929648666234837,0.5575119082658286,2.75,0.17107165723273543,142.72358608200747,228.41682547021995,716.449365,0.0036604935347998822,195724.8,1.6004140012217325,0.6975374842141469,0.8326377005431522
21,059,Daviess,KY,0.9610389581752871,0.5649692247550319,0.5044212800461585,0.50113212386684,6.75,0.06397245041177733,8.286105843720359,7.80932791496877,63665.54494000001,0.21513746830327216,295929.6,0.9424605553267322,0.751429474495917,0.9574235636044995
21,061,Edmonson,KY,0.8879763290353955,0.5384492156564249,0.756557367462029,0.5668936791442435,3.25,0.14639758488501767,15.445930618678121,20.84135888413963,3028.8380500000003,0.015638620887994847,193676.8,1.3493106630258356,0.7633656509771303,0.9663391644990355
21,063,Elliott,KY,0.0,0.0,0.0,1.0,1.0,0.0,292.1744841210573,192.63757501536398,538.509,0.0035964280753120192,149734.4,0.6593237448330637,0.6371875587499246,0.6833055628601499
21,065,Estill,KY,0.4652961057434968,0.3168730404878542,0.6712803843010896,0.7651687668756375,2.0,0.2909567240291871,301.2133460985194,376.0169367176792,2719.2240125,0.016732121133900088,162515.2,1.2483408905616464,0.6767253846758174,0.8357464001526358
21,067,Fayette,KY,1.1328627397774111,0.6396007031096976,0.8171877283423776,0.46149327590036315,4.0,0.09097925458300535,167.04345693366525,167.63272122684467,5459.739275,0.02998327926749438,182092.8,1.0035276107427147,0.6797638837047678,0.7567829448375585
21,069,Fleming,KY,1.0700291068275232,0.6387978386262236,0.8234184351408179,0.44791993578047934,3.75,0.02512490241009481,106.31743982579863,74.96009014177021,4685.562135,0.02086760584864183,224537.59999999998,0.7050592100843708,0.6846283460167409,0.7433842670431844
21,073,Franklin,KY,0.31051385962943273,0.18110208207372602,0.37911904550499076,0.8859532465946386,2.0,0.2857962893921199,117.99862680803525,116.34571294806541,1112.08135,0.00825632951332795,134694.4,0.9859920924108815,0.6743673795505689,0.7445129691431451
21,075,Fulton,KY,0.9561462518358307,0.5744300849882615,0.734629396668633,0.549923162761191,3.75,0.021037035632680456,4.681395172898225,3.293727249160178,79495.64585,0.5944577489381431,133728.0,0.7035781273557922,0.7135905066888842,0.9364181978420436
21,077,Gallatin,KY,0.6330776684090385,0.37094463486939244,0.6295375936532825,0.6836397281000739,2.5,0.5004642403868906,4.006988215665444,7.916692613183208,638.0425,0.010089478860945248,63238.4,1.975721461379061,0.7071204331503775,0.81655683590512
21,079,Garrard,KY,0.5549587651855084,0.33853340297951184,0.6890226478149564,0.7828562863895859,2.25,0.21458052293362673,164.0471155889092,186.2822354362857,1073.170625,0.007252407342080792,147974.4,1.1355410594545057,0.7111133799691033,0.827407737351065
21,081,Grant,KY,0.08070024389540617,0.03676845207965798,0.11642584166643231,0.9808384781152283,1.5,0.09634324456604143,29.18333793315223,38.84033100196294,509.65875,0.003063677901261878,166355.2,1.3309077628793236,0.6491275839108608,0.589879922492026
21,083,Graves,KY,0.9573974871324153,0.5663349990137627,0.49200498162631295,0.5177941126696995,7.0,0.0350112267228981,15.992674368786625,17.38551783066526,98794.68965,0.27784283838464513,355577.60000000003,1.0870925918805106,0.755532128369836,0.9551581091682849
21,085,Grayson,KY,0.9525765664688961,0.5619849527194598,0.6871387442558562,0.5124927809499276,4.0,0.0438127152286968,13.41316205350364,15.551431430603804,12980.38954,0.04026734961930194,322355.2,1.159415756595711,0.7473787614993614,0.942057005607816
21,087,Green,KY,0.9579025553578115,0.5471197794302413,0.7679934324958186,0.5470398374057084,3.5,0.26151024999269845,6.975682419879762,9.450980879856273,1854.8479,0.010040185144287395,184742.40000000002,1.3548467821473984,0.7362945915202632,0.9515545915638817
21,089,Greenup,KY,0.9498404706164645,0.5960721028161704,0.9564580917394209,0.465892758853791,2.75,0.1761067420647585,196.40018209808196,17.635323483513304,1032.494725,0.004661156880218716,221510.40000000002,0.08979280617319514,0.7084933698829942,0.9168913995548894
21,091,Hancock,KY,1.02314639028165,0.592395461268053,0.6834063882824297,0.5147914843491348,4.5,0.09363199539735628,6.103471600973872,6.185663605954758,13567.578912500001,0.1122846506926973,120832.0,1.0134664352280711,0.7571602695507915,0.9501507337492686
21,093,Hardin,KY,0.9760477576966017,0.568431860031323,0.6064525696554739,0.4873499599951068,5.0,0.06039865592325692,12.86622516816549,19.06027241497831,39449.02545,0.09815456267018854,401907.2,1.4814191548690259,0.7670574408830073,0.9604745616224031
21,097,Harrison,KY,1.1100497028163974,0.6267500122234281,0.800731600696742,0.45094286849735105,4.0,0.18086651288389732,59.782005967566256,71.24497291816569,3525.5342499999997,0.017788191893648282,198195.2,1.1917461076300864,0.6609429278163058,0.7284910444160945
21,099,Hart,KY,1.1145992745765563,0.6536491429065778,0.9037558228446595,0.4324512592196705,3.5,0.09031972783076153,10.438660465379934,8.831437129469519,2879.0978875,0.010815739305216622,266195.2,0.846031649248406,0.7211943146634107,0.8804917545123008
21,101,Henderson,KY,0.8413526514860623,0.5320849028111458,0.4416605116051851,0.5094957972567672,6.75,0.03898582575009941,4.487834895939967,5.609080766762372,101067.6026525,0.35880698251506693,281676.8,1.2498411587816585,0.7301536103899556,0.9440997184194301
21,103,Henry,KY,1.1829735025188661,0.6511693262680396,0.853335002793508,0.47630986678982684,4.0,0.04760327479296892,13.310877304441124,19.860284577660916,4223.502,0.022809421661136458,185164.8,1.4920342306088725,0.7248215516420793,0.8736133948176936
21,105,Hickman,KY,0.9132382455726248,0.5651491567874652,0.524132434593612,0.5000070290535077,5.75,0.019052455426822726,5.2048068902871485,8.728601095841404,79571.46195,0.5086336495535714,156441.6,1.6770268868437976,0.758135530936723,0.8927923332129941
21,107,Hopkins,KY,0.8905618119059913,0.5352920150447967,0.4970320108254668,0.5587641204921172,6.0,0.047881216429440605,10.1074660983633,10.50073687779524,40140.8204375,0.11392042998691107,352358.39999999997,1.0389089387592032,0.7559833482728613,0.9760557535795499
21,109,Jackson,KY,0.05508879147369652,0.022757480122538642,0.07947632626766818,0.9883370628844271,1.5,0.06536973655064175,282.7149313346508,361.6932576045327,495.105,0.0022337122469898653,221651.19999999998,1.2793567566348127,0.6036490126769759,0.5125583104575427
21,111,Jefferson,KY,1.0219084279095978,0.5780051024997666,0.7371511105939068,0.5524323242231612,4.0,0.09851653565564433,19.23084430307614,19.80662978305031,2251.5391250000002,0.009135604359532838,246457.59999999998,1.0299407280772415,0.7375021957585285,0.8685926937765818
21,113,Jessamine,KY,0.6045917386275582,0.33261329912641313,0.5503231165933236,0.7718295250853201,3.0,0.2930283195924054,174.62826624223945,250.09111852511907,2529.6262225,0.022829902227552996,110803.2,1.4321342352342872,0.6700608500197132,0.7458099705422758
21,115,Johnson,KY,0.0,0.0,0.0,1.0,1.0,0.0,526.7626606810811,181.7359717021389,107.860215,0.0006443816851628814,167385.6,0.3450054175578091,0.6381104171929146,0.7202239740154339
21,117,Kenton,KY,0.0,0.0,0.0,1.0,1.0,0.0,6.649605459586265,11.517454506290806,114.91833333333334,0.0011085997149677923,103660.8,1.7320508075688772,0.6532512129811417,0.6374126725611368
21,121,Knox,KY,0.3176551466864277,0.1955089101866752,0.45827950483736546,0.8800990204147736,1.75,0.2398754874134138,28.371970170079155,37.44400099841976,368.9516,0.0014870940385905175,248102.40000000002,1.3197532907992373,0.602807531452428,0.5071237516304361
21,123,Larue,KY,0.844171280914626,0.5242889264027915,0.6089408603182075,0.5510158184001034,4.0,0.046540839406010136,2.217690254560706,1.9957300931279063,20110.84825,0.1193890592348974,168448.0,0.8999138130420441,0.760993968020493,0.9519567309768578
21,125,Laurel,KY,0.2735168361393195,0.17190694869553946,0.39460138309783543,0.8828289970487294,1.75,0.2838431974729909,155.78626616024735,188.5669467296935,431.962625,0.001549203758722198,278828.8,1.2104208630029478,0.6623867760991116,0.7108709759464702
21,127,Lawrence,KY,0.10827917309784195,0.053379929325761355,0.15621382605981424,0.9716281848003078,1.5,0.12804019433895272,435.80638733253056,449.3751925285247,166.157005,0.0006199444106989351,268019.19999999995,1.0311349387948296,0.6725155859245279,0.7923153773035926
21,129,Lee,KY,0.0,0.0,0.0,1.0,1.0,0.0,230.86465333411124,214.6195584383291,116.14250000000001,0.0008647319939483465,134310.40000000002,0.9296336851000229,0.5923372705561502,0.5378681861985167
21,131,Leslie,KY,0.0,0.0,0.0,1.0,1.0,0.0,504.6677138790124,627.8021356641456,22.036666666666665,8.522211634449588e-05,258579.19999999998,1.2439910824464848,0.5862163244674244,0.6038549355083297
21,135,Lewis,KY,1.075746922949825,0.6191872264337134,0.8184403741092793,0.48657434559745416,3.75,0.13033792228546676,25.907585147933972,12.379627450637443,3495.3011875,0.011272488813946109,310073.6,0.4778379528600978,0.6850639318420518,0.7934770018303351
21,137,Lincoln,KY,0.9818009651697698,0.5934815850161503,0.8492158999850836,0.5243069132293032,3.25,0.041474378471327046,36.04111930507638,46.878672602011136,5077.5018,0.023593637549812647,215206.4,1.3006996870768188,0.7140418126159014,0.8688351871654966
21,139,Livingston,KY,0.9893991928595477,0.5700177385364655,0.6373376926458111,0.5230786053273324,4.75,0.05880780831873976,11.744674558132882,8.104891310931887,19015.750575,0.09400186748113612,202291.19999999998,0.6900907531166507,0.7514326670858258,0.9623546572322337
21,141,Logan,KY,1.1326664044651715,0.633985307672986,0.5374062967212085,0.436522033378429,8.25,0.012154666943990523,10.508079954491393,10.285353105026568,108915.9130375,0.3062574037595267,355635.19999999995,0.9788042296566627,0.7645216317272269,0.9428890313309849
21,143,Lyon,KY,0.9724290237261707,0.5693047759496828,0.5427229717084309,0.4987393409097888,6.0,0.08291711128531998,7.185864796033531,3.9832261975936323,9029.4051775,0.0654077217887981,138048.0,0.5543141028470647,0.7628621142327493,0.9716189569345204
21,145,McCracken,KY,1.0324524221984004,0.580452787417166,0.541447185027918,0.5569720532741474,6.75,0.07502345414765124,5.40661705789197,3.6780160934406374,34900.12392,0.21723943759461395,160652.80000000002,0.6802804885306023,0.7225305522619687,0.9363973938935302
21,147,McCreary,KY,0.0,0.0,0.0,1.0,1.0,0.0,156.46594574084614,169.33643362669758,3.5866666666666664,1.3103031720052996e-05,273728.0,1.082257438351274,0.5395110858442297,0.2634072389615312
21,149,McLean,KY,0.9348954835620398,0.5673598891314342,0.5808832240990967,0.5086993015294138,5.0,0.039120643891521055,6.554398656159094,6.803561712789698,47480.728279999996,0.29173668083955956,162752.0,1.0380146325699107,0.7581751488536201,0.9723290690698005
21,151,Madison,KY,0.5838310602741315,0.3777179379371114,0.666383930196794,0.7432570778562273,2.5,0.09979241456659857,157.12688972423683,121.63400389609312,2940.0787499999997,0.010424509954785785,282035.2,0.7741132285477363,0.6411219078959095,0.6214198599963999
21,153,Magoffin,KY,0.1905176786019493,0.10168695435876157,0.2748589101207096,0.9439369122975263,1.75,0.16324045898218634,1215.6281611873464,590.9262508287978,464.597485,0.002345959056077107,198041.6,0.4861077340061121,0.6707022450948422,0.7538959954018303
21,155,Marion,KY,1.0381594609108733,0.5950681195425924,0.7488737529540384,0.4861570195556358,4.0,0.06891913301397079,7.393412549924431,5.310534615281471,10218.18,0.04609228398625827,221689.59999999998,0.7182792221348111,0.7345196641707142,0.919130151442653
21,157,Marshall,KY,1.1520058953238783,0.6182727740630345,0.5834499321104012,0.5200575459444217,7.25,0.16675525479819756,8.733880753596567,8.087789381531946,20314.648999999998,0.10410849507199318,195129.59999999998,0.9260247087987131,0.7411704768735736,0.9394882627241107
21,161,Mason,KY,1.0972514354112861,0.6127621257190545,0.7914996022380796,0.5239547983093614,4.0,0.030472129982227595,66.32751590630934,47.879202489967696,5459.536099999999,0.035380221294222546,154310.40000000002,0.7218603295440653,0.7111128134682212,0.8356980362789158
21,163,Meade,KY,1.032905949026375,0.5996107099246445,0.7450841451825297,0.5183271585044872,4.0,0.05942480890079008,12.381542757446447,16.734069030969284,18527.3732125,0.09383495071320622,197446.4,1.3515334364051816,0.7752544536660434,0.9661269302477788
21,165,Menifee,KY,0.556099581883342,0.36044334855830173,0.6942757369369819,0.7331386757194127,2.25,0.31070886839404294,248.76994516644498,171.9984376280291,311.717945,0.002388716474068171,130496.0,0.6913955683551314,0.6500803163668892,0.6672741141951489
21,167,Mercer,KY,0.8353847542671863,0.5171685570360374,0.7937873784366632,0.5926904850955037,3.0,0.17828574969713762,44.402080928311975,45.36188879578881,1980.4948749999999,0.012332708601097959,160588.8,1.0216162812059746,0.720024384918933,0.853060306622728
21,169,Metcalfe,KY,0.41060297588552247,0.26641591294922085,0.4929440492286862,0.7944264570880128,2.0,0.3611703116304895,86.6166566830186,169.7923494962922,235.4084,0.0012644400996906153,186176.0,1.9602736471076512,0.7417825858313924,0.9514139975585246
21,171,Monroe,KY,1.0064792073980073,0.6017645138429875,0.8615923683274072,0.5057404536521739,3.25,0.11352902368195875,41.76895356089784,34.285362922252965,819.4523099999999,0.003870482253786161,211718.4,0.8208336575218713,0.7371366517899727,0.9566249756481567
21,173,Montgomery,KY,0.8994656391719125,0.5449642051344609,0.7703655821231854,0.563469855176707,3.25,0.08540410925961976,103.2508827048082,88.68108487603764,2717.0044125,0.021377306986913994,127097.6,0.8588893630050093,0.6829824679293228,0.731338389696397
21,175,Morgan,KY,0.303161022144461,0.18242328711500144,0.43736890323864314,0.8913455490032118,1.75,0.22015328183144534,394.1399270404396,356.4846568566964,654.713465,0.002683181527205844,244006.4,0.9044621780226806,0.6454790665739544,0.6994388299592994
21,177,Muhlenberg,KY,0.9515921039658907,0.5581426008458806,0.5089190676646045,0.5258983925863154,6.5,0.06057792384233785,13.133733121348964,9.693211631647989,17767.3624975,0.05847974364329235,303820.80000000005,0.7380393329213926,0.7631152516272888,0.9744895922142017
21,179,Nelson,KY,0.9521753341273747,0.5659300436390108,0.6868493163011776,0.5183954995496911,4.0,0.09800799431585165,7.935442889498086,6.540919784887589,12422.460625,0.045926921246864864,270483.2,0.8242665061006192,0.7498477595861189,0.9597913297461553
21,181,Nicholas,KY,0.6450182061608747,0.39799626530337306,0.5871208731361044,0.7263090941277552,3.0,0.12986531625914122,329.7118899465638,144.33559368254234,1982.3804975,0.015754384453200498,125830.40000000001,0.43776278042607053,0.6763659977000471,0.6888085393179175
21,183,Ohio,KY,0.7868681634049272,0.5121448410837922,0.4643342352691389,0.5443978363470265,5.5,0.02496073345841294,12.247165213074258,14.672314840236885,32924.58535,0.08663780900549858,380025.6,1.1980172215341471,0.7502893210492328,0.9593728927398103
21,185,Oldham,KY,1.0173253930091863,0.5908102986091859,0.7338451497323846,0.48353907467429347,4.0,0.030825009228189895,12.120512676913279,15.211293508588742,5975.163075,0.049348233546633015,121081.6,1.2550041334111777,0.7283456333783282,0.8499648952053337
21,187,Owen,KY,0.5236841978782153,0.3417229190461189,0.7555165952708158,0.7766413988422396,2.0,0.07111734421145405,42.6015531795929,33.63421809269445,965.026525,0.004281972923588629,225369.59999999998,0.7895068508630336,0.7229815378908017,0.7746598811909176
21,189,Owsley,KY,0.0,0.0,0.0,1.0,1.0,0.0,360.38784462434234,482.22035386619933,1134.91,0.008951975743348982,126777.6,1.3380594297481139,0.6266377989604475,0.5722529715043456
21,191,Pendleton,KY,0.4737249424379625,0.2500577638064025,0.43120302523857396,0.8237180928847319,3.0,0.3789280772169354,44.29432148290568,28.075911844862492,918.43375,0.005115323071130677,179545.6,0.6338490105486255,0.6730417735611498,0.765647179743629
21,193,Perry,KY,0.0,0.0,0.0,1.0,1.0,0.0,78.28333333333333,135.59071071918362,14.266666666666666,6.515173656778216e-05,218976.0,1.7320508075688774,0.5292298620765061,0.19486574717670765
21,197,Powell,KY,0.8230111990851977,0.48102509378984254,0.7491370773605365,0.6619287397445995,3.0,0.10524765968076859,94.78281161351302,51.69779988733585,1769.816625,0.01535105182947985,115289.59999999999,0.5454343356909386,0.6975196695302347,0.9097557104293167
21,199,Pulaski,KY,1.0715211937551126,0.6366127350897242,0.9185443986651857,0.4527503064056851,3.25,0.093063569351766,85.37721754134353,63.9593447848712,3349.232,0.007909877569528417,423424.0,0.7491383137884434,0.7226307529676744,0.9236404949733182
21,201,Robertson,KY,0.2432477376634681,0.12937650860245753,0.35093230483454496,0.9290396311361406,2.0,0.12408815594153318,202.9412954202603,141.83729367556748,702.041475,0.010961724839487359,64044.799999999996,0.6989079939686212,0.6411752068862522,0.6037869218689078
21,203,Rockcastle,KY,0.6774262730501655,0.48446359718186227,0.9773195246973666,0.5752838917826806,2.0,0.020103437412237444,93.31872596327155,125.9271277753167,537.7452499999999,0.002646134075914087,203219.19999999998,1.3494304221949964,0.7080217640946703,0.8763661921684072
21,205,Rowan,KY,0.9544243182998078,0.5929121259744985,0.9574930084711779,0.5046272355286507,2.75,0.19489293871633429,194.41594249227592,107.92162537734504,793.49725,0.004415068204276761,179724.8,0.555106870320744,0.6392316769875269,0.6702936437002761
21,207,Russell,KY,0.9102994812186302,0.5470527322254308,0.8187053556294068,0.5712903946443177,3.25,0.19479631534705255,55.64242315591197,55.87313731372571,792.006875,0.00488112153270816,162259.2,1.0041463715044772,0.6836658721641319,0.902863308225087
21,209,Scott,KY,1.036297124419478,0.6158194828728393,0.8455496159863664,0.4689619428046637,3.5,0.1032196564487989,50.223288158824445,49.14275208344587,4562.701625,0.02503941166431055,182220.80000000002,0.9784853577893681,0.6590680811468433,0.6792852587554646
21,211,Shelby,KY,1.0960957453595643,0.617497879455462,0.7906659480848679,0.49144722594685597,4.0,0.08269543422920678,4.5391574366369785,6.345760268441087,24125.947495,0.09812018262041568,245881.6,1.3980040033911239,0.7274849341864459,0.8575020674747814
21,213,Simpson,KY,1.1247064099519473,0.6336993493608873,0.5689160086950478,0.45275547354938406,7.25,0.04552454003175,11.24121025567913,11.728716790855964,55122.503469999996,0.36465943381123245,151161.6,1.0433677979584577,0.7634912191807426,0.9480434740436711
21,215,Spencer,KY,0.9829986741831599,0.571505463385003,0.7476398553148185,0.5323416171992519,3.75,0.13772641908328925,9.539901831223377,6.954632189215047,7018.80888,0.058993485072619686,118976.0,0.7290045864469027,0.6969573183265442,0.7625832473905052
21,217,Taylor,KY,0.9701778436727386,0.5611149115252451,0.7807125184120243,0.5753291511162627,3.5,0.1329832460553521,14.245380698243437,17.379780703037717,3359.681875,0.019454852795046884,172691.19999999998,1.2200292200811997,0.7561073498459854,0.9274364228460031
21,219,Todd,KY,1.1154344769404905,0.6396831562135264,0.5641342373518268,0.4164016553375748,7.25,0.025099653013024425,7.961211418026256,9.64438357015876,82933.7767625,0.344317858885097,240864.0,1.2114216120829757,0.7535048065163196,0.938443321805987
21,221,Trigg,KY,1.1173196809888295,0.6344485773270264,0.598605465198783,0.44521201528780086,6.5,0.036064150439826345,13.246037163753849,12.949289187562892,36762.9276875,0.1296309679358159,283596.8,0.9775972260592042,0.7388093066851564,0.9445900258016223
21,223,Trimble,KY,0.9476721408781987,0.49782897174426954,0.6836009490168022,0.6656783638437441,4.0,0.17955411811165012,12.49497519263443,12.424878958920287,1880.084775,0.019735522075495466,95264.0,0.9943900461878897,0.7065162995296058,0.8876256468060175
21,225,Union,KY,0.8732100014102587,0.5436320514638183,0.6298878693446125,0.5373237320588025,4.0,0.036895788863033206,9.040011277342709,9.486212019854957,63852.6253,0.2891038163756882,220864.0,1.049358427641631,0.720559453195689,0.9403136773551181
21,227,Warren,KY,1.1022729061595775,0.6288235796708908,0.6313792764363119,0.44794625830448176,5.75,0.0735805032272121,23.965335896048085,23.728132493759002,41808.7841125,0.11981846476730296,348934.4,0.9901022291814321,0.7605724572694723,0.954882333106678
21,229,Washington,KY,1.0895252143153655,0.6217315848123841,0.8348538045608835,0.4985783930993498,3.75,0.05509593159786517,14.034714273735755,19.383146948191456,3731.139,0.019394872375993882,192377.59999999998,1.3810859679890053,0.6946590576073971,0.7483459554917025
21,231,Wayne,KY,0.8579689349212092,0.5347504837844269,0.7809569797925329,0.5532873316074389,3.0,0.03621657250504084,6.6133726138413405,8.189013779295077,3741.006225,0.012723818516679364,294016.0,1.2382507772442803,0.7086966737646445,0.9461317196302877
21,233,Webster,KY,0.838060676382073,0.5286870342252761,0.4677305691835609,0.5004000760828127,6.0,0.019176002107105485,3.37260746144753,2.6726062834621835,42994.143355,0.20068214784820762,214240.0,0.7924451078321151,0.7359787601690976,0.9539234010464503
21,235,Whitley,KY,0.6415780178196998,0.44988562765608947,0.9256014246518518,0.642109699715025,2.0,0.04970249819302476,27.3093955393575,31.957349747807044,242.05304999999998,0.0008592704546745428,281696.0,1.1701961583789378,0.5979536193986374,0.4805615884457294
21,237,Wolfe,KY,0.36579867272969246,0.21980023974588464,0.5277359311108922,0.8664288516656864,2.0,0.17293727751559856,392.4068865473406,448.0670157956525,338.25975,0.002372434057702666,142579.2,1.1418428961276574,0.6180924625722088,0.6506523603418477
21,239,Woodford,KY,1.18122705169308,0.6489020586528575,0.8520752048207489,0.4903007227169782,4.0,0.06972256181673224,145.9153272047096,193.54887829719138,4937.91502,0.040463038697031675,122035.20000000001,1.3264465221371504,0.6806277872207204,0.8074242049046382
21,999,All Other Counties,KY,0.0,0.0,0.0,1.0,1.0,0.0,132.73058653491168,215.0596274952441,872.75,,,1.6202718085531678,0.6317942433054673,0.5464361657953707
22,001,Acadia,LA,0.9120566581703977,0.5439336749668428,0.5090285129417175,0.5297568590952609,6.0,0.026309223112529936,9.223540841357558,6.634631764833975,112028.376225,0.26712907131541097,419379.19999999995,0.719315052532197,0.6394699671320034,0.7304320417935438
22,003,Allen,LA,0.45444750563961805,0.2713252300870499,0.4791019349741503,0.8381776110462072,2.75,0.027658840811382014,1.6273075583813938,1.1432937429408554,17936.019099999998,0.03665798540712884,489280.0,0.7025677088835228,0.6936540537512145,0.8370074895684648
22,009,Avoyelles,LA,1.7178373671188387,0.7615206180384653,0.8261051501987009,0.4079806148569767,8.0,0.05950725345922287,19.972651457061247,10.680750813203352,155786.65877500002,0.29241345242412364,532761.6000000001,0.5347687980319317,0.6581727766152224,0.8418406848102947
22,011,Beauregard,LA,1.3071054536069717,0.6800641616776908,0.843754628990314,0.4748259482777363,4.75,0.08090460130148165,13.462346957927725,8.761279196181977,11149.219275,0.01501664105128697,742457.6,0.6507987963437998,0.6118624757323381,0.8032057211097019
22,015,Bossier,LA,1.3042281847220587,0.6641130512717319,0.7796218311506735,0.5046607899873201,5.5,0.03545546985579889,14.075902280942893,14.198765296100625,13597.401575,0.025315388693401848,537120.0,1.0087286067141907,0.6976360006351273,0.8262383014411455
22,017,Caddo,LA,1.1891660071153056,0.6563069868849396,0.7997957459293333,0.4482588844407881,4.5,0.08215043287621529,4.2156317614853185,2.09816310400154,43327.011175,0.07675648812451105,564473.6,0.49771024195488117,0.7035469512816428,0.8682784496956666
22,019,Calcasieu,LA,0.7519021469736713,0.4194248076492515,0.4940478993985302,0.7247478919378462,4.5,0.2695802025170759,6.547113226785515,6.469594085740141,21848.546374999998,0.031871642496580685,685516.7999999999,0.9881597983171838,0.7082999541161782,0.7472770685878654
22,021,Caldwell,LA,1.3687730713618758,0.6951886894601771,0.7639267964642515,0.4444505532308991,6.0,0.09330655669699613,24.59105480130124,13.173448269219751,23013.782,0.06792156392845,338828.8,0.5357008219315048,0.6646320743254827,0.8011699616110376
22,023,Cameron,LA,0.4269670327720595,0.2251527867190542,0.39925562682524063,0.8687508352303929,3.0,0.1619260033038436,3.84088685899563,2.173763340377214,11057.3953,0.013158953933288142,840294.4,0.5659534946430681,0.7511352999318627,0.918878746772243
22,025,Catahoula,LA,1.4881155227679739,0.735141228977664,0.8305330867926708,0.37032547891643935,6.0,0.05080812952295569,13.46293407778096,3.314061923304339,164695.448175,0.3657168162771797,450336.0,0.24616193648112866,0.6783563501904574,0.8598235090346098
22,029,Concordia,LA,1.526094977967955,0.7358365894994336,0.7842576794765332,0.4056393017304552,7.0,0.08795250976168621,9.817411862496353,3.7508301447925128,181465.725325,0.4074380247737675,445382.39999999997,0.38205895783196353,0.6624318412987485,0.861828697485761
22,031,De Soto,LA,0.0,0.0,0.0,1.0,1.0,0.0,11.949285748756873,7.790810804159828,2566.12,0.004570864683082535,561408.0,0.6519896643169935,0.7058954837567418,0.8814127033603294
22,033,East Baton Rouge,LA,0.0,0.0,0.0,1.0,1.0,0.0,5.866350501806255,5.536401618591653,1223.6333333333332,0.004198070138843144,291475.2,0.9437556819843939,0.6493345958606197,0.6816398564406884
22,035,East Carroll,LA,1.4743914930076611,0.7229079636509672,0.757687344260699,0.41356638576104465,7.0,0.13293888498847467,5.546878030648958,3.3062244031332133,176251.43915,0.6534568946276458,269721.6,0.5960513977168524,0.6570120330313117,0.8311296928040474
22,037,East Feliciana,LA,0.0,0.0,0.0,1.0,1.0,0.0,6.987682647023306,12.103021371811748,1285.6000000000001,0.004430414644905161,290176.0,1.7320508075688772,0.6614825137791137,0.9725532717879676
22,039,Evangeline,LA,1.0234870683796102,0.5288672179434151,0.5259683078771574,0.6255883557610863,7.0,0.09634793913425545,5.747118785810233,3.0153479960713345,57378.46815,0.13496598745145047,425132.8,0.5246712497949925,0.6698471814844894,0.8277224151040484
22,041,Franklin,LA,1.3314303518820845,0.6764395495621576,0.6842198508129771,0.4630173486133733,7.0,0.07430875765265796,14.994344665087597,7.249940028330228,155252.060325,0.38899527630700675,399110.4,0.4835116299020911,0.6539303827742557,0.8256788249928921
22,043,Grant,LA,1.5050384756883362,0.7548684378322353,0.9095445768222423,0.34726234613526974,5.25,0.10369239199815031,18.820299117134567,13.932828758470803,11988.12575,0.029036050416789385,412870.4,0.7403085717052146,0.6515496184499785,0.8407286931467177
22,045,Iberia,LA,0.10175746021719723,0.04006502975675039,0.13108427292091854,0.9795490434953044,2.25,0.020486062956649627,0.1658678106289228,0.1453691974949558,47239.570825,0.12833938312044668,368083.2,0.8764159660862335,0.6066205277862712,0.5014862058683023
22,047,Iberville,LA,0.6269562291412928,0.3636397347711017,0.5405334585558739,0.7721666237932918,3.25,0.041589554110979934,1.378446572911312,1.522260586731443,37573.767850000004,0.09490012327949213,395929.6,1.1043304953897433,0.6174391286772108,0.6307283037813773
22,053,Jefferson Davis,LA,0.7402491514543496,0.42436522798874793,0.492850754482586,0.7138326164979362,4.5,0.20354345020412964,5.016786589388627,2.3816633199290798,83685.925125,0.20045570052247014,417478.39999999997,0.4747388148753846,0.7092141674273519,0.8627972382722519
22,055,Lafayette,LA,1.2027011995996335,0.6477521277537689,0.6904444259390989,0.49204844399321473,5.75,0.04460284665105257,10.111874389732485,5.126623051271705,27411.106625,0.1587290297652689,172691.19999999998,0.5069903811777208,0.6266402066830601,0.6744100884944634
22,057,Lafourche,LA,0.008604266516917697,0.0027649395636821783,0.012413332634444116,0.9986097995894327,1.25,0.01720853303383539,0.010695852611603964,0.02139170522320793,23714.484225,0.034161118119226404,694195.2000000001,2.0,0.6156019243306554,0.511910039166797
22,059,La Salle,LA,0.0,0.0,0.0,1.0,1.0,0.0,9.303952379720732,4.003920763261986,928.398,0.0023253480515525063,399251.2,0.43034622275035417,0.7024289280753353,0.8484581481927346
22,065,Madison,LA,1.369863001706166,0.707993741493238,0.7192208272862313,0.36660602498039985,6.75,0.036051929503918834,13.437904872224674,4.564308949563626,205712.737475,0.5150317298862144,399417.60000000003,0.3396592692807175,0.6728439828816094,0.8450848311872626
22,067,Morehouse,LA,1.5744170708969782,0.7409784464792373,0.72676408410002,0.3775415400884444,8.75,0.09573936983092421,51.32564354784522,34.974166505653685,212706.553675,0.4184500977238747,508320.0,0.6814170088885713,0.6636174955408384,0.8276833318845171
22,069,Natchitoches,LA,1.5256548103028003,0.7383554028362185,0.8514841620790201,0.38066072970084175,6.0,0.0912477582709509,12.652174601086443,7.504329077434462,48276.0313,0.06008307690967382,803488.0,0.59312563365906,0.6619823413375152,0.8455794304240509
22,073,Ouachita,LA,1.3500363246032439,0.6538691388035041,0.7232948225014518,0.5090517161479653,6.5,0.07238463598910212,23.70217693244654,18.57334208276854,30505.7483,0.07807189117447137,390739.19999999995,0.7836133421712416,0.6653027745102348,0.7990823063602206
22,077,Pointe Coupee,LA,1.4829855393738296,0.7186185923090296,0.7781044911171793,0.4392714817766545,6.75,0.039906220951924934,9.3216976575433,9.042867300853551,106641.03795,0.29896763519014424,356697.60000000003,0.9700880282826901,0.6672480555975413,0.8191441877237894
22,079,Rapides,LA,1.6821635391384289,0.784233999621273,0.8644610543580719,0.32831348912171865,7.0,0.08910646047292291,9.54915804364354,6.175276799732642,69521.544975,0.0821354469607252,846425.6,0.6466828563847318,0.6475980333595301,0.6885992069156871
22,081,Red River,LA,1.3118052111703729,0.6985158686119686,0.8473737304395683,0.40882747905292105,4.75,0.04548246267109535,8.709179950705627,3.7213676968085836,17559.533,0.07047900103393356,249145.6,0.42729254853748594,0.6808179010415246,0.8093155332130673
22,083,Richland,LA,1.5051279644071942,0.7144398838268917,0.7734827659632142,0.45166268954421357,7.0,0.09823623700517445,32.13975591393135,21.072157708723395,137016.909075,0.38336273691411493,357408.0,0.6556414978742705,0.6680129406322329,0.8434132093571867
22,093,St James,LA,0.022199819331666287,0.0066070470704375035,0.0320275692584259,0.9966852684122177,2.0,0.0033089626570225314,0.022816742358030353,0.03951975702731748,17745.761533333334,0.11265490755224204,157523.2,1.732050807568877,0.5448491582228308,0.2890616375812671
22,097,St Landry,LA,1.4595251870727903,0.6768928626784531,0.7500475742836072,0.5205634313255504,7.0,0.07127325894425642,11.535981018697548,3.9544710770652767,143827.935025,0.241997683170799,594336.0,0.34279452008943667,0.6525288693334668,0.84501319155064
22,099,St Martin,LA,0.7805770273657253,0.4041287365677504,0.5243323826848472,0.7543750377991153,4.5,0.06658381468669781,2.805942565492731,3.567258347780342,42229.066925,0.0891841820238055,473504.0,1.271322653446373,0.6234242923521607,0.6002316996605832
22,103,St Tammany,LA,0.0,0.0,0.0,1.0,1.0,0.0,16.721108976118582,28.961810305533398,472.8333333333333,0.0008649559015785673,546656.0,1.7320508075688774,0.5197405433709685,0.13160362247312335
22,105,Tangipahoa,LA,0.0,0.0,0.0,1.0,1.0,0.0,314.961249367628,449.62568539934307,1257.9333333333334,0.0024872454359856923,505753.6,1.4275587435028634,0.620752513051811,0.5161833576676901
22,107,Tensas,LA,1.211450418234585,0.6210041612210299,0.676123351956675,0.5464942424291006,6.0,0.05246401393969182,7.681376062277026,4.925233161293445,177380.756175,0.46002760510463003,385587.2,0.6411915158640774,0.6725699750957524,0.7791924773719504
22,113,Vermilion,LA,0.8553983084280876,0.511780575321935,0.6708063041506792,0.6248582827004755,3.75,0.06952514534297968,2.4476307082287025,1.3287930930615803,78273.64925,0.10419548548546151,751219.2,0.5428895333737659,0.6856086032514976,0.8267582381633116
22,117,Washington,LA,0.0,0.0,0.0,1.0,1.0,0.0,46.77671405717452,40.282129693275564,2739.5,0.006392862210075122,428524.80000000005,0.8611577470798671,0.576918826273526,0.37490606048908964
22,119,Webster,LA,0.0,0.0,0.0,1.0,1.0,0.0,127.68874171688883,71.35360632980434,1128.8966666666668,0.002963443838692696,380940.80000000005,0.5588089080555698,0.6588099842036277,0.8757616428227333
22,121,West Baton Rouge,LA,0.8995456653321754,0.5284601981954098,0.6488850352139464,0.6012335915648428,4.0,0.07698509798690625,1.8399149002883488,1.5912506867314677,18815.46645,0.1537613301680178,122368.0,0.8648501550164571,0.6338220182733417,0.6833037196464603
22,123,West Carroll,LA,1.7246930341155442,0.7790165457561227,0.8294020291247453,0.36799805383207257,8.0,0.07738042420142426,15.36192301608082,5.415380575934681,87083.223875,0.37859637536084445,230016.0,0.35251970539533856,0.6531588402003219,0.7778496405899991
22,125,West Feliciana,LA,0.0,0.0,0.0,1.0,1.0,0.0,11.768107833577664,15.932102797383463,12897.753333333334,0.04963728961412151,259840.0,1.3538372542716486,0.6560344339884946,0.7980178335703998
22,999,All Other Counties,LA,0.0,0.0,0.0,1.0,1.0,0.0,8.349092145196504,8.210421938749345,18016.6562,,,0.9833909838296682,0.5230343228898845,0.09139023202650794
23,001,Androscoggin,ME,0.0,0.0,0.0,1.0,1.0,0.0,210.3684043139715,133.82910005821765,1183.1333333333332,0.003931030755381659,300972.8,0.636165399907107,0.6277331805716445,0.7416126246256526
23,003,Aroostook,ME,0.7021520673138845,0.3500543418155817,0.4135259983813647,0.7942315691710666,5.5,0.05732815250356306,48.308912722352396,56.66496959203777,71811.5755,0.016818543652402596,4269785.6,1.1729713296945938,0.603821009268796,0.695783331467566
23,005,Cumberland,ME,0.0,0.0,0.0,1.0,1.0,0.0,79.81022175089099,137.29504844693133,532.5,0.0009958363753874877,534726.4,1.72026897601495,0.5612542525690492,0.7717595359091282
23,007,Franklin,ME,0.0,0.0,0.0,1.0,1.0,0.0,15.75981904174378,27.296807298391684,417.76666666666665,0.0003844720060941252,1086598.4,1.7320508075688772,0.5203915825816443,0.40998201041313115
23,009,Hancock,ME,0.006385350159624945,0.0017359076355696335,0.00921211300963046,0.9991305045339023,1.5,0.007480520570290814,7.238824745360784,4.800982618489056,2799.66875,0.002755232362458273,1016128.0,0.6632268064737868,0.534909839523911,0.3979123992380148
23,011,Kennebec,ME,0.0,0.0,0.0,1.0,1.0,0.0,48.13576470790733,74.58759033195241,1058.2333333333333,0.0019058641085932515,555251.2000000001,1.5495254055805996,0.5813666106013976,0.7321687358268945
23,017,Oxford,ME,0.0,0.0,0.0,1.0,1.0,0.0,60.77997855369069,31.293987082237745,3671.866666666667,0.002760968078280398,1329920.0,0.5148732827306585,0.5536536300358434,0.4661919586351428
23,019,Penobscot,ME,0.19207692215578448,0.1251875045763068,0.1748359490759445,0.8988021295474712,1.5,0.38415384431156896,1.5248235079087793,2.9394870011820653,5239.025,0.002410667680439846,2173267.2,1.9277555637986115,0.5495062476026853,0.3997039757059264
23,025,Somerset,ME,0.0,0.0,0.0,1.0,1.0,0.0,14.5607784671178,24.99045863338926,1368.3666666666668,0.0005445238550023345,2512960.0,1.7162858901963598,0.5548586465543054,0.6464325718497578
23,027,Waldo,ME,0.0,0.0,0.0,1.0,1.0,0.0,9.63960350536354,8.811649338241407,139.06666666666666,0.00029776995144322783,467027.2,0.914109105560052,0.5156409420849447,0.16816304662208253
23,029,Washington,ME,0.0,0.0,0.0,1.0,1.0,0.0,0.07277272099966446,0.07268768359155876,8146.3,0.0049556912064723105,1643827.2,0.9988314658715854,0.5193896042006108,0.2167574906599373
23,031,York,ME,0.0,0.0,0.0,1.0,1.0,0.0,200.78179175765675,164.21400089029336,942.4666666666666,0.0014860979359248648,634188.7999999999,0.8178729727071037,0.5913754419049694,0.767977666677269
23,999,All Other Counties,ME,0.0,0.0,0.0,1.0,1.0,0.0,9.527835306542595,13.544263297718809,5724.775,,,1.4215467482333792,0.6402683317746659,0.38842166465680605
24,001,Allegany,MD,0.0,0.0,0.0,1.0,1.0,0.0,70.55847786037756,47.37229655402817,919.6666666666666,0.0033777894002789397,272268.8,0.6713905683703857,0.6766107612567522,0.7766163915150698
24,003,Anne Arundel,MD,0.21464238399461788,0.13558208035572916,0.19537591760860162,0.8836166635531477,1.5,0.42928476798923576,6.78362552657819,3.935038015910422,2444.1975,0.009181753603284128,266201.6,0.5800788974115648,0.6596461106302219,0.8162358923357969
24,005,Baltimore,MD,0.8538562236755433,0.5201081176502377,0.6527865869352621,0.5871369784870859,3.75,0.05700741440042503,7.72374965206121,3.952192530353621,17756.8975,0.04635084505880485,383097.60000000003,0.5116935048896767,0.6640194247560286,0.7519414840379745
24,009,Calvert,MD,0.7689730372810706,0.44082124684901997,0.5242912759779501,0.6332251847461122,3.5,0.5307246412371306,5.880932575503123,7.5532671262793984,5274.0075,0.03829826053236976,137708.8,1.2843655371500675,0.7144739322129008,0.940468090377242
24,011,Caroline,MD,1.1660299956462405,0.6232085629053026,0.5899217101942645,0.5226730983953364,7.25,0.03480382965235691,2.6353727445218302,2.209797041450709,66585.191425,0.3249808258935544,204889.59999999998,0.8385140379266012,0.7033990178296934,0.9344219466757334
24,013,Carroll,MD,1.0330118628594296,0.5612602749819251,0.5919947704817545,0.5839117300067926,5.75,0.048441170476708914,11.574171214068576,10.590317644914133,37495.88475,0.1304462403354819,287443.2,0.9149957650567192,0.6710050197458369,0.7852888675891319
24,015,Cecil,MD,0.9466468737725451,0.5714442919043979,0.6577845657552559,0.4872440659464944,4.25,0.07796396871987013,3.33890079882054,4.994758222434884,25280.89875,0.11346739521694482,222803.2,1.495928906962217,0.6631824569420229,0.6966667658729782
24,017,Charles,MD,1.001545693935011,0.5727940559226887,0.6464223830238942,0.574824710128441,4.75,0.0511433746244754,8.647606450846444,10.00048154987745,16516.3564,0.055980058297180044,295040.0,1.1564450355969407,0.6920053311492033,0.9401909968378737
24,019,Dorchester,MD,1.2337881757787506,0.617633916387155,0.5933266942344815,0.5521636745317926,8.0,0.12651693937769226,2.531418498585124,1.4119392028684967,45054.99915,0.12626616237736307,356825.6,0.5577660128728879,0.6820960019771263,0.9007131068447702
24,021,Frederick,MD,0.9288287844874129,0.5417827129657137,0.6232246182359652,0.5851736433928701,4.5,0.03797240314025379,19.932419939754467,23.986080855504323,50498.415,0.11903176055620927,424243.2,1.2033702344222128,0.6986591658801969,0.8926579671402683
24,023,Garrett,MD,0.08943058486269431,0.05105347622794831,0.12902106128520868,0.971142162818955,1.25,0.17886116972538865,6.191768570135922,6.130517552982814,1595.875,0.003848315771806901,414694.4,0.9901076701334521,0.703994188540515,0.9431604026354395
24,025,Harford,MD,0.49090068136617127,0.3250094875585854,0.41353681338720416,0.765387881940297,2.75,0.32923679302244757,8.434180569902487,9.35847814463154,13795.5625,0.04895098536675372,281824.0,1.1095894932611976,0.7035750516154431,0.881932148324678
24,027,Howard,MD,0.2084369845616006,0.1298816851343269,0.18972751962778134,0.8989403842345018,1.5,0.4168739691232012,10.903686667704967,20.909719712100912,4909.5875,0.03043655954907951,161305.6,1.9176743013014366,0.6743898579180141,0.8297579615922488
24,029,Kent,MD,1.0326730648924671,0.5955422600770783,0.6416358511964348,0.46464804301686097,5.0,0.02527998483933672,2.1493188768904736,2.6058025802603875,71666.411925,0.40073996576177395,178835.2,1.2123852855330297,0.6995465537865608,0.8230520455506147
24,031,Montgomery,MD,0.9892474430527957,0.585429199465157,0.7080884305994237,0.5215127442500583,4.25,0.03168427255134243,4.788759572358122,5.585155619542605,23880.9375,0.07530264135403213,317132.8,1.1663052895329038,0.625565617941129,0.6065930791454095
24,033,Prince George's,MD,0.18298806264250572,0.12456366079791964,0.16656291262165768,0.8931295200525969,1.5,0.3659761252850114,11.308431159756891,10.059494101022057,5526.4506249999995,0.017788515546139506,310675.2,0.8895570003397639,0.6671888132842813,0.8961033703076451
24,035,Queen Anne's,MD,1.0607581943506212,0.5984145976850186,0.5382924000452582,0.5038615931548538,7.25,0.05003709209418673,1.0951056735020628,1.4348839289055457,93082.5185,0.39075101463219686,238214.4,1.3102698338845222,0.7192701793515293,0.8885594509641395
24,037,St Mary's,MD,1.069080986478982,0.5998443099158025,0.6474876459292572,0.544659527481169,5.25,0.04759537983820741,9.760863288322586,13.94884378244986,22959.2076,0.09930453114186852,231200.0,1.4290584111691809,0.6935034526885668,0.9476966420612211
24,039,Somerset,MD,0.9776586099696227,0.5814213726181392,0.6304643518359023,0.5158048680830789,4.75,0.04321979342832638,7.6212815727339915,4.262945832910898,16520.75,0.07889022913419516,209414.4,0.5593476362508473,0.7018805120360219,0.9257951939071026
24,041,Talbot,MD,1.008543378193993,0.5922788212546423,0.6753886642198857,0.5116513439223731,4.5,0.04094087746262804,0.9038210170820045,0.44017597734007974,56779.156950000004,0.32963302643373343,172249.59999999998,0.48701675334038197,0.7291616243264927,0.9465163257537961
24,043,Washington,MD,1.2634857757366091,0.64681018556517,0.6775780786006127,0.4927159858546514,6.5,0.01862622551326201,19.907753881058945,15.441809503874158,20355.79375,0.0694240357409853,293209.6,0.7756680937554753,0.6734628207395038,0.9114186030017151
24,045,Wicomico,MD,1.0257509718766218,0.5870529168297787,0.5881335785532293,0.4756749299235363,5.75,0.14113745318518686,6.333718534926122,3.2737101447009818,24301.218950000002,0.10067252063890288,241388.80000000002,0.5168701650773888,0.6743838868663304,0.7598005799176798
24,047,Worcester,MD,0.927891122874794,0.5624932551693325,0.6459342488431833,0.4832588729457298,4.25,0.05846669168242443,5.177241597582297,1.4732340150043777,39861.5689,0.13161123617244952,302873.6,0.28455964189354394,0.6941771461884538,0.9134461440265235
25,001,Barnstable,MA,0.0,0.0,0.0,1.0,1.0,0.0,173.9257695646556,135.92510113507325,823.8,0.003254500518318121,253126.4,0.7815121443780307,0.608768732082339,0.7054574977435709
25,003,Berkshire,MA,0.05159422686075297,0.02073487049200934,0.04696308915614138,0.9892870336165497,1.5,0.10318845372150594,5.4031048189628015,4.252328555732221,2742.6,0.004601331980414894,596044.8,0.787015743394094,0.6556382478947411,0.8588945266722066
25,005,Bristol,MA,1.0502437821175437,0.5683991582558777,0.7279755328699599,0.5939065326847284,4.25,0.13445452949709646,29.2721186212554,22.96844282912579,2558.225,0.0071892564073741,355840.0,0.7846525605580078,0.5553386034556704,0.5036144919504276
25,009,Essex,MA,0.0,0.0,0.0,1.0,1.0,0.0,3.4947732254257295,6.053124787368724,607.9666666666667,0.0018973533798043955,320428.8,1.7320508075688772,0.634101202989095,0.7184073007350665
25,011,Franklin,MA,1.188210347193726,0.609863456419077,0.6855737909615277,0.563394641695993,5.75,0.06605625724115229,264.2316109338343,235.11826139717303,3748.0425,0.008341974568394514,449299.19999999995,0.8898188243497047,0.6471973226541371,0.7785099710351273
25,013,Hampden,MA,1.573030228013668,0.7679129569209675,0.9010120428655308,0.34743421864249924,5.75,0.08531281512380452,666.4495518017944,603.441086771266,1243.8625,0.0031428446899256146,395776.0,0.9054565122593593,0.635026760890821,0.819348612318442
25,015,Hampshire,MA,1.375359950463382,0.6905620635660947,0.72194490500907,0.4214634960809105,6.75,0.032936455660816225,327.1307323247386,336.13474233417503,4320.54,0.01276079570156702,338579.19999999995,1.0275241948240383,0.6437780926108795,0.7155286600163234
25,017,Middlesex,MA,0.5104653135458274,0.30742751130154655,0.46464555222177994,0.752225108472254,2.0,0.5901529103508584,68.94509047985747,57.309334176177714,704.325,0.0013364435582784834,527014.4,0.8312315463988088,0.5402565255750891,0.29498659290762325
25,021,Norfolk,MA,0.0,0.0,0.0,1.0,1.0,0.0,20.23185483870968,28.612163504866956,98.3,0.0003843879823815006,255731.19999999998,1.414213562373095,0.6300742032832591,0.7357608663414056
25,023,Plymouth,MA,0.4350815342995043,0.22889298023947394,0.39602827930039863,0.8678963900895363,3.0,0.10811039142429035,41.24516710034222,38.95744357570581,9863.143250000001,0.02332021083169403,422944.0,0.9445335372488421,0.5769295703642532,0.5983928069510713
25,027,Worcester,MA,0.7634828468558971,0.4910351306702543,0.6542836467879013,0.6139041347720923,3.25,0.06798857027448588,36.637624671153425,28.515671922180864,3627.125,0.0037456431420432768,968358.3999999999,0.7783166124476577,0.5614722484957887,0.7221754204746246
25,999,All Other Counties,MA,0.0,0.0,0.0,1.0,1.0,0.0,14.863282407857143,28.640832079143607,335.65,,,1.9269520213114748,0.5763129933055875,0.2557879719897991
26,001,Alcona,MI,0.34320118375656095,0.17772583258110602,0.21324288505016412,0.8400977995110024,2.0,0.6864023675131219,30.8685189127285,23.17116442952082,3082.0125,0.007140317796138962,431635.19999999995,0.750640628241036,0.70109903431357,0.9361087623867161
26,005,Allegan,MI,0.9041375271935745,0.5242174911115265,0.44207991886780135,0.590767546692492,7.75,0.019355353916675158,17.80865931427372,7.602727291487442,73838.42874999999,0.13942975481820874,529574.4,0.42691182740487504,0.7224932123392297,0.7849345552299688
26,007,Alpena,MI,1.463632695649923,0.7067993157906661,0.7378241044970476,0.44919098523139855,7.25,0.20807697105645592,12.614315281471127,7.774478743550804,8530.52375,0.023215089017460593,367456.0,0.6163218985790339,0.6973175625808357,0.7639077800894355
26,009,Antrim,MI,0.9207155880596429,0.5283214424298448,0.6907640719062419,0.5746086799775514,3.75,0.2389184487594891,4.13830336572564,3.2078753149456927,3537.05,0.011587706262842288,305241.6,0.7751667848988643,0.6291765240973874,0.670213478879502
26,011,Arenac,MI,1.5922009533233457,0.7680929429481003,0.7948592286156339,0.323784811959638,7.5,0.06279592490907066,19.813379457294904,5.074090354887948,38176.036575,0.1626051061728206,234777.59999999998,0.2560941391055712,0.7175587746901579,0.8389951434931185
26,015,Barry,MI,0.8882717158813456,0.5454149978690953,0.5471104834809917,0.529635507445103,5.25,0.03175437536067169,11.773188493507188,5.584157148501831,40785.118875,0.11458760068002213,355929.6,0.4743113687155731,0.7397075971334726,0.9256718383051136
26,017,Bay,MI,1.5587483029159075,0.7645159499420704,0.7193984218935933,0.3157946828963867,8.75,0.012161751090778852,21.00573184651339,15.08502042448785,102772.3719,0.3614672618880135,284320.0,0.7181382936196873,0.7273185657364353,0.882916999314467
26,019,Benzie,MI,0.0,0.0,0.0,1.0,1.0,0.0,7.78485241520261,13.483759912556204,965.0666666666666,0.004693027501997033,205638.4,1.7320508075688772,0.6460665556933245,0.8472298280911759
26,021,Berrien,MI,1.3050385166999239,0.6686842534487227,0.6989562911190549,0.4182555340266826,6.5,0.03756869462114652,29.730337741914667,8.094838172239536,58623.0776,0.1604177911558669,365440.0,0.27227535194890184,0.697040144108722,0.7876724962988855
26,023,Branch,MI,0.8427724757703389,0.5311562317105168,0.5647642455115223,0.5175337385910675,4.5,0.024680620854002387,7.629610353549051,10.509002069036748,55002.9257,0.1693740198384935,324742.4,1.3773969550290726,0.7644528953355962,0.942033559508594
26,025,Calhoun,MI,0.8463967838830831,0.5347393688164596,0.5332962004952482,0.5058129914974002,5.0,0.015264336400241003,8.55179522368239,5.851742976755999,65267.051325,0.14389288815796436,453580.80000000005,0.6842707085116858,0.7954037655003192,0.9572346578292439
26,027,Cass,MI,1.0025467894943478,0.5637167044116073,0.4984522786221201,0.5201330082959263,7.5,0.03445921416643573,10.905057060975015,6.300349997210654,77119.808525,0.24482851968855399,314995.2,0.5777457157704541,0.7372724990933955,0.8695436864213362
26,029,Charlevoix,MI,0.0,0.0,0.0,1.0,1.0,0.0,2.1161077976349163,2.0425206213079288,2278.1,0.00853932264178102,266777.6,0.9652252232096905,0.6511957360972991,0.7478303658376998
26,031,Cheboygan,MI,0.0,0.0,0.0,1.0,1.0,0.0,5.949495345192882,4.001784234577411,1210.8666666666666,0.00264390604620831,457984.0,0.6726258283084131,0.6897127258271735,0.7555603806947347
26,033,Chippewa,MI,0.0,0.0,0.0,1.0,1.0,0.0,9.954295610208531,16.432828929357104,339.555,0.0003398682225539057,999078.3999999999,1.6508279011228657,0.6952329332333084,0.9036441463307003
26,035,Clare,MI,0.9675432337351026,0.4896794216911253,0.6011684118163952,0.6859377396807241,5.0,0.03640817513091282,36.38435527504511,36.833306258491234,5414.73625,0.014926826730107621,362752.0,1.0123391215826778,0.6617577710505972,0.9039121685478466
26,037,Clinton,MI,1.0462209527769308,0.6074890533388456,0.5611831480752881,0.45713161698629445,6.5,0.02915242014615426,8.97538784097593,7.300145754229518,104411.786775,0.2854852777726131,365734.4,0.8133515658121959,0.7491129037727209,0.9100433378681319
26,041,Delta,MI,1.4866822135191038,0.719849918600979,0.8297331416697422,0.45399067372155555,6.0,0.03637946699520715,27.574881559148395,18.260472068555316,6342.87,0.008470495948821825,748819.2,0.6622139801176089,0.6018443928488447,0.5258389258321544
26,043,Dickinson,MI,0.18978472709280786,0.12505271710661742,0.1727495032145428,0.8973156532988357,1.5,0.37956945418561566,37.64403068344249,66.45597555792753,1651.375,0.0033670086873972384,490457.60000000003,1.7653788489540736,0.6106175816512064,0.5123517753511029
26,045,Eaton,MI,0.9770978264662669,0.5765257605896362,0.5129703114419772,0.4880369867069623,6.75,0.02281735886623642,10.287225141153986,7.98795347868875,84249.154325,0.2283778970399759,368902.39999999997,0.776492530209433,0.7601063005480083,0.9228153497140331
26,047,Emmet,MI,0.0,0.0,0.0,1.0,1.0,0.0,1.005734601006363,0.40627192650535787,1181.5666666666666,0.003946385183760136,299404.8,0.40395540344225217,0.682000768677096,0.6055130295607029
26,049,Genesee,MI,1.0321575567252106,0.5797786245245405,0.5249681161463144,0.5382529219979884,7.25,0.03293589057760382,18.065270398264794,17.290171945579974,52179.310925,0.12746259352184433,409369.6,0.9570945557084344,0.7214517456662055,0.8712707384500886
26,051,Gladwin,MI,1.404667753960933,0.6930320450141294,0.7218564303407642,0.4584060838506273,7.0,0.07780450885389645,21.874098331542697,14.270535807476612,10179.28055,0.03138343697587806,324352.0,0.652394242321675,0.6809644141339508,0.8182215899483769
26,055,Grand Traverse,MI,1.2613308535625762,0.5979968219676578,0.6886721297885323,0.5992125848132485,6.25,0.12595937960175127,17.60010442471054,21.395632719132532,6760.0525,0.022711811192401146,297644.8,1.2156537372069833,0.6837090158698425,0.8970633215309458
26,057,Gratiot,MI,1.4479619223906852,0.7212640677562853,0.6988353872646867,0.3617288071991872,8.0,0.016977123016854993,20.98561402962705,19.440573410370547,162450.308475,0.4452118060656122,364883.2,0.9263762014742457,0.7300272514860199,0.87247121462275
26,059,Hillsdale,MI,0.8203667425004475,0.5306531807344894,0.6301589307555613,0.5151259339337424,3.75,0.009671850768473128,8.04396396171942,6.754736411858637,68961.673575,0.17993556703115604,383257.60000000003,0.839727333936836,0.8000914902837533,0.9634707087497024
26,063,Huron,MI,1.5476021420459127,0.7631561517022489,0.7341271218299503,0.34351954837284565,8.25,0.01507443406303768,11.692230764356843,13.290966689058084,230858.353475,0.4312104639514745,535372.8,1.136734893188638,0.6839868531545371,0.8953054244196391
26,065,Ingham,MI,0.9874190705810949,0.5883778763013323,0.6343657953409925,0.4799755299008013,5.25,0.03735754544840014,9.94030069236676,8.934872751223168,71528.71425,0.1998669790511722,357881.60000000003,0.8988533674926283,0.7666163307969122,0.9354257308836861
26,067,Ionia,MI,0.9869075864288529,0.5744802957730595,0.49914170060772123,0.4855049427853721,7.25,0.032712857288391066,5.121437437722867,4.418646548550467,95394.88612499999,0.2600347334664651,366854.4,0.8627746804059604,0.7236045853917091,0.8670002969337169
26,069,Iosco,MI,1.2562974794993738,0.6194647402518942,0.703920081074597,0.5668029832214614,6.0,0.10862252390458241,18.919380365175666,27.891570512069926,5559.312025,0.015819098248187977,351430.4,1.474232769452064,0.7021391252458358,0.8336612731201336
26,071,Iron,MI,0.0,0.0,0.0,1.0,1.0,0.0,0.9130434782608695,1.2912384699928259,152.75,0.0002046296812304949,746470.3999999999,1.4142135623730951,0.5697761445620659,0.13208819364843907
26,073,Isabella,MI,1.3019641311080006,0.6672209782233933,0.6369045569143832,0.42686698007509005,7.75,0.05687279919703295,22.81570394992745,14.502166838692968,75271.4246,0.20480192407317116,367532.8,0.6356221517653012,0.6913343373358861,0.8569932499048568
26,075,Jackson,MI,0.8541292786815678,0.5380121708257016,0.5924833154149186,0.5245071122832172,4.25,0.0632517512651794,9.250261831546286,9.882351169421353,58654.40405,0.12970210349295924,452224.0,1.068332048258293,0.7844347629332659,0.9402766104918169
26,077,Kalamazoo,MI,0.952575441484498,0.5602630000230493,0.5768148614338723,0.5149682039699641,5.25,0.05714787853105326,6.75827321927871,1.2602752691266177,37648.611275,0.10469859950376872,359590.4,0.186478887170697,0.6845261571715267,0.7035257010391093
26,079,Kalkaska,MI,0.0,0.0,0.0,1.0,1.0,0.0,17.487533962848104,29.8259195756711,1044.0666666666666,0.0029078360248594817,359052.8,1.7055532037299048,0.7191625958289976,0.891586902697618
26,081,Kent,MI,1.2999736640332265,0.6528402815279836,0.6824744186138363,0.5133116748840132,6.75,0.02604670262153068,13.476673139191423,6.258027602430314,40598.244999999995,0.07409131108599928,547948.7999999999,0.4643599750320712,0.5906935781212329,0.721055127826864
26,085,Lake,MI,0.0,0.0,0.0,1.0,1.0,0.0,0.828092607705396,0.7109155417142791,458.2,0.0012616972719582686,363161.60000000003,0.8584976306988069,0.7025623555316854,0.9617084362217164
26,087,Lapeer,MI,1.008103892696003,0.5692166168506427,0.5180629193929691,0.5238662371460626,7.0,0.0531017274432196,15.595483946534083,20.26990673971317,46978.40565,0.11220385024170743,418688.0,1.29972925554631,0.7466430311053036,0.9178625421472217
26,089,Leelanau,MI,0.8134816018978499,0.479886762682018,0.6351463500231964,0.5832056068592599,3.0,0.5440989572859292,23.604478705866857,19.831913797744846,4037.275,0.01810268369587052,223020.80000000002,0.8401758854693815,0.6652208846495508,0.8918522510394918
26,091,Lenawee,MI,1.0006837146617196,0.5877439014618946,0.5569449332731916,0.4957585414940812,6.5,0.018067688539481312,10.572500268598274,9.346812546513307,146727.25735,0.30547813405646235,480320.0,0.8840683196078584,0.778991587932612,0.9187681586966994
26,093,Livingston,MI,0.9869206029201518,0.5947780516649284,0.6616592841345952,0.47421327591512874,4.5,0.02711548026347784,6.414795466091489,4.937725959146006,25611.055500000002,0.070403367731791,363776.0,0.769740202200795,0.7434712813294375,0.9174448605177503
26,099,Macomb,MI,0.9696572780409806,0.5675433480293499,0.627702056079452,0.5281221035587453,4.75,0.04413425137872362,10.606198713740216,6.482128567257795,16240.557499999999,0.05281798162881942,307481.6,0.6111641637319379,0.7029860373185907,0.8252773343789713
26,101,Manistee,MI,0.15826035973321956,0.11027712615104512,0.22832143615641926,0.9178994082840237,1.25,0.3165207194664391,13.376366946322019,15.508550874542864,1909.1,0.005487332370633358,347910.4,1.1593993299359295,0.6408933920360829,0.7241187980448356
26,103,Marquette,MI,0.0,0.0,0.0,1.0,1.0,0.0,86.65749501495797,84.83930536300974,1398.9166666666667,0.001200300536320621,1165472.0,0.9790186682452061,0.6303692373689846,0.5696589674085557
26,105,Mason,MI,1.2681138399959766,0.5888931001301947,0.6516816003100716,0.6113224780529983,7.0,0.06081385985004447,13.379754351099237,15.224670179303036,8331.25,0.02628910904335885,316908.8,1.1378886173685414,0.6867172657021174,0.8884839327716716
26,107,Mecosta,MI,1.1442322345442277,0.5389648498916129,0.6007422163131734,0.6529717774015146,6.75,0.038924153104579834,15.439684299796884,12.924403648868477,19435.1,0.05464799393546761,355641.60000000003,0.8370898910827149,0.6093038406628509,0.4779387299550383
26,109,Menominee,MI,0.5909162993589132,0.30524569453405187,0.46994640696355017,0.8130135237424307,3.5,0.26347534972590453,21.65601750096721,23.944718142896317,12508.325,0.01872916457039635,667852.8,1.105684281139267,0.6466624513734578,0.8304699139799809
26,111,Midland,MI,1.3279891929126229,0.6853059145348794,0.7617621194750528,0.3946078983596167,5.75,0.048187560293088794,22.51488725260333,19.06652276212391,38196.353675,0.11451064413589572,333561.60000000003,0.8468406947016491,0.7336060826271216,0.8879765472388114
26,113,Missaukee,MI,0.3037821091228402,0.16079123787779906,0.22597292711649458,0.893453230079045,3.75,0.2688257685026301,9.787395209800936,11.281213646558887,13208.3,0.036414589766210856,362720.0,1.1526267617416803,0.6307635060563006,0.6505717548210805
26,115,Monroe,MI,1.0245671137648154,0.5812322788944873,0.5380018033546227,0.5278917633264065,6.75,0.014804918441735981,9.360100512486664,6.202025631797292,92156.01065,0.2612842798777445,352704.0,0.6626024606812285,0.7551793827378541,0.8647450376179737
26,117,Montcalm,MI,1.6592645106083597,0.7432033187439332,0.6868888038669996,0.4351592643966147,11.25,0.016802711718876907,11.537129005848318,7.868989266314684,86553.56965,0.19100609086792414,453145.6,0.6820578379877519,0.6157865061723595,0.5385602534688793
26,119,Montmorency,MI,0.25716421360303626,0.14720906751153895,0.18550476782960526,0.883495145631068,1.75,0.5143284272060725,10.693406372203226,9.889287248724894,1843.3,0.005259310574658072,350483.2,0.9248023412288358,0.7068247278670685,0.8212698101290051
26,121,Muskegon,MI,1.0431006783723613,0.5408942100281464,0.6481148917355778,0.6364957352755889,5.0,0.0587272415071753,11.94712982785354,8.989924128668287,21013.878,0.06449203404894721,325836.8,0.7524756370947921,0.616845548352107,0.8592482729479606
26,123,Newaygo,MI,0.848156270656545,0.3998104516118938,0.4733650276294936,0.7621882773907925,6.0,0.05743147703105325,16.005504507330727,18.411204384490826,15117.325,0.028040908760402196,539116.8,1.1503045327973422,0.6384098098144804,0.8126040897007539
26,125,Oakland,MI,0.2591588522253214,0.1572225298592185,0.2358965532230754,0.8611554845580405,1.5,0.5183177044506428,14.828503442325502,13.981961020758982,4047.4875,0.007248282791887772,558406.4,0.942911135647701,0.6910252600565058,0.7518632640446258
26,127,Oceana,MI,1.0905197432245715,0.5406818727373535,0.626302641195461,0.6436182873962744,5.75,0.07691071296615401,18.445234572729163,26.930248220466105,8474.369999999999,0.024499876262813157,345894.4,1.4600111543326117,0.6418816778577344,0.8212040002220237
26,129,Ogemaw,MI,0.8074878664143109,0.36723014271642873,0.47200826418088015,0.7831837753216069,5.5,0.2364587974104175,14.716121437785404,16.378012484738,11664.3155,0.03229752431109339,361152.0,1.1129299628287581,0.6782471087935856,0.8079922356201049
26,131,Ontonagon,MI,0.0,0.0,0.0,1.0,1.0,0.0,0.559390081466795,0.6739666368527502,400.76666666666665,0.0004774560373507787,839379.2,1.2048240739012035,0.6646832210628274,0.7856337780125919
26,133,Osceola,MI,0.47911536773605673,0.22204908475480084,0.28559484350195763,0.8698247528270806,5.25,0.20500458678986774,7.863358999414544,7.09231076692421,7681.860000000001,0.021207297519346975,362227.2,0.9019441650129746,0.6752672920698504,0.771427537103012
26,137,Otsego,MI,0.0,0.0,0.0,1.0,1.0,0.0,25.076835929537634,16.35372028559192,667.9,0.0020282072336455866,329305.6,0.6521444863117326,0.6996752192583046,0.8802858413774746
26,139,Ottawa,MI,1.149040477585438,0.5805459342295269,0.5621409589673784,0.592361759042835,7.75,0.03739706241536896,7.701179714507822,5.604876127470155,49224.62425,0.13597361511645895,362016.0,0.7277944854229856,0.5764065015356894,0.6119505127934851
26,141,Presque Isle,MI,1.6988648924242464,0.7814311781446128,0.8730438521269851,0.367694032880269,7.0,0.05762376503304477,8.154343903962484,1.3033082779681024,11216.057499999999,0.02655035048366082,422444.80000000005,0.15982993767711695,0.6518801685807564,0.6486471958125507
26,145,Saginaw,MI,1.3509802049919761,0.6870582774171115,0.6942664879197226,0.4234038536118433,7.0,0.034920714001538004,16.606064838091903,15.750754219233754,163650.00725,0.3161004491465578,517715.19999999995,0.9484940816986218,0.7359910936207027,0.9058989787801021
26,147,St Clair,MI,0.9085924361334902,0.5260012764310577,0.5241336475502308,0.619302680708423,5.75,0.04998128121263749,14.506031980204964,19.13606545749908,55871.5322,0.12051751047461932,463596.8,1.319179875214138,0.729492553216769,0.9175313854963154
26,149,St Joseph,MI,1.4462955527539703,0.7244941503878923,0.7606012545411707,0.3587145018718904,6.75,0.0981504227633887,13.940421324313395,9.1997704502356,39800.261075,0.12345729359502797,322380.80000000005,0.659934892655672,0.6748593028101093,0.6794741050787074
26,151,Sanilac,MI,1.4573167254450061,0.721244393608336,0.691426153902654,0.40210464688591746,8.25,0.06076539963370788,10.42069495826236,6.7265517567149375,206429.429625,0.33466070117146973,616832.0,0.6454993437248242,0.6931959663712155,0.9037306366526421
26,155,Shiawassee,MI,1.028708877789638,0.6033624186079818,0.5395297589101312,0.5076063896269964,6.75,0.031137931814930905,12.39141760890978,11.603179663593334,94227.7351,0.27329243980054946,344787.2,0.9363883963728508,0.7502115701581534,0.9453434931034927
26,157,Tuscola,MI,1.5591790964508614,0.7585734031789155,0.7392872991954462,0.3239342515758449,8.25,0.05938800802273211,17.0669915368787,14.860439539701531,146330.499625,0.2814290531665036,519955.19999999995,0.8707123049537344,0.7259368760894457,0.9175969904235126
26,159,Van Buren,MI,1.381983874347709,0.677705199059845,0.622388179309485,0.44068601817764297,9.25,0.06756669364018598,21.051365414988826,10.970808423729556,63205.197499999995,0.161670630085044,390950.4,0.5211447432249791,0.6688571867223838,0.7316041323003112
26,161,Washtenaw,MI,0.9542493966479811,0.5774067486296492,0.7320360038333661,0.4935413371683391,3.75,0.02444340812846918,11.701684465345831,8.40462697547982,45741.539425,0.10067210658867298,454361.60000000003,0.7182407798099374,0.76102397545975,0.9011561588036239
26,163,Wayne,MI,0.2446074719578752,0.14972939688388187,0.2226513161020821,0.8639326453014666,1.5,0.4892149439157504,28.489925087610125,31.707114979021544,4137.37865,0.010526181129406497,393056.0,1.1129237750368999,0.6738547099441234,0.6347386563207961
26,165,Wexford,MI,0.06663730060024989,0.030352816353790363,0.06065588496287154,0.9839268830759533,1.5,0.13327460120049978,6.247128947358464,7.897410446158707,2384.275,0.006587967404374968,361913.6,1.2641663895057023,0.7040212595753879,0.8949542032393961
26,999,All Other Counties,MI,0.0,0.0,0.0,1.0,1.0,0.0,11.333741638098145,11.278734336984106,7120.1125,,,0.9951465894608774,0.5570411758192774,0.2351523484253583
27,001,Aitkin,MN,1.3275693340352508,0.6790376520372853,0.7533352978314669,0.4628764480088777,6.0,0.10137163756213001,36.55710479224528,22.10466439379645,4948.005,0.0042495783062166765,1164352.0,0.6046612421694135,0.7444979123203076,0.969989182317737
27,003,Anoka,MN,0.7867861638992026,0.515113334361803,0.8076589503271921,0.5637703664070479,2.75,0.0795159164802633,19.9926020062833,18.38414020480291,7285.8825,0.02687422725207148,271110.4,0.9195471504422046,0.7049422346617603,0.8253078598268062
27,005,Becker,MN,1.413058075361897,0.6782361776267019,0.5956129375767694,0.4429450816323533,10.75,0.04503992460812304,23.743154378825515,14.880079659615498,171409.65164999999,0.20438300751142763,838668.8,0.6267103107784939,0.7127675071102109,0.908715728755701
27,007,Beltrami,MN,1.7198948723017458,0.7258217741377171,0.7103932464969667,0.46961150105857596,11.25,0.17477345199585276,17.755581875465676,5.823573179630374,48839.455625,0.030460449138840322,1603372.8,0.3279854876328934,0.6848934561445655,0.8149562243270354
27,009,Benton,MN,1.0268777811944183,0.5276322597125309,0.47335837584447155,0.6293310179020414,8.75,0.06576419451577614,16.571837407180315,15.247270960512882,71455.856625,0.2734637405127915,261299.19999999998,0.9200712380816916,0.7075199009471458,0.8754828690014929
27,011,Big Stone,MN,1.0345951357231649,0.5980874684874512,0.48606577427525033,0.5230476719892919,8.5,0.008322336760818345,6.118967359700285,5.672649633518243,216716.097625,0.6813943103713905,318048.0,0.9270599596393494,0.746394271603034,0.945508372277207
27,013,Blue Earth,MN,0.7634945983638455,0.5112988966554112,0.3817682792620017,0.508033457079059,7.5,0.006081556491441657,6.653074958729169,5.157265129330465,321386.912775,0.6674558073408176,481510.4,0.7751701523464536,0.7871831494595004,0.9377289566580769
27,015,Brown,MN,0.9818566006509427,0.5638070497913668,0.42216876145291055,0.4808238042463356,10.25,0.020291007126476496,5.309813500717761,3.6823477662181747,274570.098,0.7023144061241529,390950.4,0.6934985128423831,0.7754934868764687,0.9350378200710816
27,017,Carlton,MN,0.0,0.0,0.0,1.0,1.0,0.0,3.3911771192735016,0.9284961734382253,2345.725,0.004260220278846489,550611.2000000001,0.2737976050148448,0.6705009268373581,0.7885928121288638
27,019,Carver,MN,0.976099941269567,0.5600833912192406,0.47693551029467945,0.5307289722106128,7.75,0.052831817751412505,8.639827593061183,9.581825377848775,76059.8122,0.3328575413469079,228505.6,1.1090296970212843,0.7616906344780826,0.9327876709046542
27,021,Cass,MN,1.009004326874731,0.47931650833483463,0.5004560890354974,0.6944622094466847,7.5,0.11644560719977069,20.52743418632643,26.91338938017974,9826.1875,0.007609743243829302,1291264.0,1.311093687398451,0.6784439252051522,0.7769173361319202
27,023,Chippewa,MN,1.0747214425851501,0.6112261696882939,0.4903504838376149,0.45022968431939975,9.0,0.021183913176573994,8.344372532390999,5.928820147209272,282366.26375,0.7570303485061342,372992.0,0.7105171927781161,0.7572100522883578,0.9378051113366249
27,025,Chisago,MN,0.766262564788986,0.5098381025407895,0.5137368443838121,0.5343729203565175,4.5,0.02176073885430706,12.920673572868104,11.47632324418808,36283.347575,0.13574870240628667,267283.2,0.8882140067594472,0.7412014020266955,0.9306217283761146
27,027,Clay,MN,1.4738312391283623,0.7151510959103695,0.5849148227915878,0.3812718792934695,12.5,0.06934100956957627,17.658660317357054,8.389438467377595,415591.617025,0.6212562680356306,668953.6,0.47508918098002295,0.719714803591393,0.9210129343254826
27,029,Clearwater,MN,1.6773073476811236,0.703849891920156,0.6807257403699383,0.49603959917286666,11.75,0.19414387756695461,15.654460653735494,6.995646383552998,45722.985,0.07182210298730282,636614.4,0.44687878671078235,0.7134621913394685,0.8590033949450447
27,033,Cottonwood,MN,0.7313727520448464,0.5051625704488633,0.3529967606089806,0.5096183357110783,8.0,0.004293721580991978,3.1787085496153207,2.319456887571261,302075.421025,0.7375003443046962,409593.6,0.7296852955745049,0.7692112870698907,0.938651947374071
27,035,Crow Wing,MN,1.0046986512204426,0.45537710461851977,0.4992669038056573,0.7236820454502123,7.5,0.11476222399741838,19.757494497158195,23.567786569855265,8184.5375,0.012832354820785293,637804.8,1.192852999313507,0.6847637789775136,0.8605044211274782
27,037,Dakota,MN,1.0637948963309214,0.5830567944860059,0.48688494667602417,0.5018851191968818,9.0,0.06694302823675947,11.111587930000683,10.935929048536039,116064.820225,0.3183947498183969,364531.2,0.9841913790745989,0.7307812582314257,0.8591987588035754
27,039,Dodge,MN,0.8457653160465927,0.5281617724789742,0.4079687009649724,0.5070883018864394,8.0,0.02250398131340979,5.400637779596211,5.914261269561512,177461.38045,0.6309065004621729,281280.0,1.0951042285979238,0.7766474271145392,0.9416203304039158
27,041,Douglas,MN,1.2177831641308434,0.6362723365630305,0.5477613041594542,0.4598139418256296,9.25,0.11019104010348257,7.735036845161093,9.182623379220614,110819.232475,0.2729774415786787,405964.80000000005,1.1871466888958784,0.7360141466547114,0.9456622632523508
27,043,Faribault,MN,0.816659217287317,0.5245261608003738,0.42846372959623186,0.5107909991659682,6.75,0.022039682112470642,10.955951951309222,10.354525960618293,363990.5268,0.7969608874696972,456723.2,0.9451050905148357,0.7813428894495211,0.933546168051345
27,045,Fillmore,MN,0.7958316011029187,0.5027527119738403,0.3672937916218861,0.5831126716060763,8.75,0.007340359999667142,8.314251244774207,8.015765150226764,214327.655625,0.38883827217888245,551200.0,0.9640994617843608,0.7771129303393458,0.9470413275915192
27,047,Freeborn,MN,0.8460790353123582,0.5293963904097715,0.381682004338583,0.5044772669327916,9.25,0.0070029582953346345,10.230464956355267,7.222650296751268,325138.845155,0.7179207585137747,452889.6,0.7059943343302775,0.7746537703269106,0.941013636321269
27,049,Goodhue,MN,0.9426903266740465,0.5410521722716881,0.40112016958227226,0.5415995727914978,10.5,0.04966941624442556,5.9445779965372765,5.277744597262167,188172.27985,0.38774999309695096,485292.8,0.8878249390177838,0.7824057768384115,0.9490380528285542
27,051,Grant,MN,1.281780824829614,0.6724449831406362,0.570297910289139,0.44518414730599376,9.5,0.03967012241788054,10.440774873420764,10.767384755251005,245707.83055,0.7026198005790067,349702.39999999997,1.0312821496287308,0.7502172254255778,0.9504522472675978
27,053,Hennepin,MN,0.8781266951612525,0.5396540011883492,0.5374155758790818,0.48793655744256936,5.25,0.05115065311823558,7.5809439829556915,7.506946087633071,21179.359625,0.05945303692656121,356236.8,0.990238960281333,0.7428992562983442,0.9100647745840601
27,055,Houston,MN,0.804984151207421,0.47423329248354185,0.442721913964204,0.6584921084580653,6.25,0.03995780437879639,6.455096837470107,4.805495058870175,47985.392575,0.13426904227796332,357382.39999999997,0.7444497239724684,0.7667544561891293,0.9371022638730278
27,057,Hubbard,MN,1.457239803579688,0.711714165996064,0.6855971060749497,0.4188725824928584,8.5,0.20765728455266275,21.908031444116048,23.56621715154774,22664.11475,0.03838939281581315,590374.4,1.0756884849130084,0.6464035325910111,0.6740552272233833
27,059,Isanti,MN,0.724113282147437,0.5024283944677566,0.5042497525864158,0.5303732170240835,4.25,0.0029280001163943903,11.22396452270172,10.393888044941615,46686.47625,0.16614120559506457,281004.8,0.9260442710700677,0.738116296186239,0.930681082325618
27,061,Itasca,MN,0.0,0.0,0.0,1.0,1.0,0.0,4.513661438381149,2.801344835318231,2350.1033333333335,0.0013778438227782241,1705638.4,0.620636898349857,0.6820893323528932,0.807772655659576
27,063,Jackson,MN,0.7134686437091906,0.5025480688021156,0.409426020936869,0.5109933063254222,5.75,0.0022218876352393907,6.716459891628225,4.997266044395658,355166.39085,0.7908727296999031,449081.60000000003,0.7440327382323138,0.775453915392224,0.9287107525694166
27,065,Kanabec,MN,1.0255991996585818,0.556013921883962,0.5376317731681121,0.5763005501534091,6.75,0.05271477380710858,15.734112529303179,16.69494986838574,22262.2507,0.06626553391642696,335955.19999999995,1.0610671454963285,0.7225243142191408,0.9206382117645197
27,067,Kandiyohi,MN,1.1482927354618266,0.6023468501859947,0.4626894068647662,0.46800850723442966,12.0,0.02012181228615338,7.656721167245721,6.027189204672887,264876.30749000004,0.5198970309438046,509478.39999999997,0.7871762694528146,0.7598136513987336,0.9402744640770055
27,069,Kittson,MN,1.5499579253724425,0.6589744414648904,0.5877104514131462,0.5386304941526451,14.0,0.08208230889037396,30.404469248895474,21.20307517506674,317097.817925,0.4516218876543302,702131.2,0.6973670548725991,0.6963996345139318,0.8869297469034108
27,071,Koochiching,MN,1.605737883508602,0.7719277143609905,0.8147820608827352,0.3235957105558833,7.25,0.08881005508325329,32.26378536398194,11.132282308559477,4714.0875,0.0023742446778420296,1985510.4000000001,0.3450395600817235,0.7141447119076036,0.9587676156380494
27,073,Lac Qui Parle,MN,0.8426111182105623,0.5317424382389008,0.38348884629357843,0.5164328999740504,9.0,0.014919798866536875,4.924930207421426,5.999197081547907,341115.660425,0.6968415801561867,489516.8,1.21812834474439,0.7510201370055501,0.939597423876013
27,077,Lake of the Woods,MN,1.4052586660671254,0.645568846248245,0.6178555589990862,0.5362516366653987,9.75,0.04830213465926439,32.161757677584205,16.52583721346475,32627.5275,0.03931557933118686,829888.0,0.5138350142157426,0.7082048144845191,0.941631699888629
27,079,Le Sueur,MN,0.8293604003851185,0.5255390759094161,0.435022577916036,0.49553919951778574,6.75,0.023615752984695797,8.721671783115166,9.377911249512525,134261.68795,0.46774556838768117,287040.0,1.0752423942010538,0.7851765774327046,0.9471747588666519
27,081,Lincoln,MN,0.9274471063586309,0.5531583775556569,0.4766135305933223,0.49922722619641147,7.0,0.005918276544214597,6.685422891504425,7.214562007088491,200849.32140000002,0.5843752950254176,343699.19999999995,1.0791481891529218,0.7633082564061558,0.9507089322076085
27,083,Lyon,MN,0.7571868075543818,0.5104309165449985,0.42259400358051474,0.5097734497881055,6.0,0.005171197294256026,3.5888939013634125,3.384200732871897,325335.830375,0.7117874385103512,457068.8,0.9429648314725178,0.7754030752181995,0.9427711444176796
27,085,McLeod,MN,1.0495604294838186,0.5701141763411831,0.4262473268997785,0.4831997326011167,11.75,0.011191035220467096,11.93064991778173,17.846327336292248,186486.5699,0.5923548321212213,314822.4,1.4958386558383252,0.7719311649171204,0.9409227615521475
27,087,Mahnomen,MN,1.4359703119415863,0.6800747563847123,0.5829750491549879,0.444864995623811,11.75,0.05674686587430324,28.026427746995413,29.402619963137727,122271.08675,0.34352604208809834,355929.6,1.0491033758767152,0.7299369857488018,0.9548907684321886
27,089,Marshall,MN,1.641191515055983,0.7112978155401357,0.6398533796707111,0.4596034831762282,13.0,0.06694162315248584,38.58921120360402,17.04270496274691,522044.663675,0.4602620339187624,1134233.6,0.4416442946404464,0.7148682696736781,0.9150068829578533
27,091,Martin,MN,0.7563663648016823,0.5098652983736862,0.4580300533829126,0.5141677580935287,5.25,0.00471121048763938,7.918585740973997,8.493885839106923,368244.4721,0.8111511935831195,453977.60000000003,1.0726518745836253,0.7822140928328069,0.9341626127530551
27,093,Meeker,MN,1.0113421163423777,0.5595088803724184,0.40699400777436057,0.4905276670859384,12.0,0.05164733700942202,7.025629087484483,5.86913493624021,203990.64695,0.523770640975737,389465.6,0.8353892389075218,0.758655520681419,0.9317923159263855
27,095,Mille Lacs,MN,0.7903574327870719,0.48099720769623233,0.44401810144659937,0.6350231090226234,6.0,0.0367824846765961,9.309616787023797,7.045618828500327,23932.65455,0.06509438740817622,367660.80000000005,0.756810832248311,0.7386469987943675,0.9437733984036561
27,097,Morrison,MN,1.111690724136214,0.5073535127873925,0.48280114707538785,0.6796848961356637,10.0,0.035881223149797,15.354039108085086,13.070110304867557,106759.599525,0.14834315185221209,719680.0,0.8512489914126332,0.6893322687738799,0.8719127402777882
27,099,Mower,MN,0.9266088997724602,0.5462899545409642,0.4217178841572144,0.4962108275989007,9.0,0.019717502430464776,8.914871340619285,4.768369487706648,340581.59485,0.7479392016206957,455360.0,0.5348781048561275,0.7715073121203562,0.9386717385285531
27,101,Murray,MN,0.7347669001184279,0.5056470273321395,0.3715207374328814,0.515818745012653,7.25,0.003327035182252188,5.038902311614707,6.903971207309019,330235.099775,0.7324962642114015,450835.19999999995,1.3701339657637963,0.7673945534123393,0.9442752755042696
27,103,Nicollet,MN,0.8427298964141552,0.5270673997443498,0.38909084883595313,0.5093651714400733,8.75,0.02549297071965734,7.096638136936237,9.189708126048622,193075.6306,0.6670071697638682,289465.60000000003,1.2949382438169528,0.7793261341377645,0.934805596573651
27,105,Nobles,MN,0.7451208546217711,0.5083558057794478,0.4076174140962455,0.5061449540490497,6.25,0.006658207548322109,5.683522029751009,4.368717198883135,371503.118075,0.811408633042379,457849.6,0.7686637222508532,0.7680096741396661,0.9356154801490303
27,107,Norman,MN,1.4375285396592203,0.6969609213429422,0.5944441302458886,0.411862171996918,11.25,0.040786136860454486,18.254975858465865,11.713606242196146,385581.88055,0.6875411555335398,560812.8,0.6416664877025232,0.7139522333023118,0.9302182564798626
27,109,Olmsted,MN,0.9212082259782695,0.5393582491768869,0.431209977152505,0.55755203564332,8.5,0.013320120458253733,5.187509699617237,4.775540902979473,156662.0991,0.3748557140683144,417926.4,0.9205844768505855,0.7773214347060036,0.9517354074767636
27,111,East Otter Tail,MN,1.8510100078487377,0.7788657565629438,0.7795444589357291,0.39828127831035137,10.75,0.06628526465065461,10.891278588106864,7.508151934636611,113298.956325,0.08942199577605434,1267014.4,0.6893728659953126,0.7160351113012937,0.9026260620903224
27,112,West Otter Tail,MN,1.3808573611603783,0.6880178267447655,0.5758622475404866,0.4286907804781211,11.0,0.06361890820120421,10.949392451419516,10.072700216106101,213226.308975,,,0.9199323396980115,0.6873882036155982,0.8471699373642959
27,113,Pennington,MN,1.6466489216179263,0.7249045295357781,0.6287169490394716,0.42824174325510767,13.75,0.16534978997099653,34.182729367991726,16.07874440777714,191991.138,0.486563974965128,394585.6,0.47037626032381935,0.6982452797831848,0.9410967750755631
27,115,Pine,MN,0.9709268728865216,0.548511734990801,0.5089947144056522,0.5784004100511294,6.75,0.11420810101795907,8.792028813992165,8.083045104951095,21195.5875,0.023470706336283877,903065.6,0.9193606249432725,0.655889405353901,0.6605432336892895
27,117,Pipestone,MN,0.7855149747966046,0.5137714556596233,0.39082413391662274,0.5209755378464064,7.5,0.011216633822445228,4.503858600198338,5.856371818086646,195484.249875,0.655614287556478,298169.6,1.3003009947578608,0.7640173691699913,0.9478083069404463
27,119,East Polk,MN,1.5891948192146392,0.7143382804169547,0.6017855263821018,0.40843394081366957,14.0,0.146807470436294,22.259326026535348,13.090344440478212,194602.43170000002,0.1543193915514599,1261036.7999999998,0.5880835935855924,0.718430943069798,0.9769893805261545
27,120,West Polk,MN,1.5433823629015537,0.7223923028385771,0.6021289332224661,0.41880492611046927,13.0,0.062340464010483605,18.53978657162269,10.555310920095456,579934.220525,,,0.569332925129332,0.6809904878650238,0.7536856766028075
27,121,Pope,MN,1.2002585752809634,0.6096022008887868,0.47922903934325517,0.45342911580967443,12.25,0.05649021646515423,6.6399033155615665,6.644834893996173,190092.916525,0.44322109122021147,428889.6,1.0007427184102289,0.7383421812561571,0.9277811300829703
27,125,Red Lake,MN,1.4202597979807356,0.6604875845321166,0.5537184560190809,0.432992614229872,13.0,0.16466003784700495,22.26900580078597,15.133378574908544,135348.24430000002,0.4890540242784959,276755.2,0.679571360764315,0.6908366322851701,0.927119315247191
27,127,Redwood,MN,0.8808798089105353,0.535534366597315,0.3712118638274208,0.4938478169463865,10.75,0.017715766928591968,4.378364155477954,3.7295521983907975,447577.9504,0.7949490724426813,563027.2,0.8518140716378282,0.773337605512616,0.9278526544181591
27,129,Renville,MN,1.2849301363102692,0.6491924440948376,0.4980025988247698,0.4286001842016377,13.25,0.027219414918156406,8.733631588671681,9.077758958870021,503590.86185,0.8005338396213579,629068.7999999999,1.0394025516996508,0.7649081926789232,0.9270599853329798
27,131,Rice,MN,0.7983229312354632,0.5138527197296735,0.37358851666985643,0.5360286096110638,8.5,0.014134040689261246,5.903519973198913,6.528332849388981,121299.577,0.3809124124495046,318444.8,1.1058373443346723,0.77920174965916,0.9354234037149091
27,133,Rock,MN,0.7214083443874882,0.5037193472963096,0.4059734453981904,0.5138003828639979,6.0,0.006363272656091709,3.661586350818071,4.895177263204082,231828.514825,0.7505688949960889,308870.4,1.3369006747882384,0.7685924839306418,0.9370534208894263
27,135,Roseau,MN,1.6310494505220652,0.7208902294519988,0.6887835652201781,0.46180922844888284,10.75,0.06151549405204287,29.455778057999648,16.507275509977397,287683.3757,0.27037748616925616,1064006.4,0.5604087414521486,0.686143004226788,0.8978442108932154
27,137,St Louis,MN,0.0,0.0,0.0,1.0,1.0,0.0,5.538980829056847,4.766048166957842,1511.615,0.00037941168379607913,3984102.4,0.8604557975640048,0.7558369835534383,0.847330659212575
27,139,Scott,MN,0.8650853980291422,0.5300495478791187,0.41601813789403286,0.5202176441006809,8.0,0.04007134918404229,14.362215787518446,14.064804360781457,50480.5031,0.22113879694333854,228275.2,0.9792920931465564,0.763939547402475,0.9312997339290705
27,141,Sherburne,MN,1.2822149305242734,0.6465538590406819,0.6589281273581692,0.4909485513652946,7.0,0.0591850508024798,18.797000819588508,13.048319622725314,26356.42895,0.09438899893278707,279232.0,0.6941702959935797,0.6404255826043617,0.7320837690671927
27,143,Sibley,MN,1.0395859797821145,0.5757242965275022,0.4335410272396534,0.47869561409556355,11.0,0.03167523769852362,10.096245184508485,13.406271387322327,262066.795775,0.6956245109970909,376736.0,1.3278472483901929,0.7761054078490082,0.9396368576980181
27,145,Stearns,MN,1.305552152190949,0.6314242449011073,0.5347428454163621,0.5308569274775897,11.5,0.047117366042954724,9.935400014137981,6.8827454698876505,287541.49225,0.33415909145317657,860492.8,0.6927497091303388,0.7058624419992199,0.88971874341412
27,147,Steele,MN,0.8657129291859961,0.5307829832572684,0.41209068686073114,0.5126884314933523,8.25,0.013415984755492412,9.540233331323844,6.5260172249656,174851.956175,0.636028824405628,274912.0,0.6840521608143961,0.7718456847502253,0.9399499822582331
27,149,Stevens,MN,1.022366589334249,0.5870485340305348,0.42381536916426654,0.4694213827494602,11.25,0.020273091837937105,6.6115046725156645,7.2813919581299595,253410.1534,0.7044681434144042,359718.39999999997,1.1013214568839447,0.7437370375533813,0.9378177693123506
27,151,Swift,MN,0.9679209722986507,0.5565657812927063,0.40072234350539604,0.4864378579128639,11.25,0.007282901833312329,10.499433605433518,13.881549289988897,304765.47875,0.640453055756829,475859.19999999995,1.3221236317743001,0.756720651127898,0.9454185346362317
27,153,Todd,MN,1.3906673750399194,0.6410689982306594,0.6255624703443204,0.539170961048911,9.25,0.041815264185464406,12.020012620910585,8.944515887498948,91945.01865,0.1525064134950691,602892.8,0.7441353157931502,0.6961320338477452,0.8828814505369468
27,155,Traverse,MN,1.204864357772693,0.6463027877840496,0.5232659420225859,0.4751715557174041,10.0,0.04724819407771239,7.168225959141927,7.620593577275151,296645.52265,0.8073797299040655,367417.60000000003,1.0631073323736817,0.7538591106706164,0.9521917102351215
27,157,Wabasha,MN,0.9355080025169907,0.5129227807812583,0.43173504987016004,0.6241957957652189,8.75,0.027592778669373683,7.199927281168097,5.19779251379273,94705.797125,0.2818571227363526,336006.4,0.7219229182200092,0.7643625314960351,0.955491449761705
27,159,Wadena,MN,1.3672183887799911,0.6347852293762739,0.6479740094967871,0.5583092121987229,8.25,0.15958581136348948,15.416531407947728,11.123199532911382,25874.110175,0.07556408573219225,342412.8,0.7215111647732256,0.6575303069716475,0.7511275530180588
27,161,Waseca,MN,0.8603046857727739,0.5358582573040505,0.46091795896973453,0.49828281351891296,6.5,0.013647518554938481,8.18476228073472,5.3758871709114615,181469.11475,0.6699243751845836,270880.0,0.6568165313200623,0.7772402894680606,0.9435675115811906
27,163,Washington,MN,0.8009878166763746,0.5140068415619305,0.46344793276259144,0.5480770451533381,5.75,0.0062500877705631,11.95885490228167,9.345487333725094,30863.053175,0.12311340461051187,250688.0,0.7814700830546942,0.6333580067661889,0.529511346724643
27,165,Watonwan,MN,0.7481006619299898,0.5086243266900554,0.4091726604693189,0.5084070685751901,6.25,0.014085701222229971,3.8615699846397353,3.4921925223081343,216260.83645,0.777674983206658,278086.4,0.9043452627296972,0.7776850487760163,0.9329472872799273
27,167,Wilkin,MN,1.3983313321590252,0.7054616823360739,0.588984483439436,0.3823202862072963,10.75,0.034225772182199736,7.5110158243863125,4.446287954172851,375422.21640000003,0.7806411949549527,480915.19999999995,0.5919689237954887,0.7321822041825194,0.9401472996540577
27,169,Winona,MN,0.7503517758813912,0.4221725196747409,0.3608429286621034,0.7177172196465326,8.0,0.05339212089490422,4.734995934156469,4.666227144718382,77735.388025,0.1939350850855221,400832.0,0.985476483951757,0.7750327537613518,0.9496513723191276
27,171,Wright,MN,0.9529604702064186,0.5537970882910124,0.4457326223993025,0.48777893984905996,8.5,0.03000210815952073,9.285787812445646,6.913270809477897,109002.850525,0.257763078237325,422880.0,0.7445001920259379,0.7559442206461201,0.9360572769666328
27,173,Yellow Medicine,MN,0.8539140280461991,0.5318697422105565,0.3839760503631686,0.5027377630283687,9.25,0.02716989440321751,5.518486933154827,7.02534920464607,358762.28965,0.7395721114282086,485094.4,1.2730571422463792,0.7718572493378391,0.9390576112689968
28,001,Adams,MS,0.2323493347669348,0.14028740891150376,0.21149347878551486,0.8925628986534373,1.5,0.4646986695338696,5.375524643046765,6.360177882378401,13182.622500000001,0.04475263472004953,294566.4,1.1831734211478844,0.576731962063267,0.40659115630845727
28,003,Alcorn,MS,0.9935664784749185,0.564749065712511,0.6414572243517584,0.5550035830500168,4.75,0.037670614961919306,12.439970577119084,11.226137557403218,16841.515675,0.06580526705390857,255929.59999999998,0.902424767631808,0.6879787837924083,0.9172407748952696
28,005,Amite,MS,0.0,0.0,0.0,1.0,1.0,0.0,35.72333077524436,32.50147658823648,1642.2666666666667,0.0035170527229532165,466944.0,0.9098109242030542,0.75754325727047,0.9776051231747378
28,007,Attala,MS,0.1364246700072294,0.0763123953696073,0.12417908612020198,0.9545303794109843,1.5,0.2728493400144588,10.117615345819456,19.666940596021895,7760.0,0.016493681389686175,470483.2,1.943831616819488,0.6761735671602893,0.8004481837845913
28,009,Benton,MS,0.9483391075805803,0.5233553889796863,0.6773225265790411,0.6139694132266488,4.0,0.3134947422328544,12.784701813881771,7.348532048471566,18375.2362,0.07058016805354113,260345.6,0.5747910397481816,0.6737989598142979,0.9184077327825249
28,011,Bolivar,MS,1.2535643714746674,0.6488528230227357,0.6578576794524307,0.5065206839055381,6.75,0.0699466320245116,16.232144121970897,12.995943757454542,394162.7205,0.7028338553672914,560819.2,0.8006301360929873,0.6703247269207009,0.7926103001294366
28,013,Calhoun,MS,0.9833239551086366,0.5437926646797979,0.6576574368641118,0.6175046716509893,4.5,0.09671537394102746,5.006451238442792,4.630292512279906,37817.986175,0.10074437105472347,375385.6,0.9248651972729717,0.6606611938157348,0.9054611528765371
28,015,Carroll,MS,0.9328392262486468,0.5152168088765374,0.5978360564322267,0.6448754064712519,4.75,0.14853615005093498,17.61023363314739,17.79730510572941,24416.618125,0.060776075415086894,401747.2,1.0106228841978506,0.6913461553681951,0.8660853691530277
28,017,Chickasaw,MS,1.0149946064063717,0.5849764200921628,0.732163842595759,0.5412744207737711,4.0,0.03535035204108658,54.8937031616059,8.589608573898659,33321.012225,0.10380429380644887,320998.4,0.15647711994599878,0.6908918984502352,0.9373019254215113
28,019,Choctaw,MS,0.0,0.0,0.0,1.0,1.0,0.0,0.20998257144656993,0.3637004824494209,751.5036666666666,0.002801776375964368,268224.0,1.7320508075688772,0.6274197442008782,0.7768455462485332
28,021,Claiborne,MS,0.0,0.0,0.0,1.0,1.0,0.0,8.517508785276673,3.9626415832273305,8711.066666666668,0.02796195670782231,311532.8,0.46523481021553326,0.6687057300255773,0.8344113478960876
28,023,Clarke,MS,0.0,0.0,0.0,1.0,1.0,0.0,43.03792038148118,34.67919229663187,267.6033333333333,0.0006048724931406445,442412.8,0.8057822494498132,0.6147973660721491,0.43144820349477975
28,025,Clay,MS,0.9253074263142596,0.5102799262673826,0.5970285272532878,0.6503286188987492,4.75,0.14263908660684854,16.073622268095637,8.367754678779125,12816.533125,0.04901564765961548,261478.4,0.520589232421381,0.6849062781091587,0.888411282319521
28,027,Coahoma,MS,1.1392111064257038,0.6047717400475381,0.6358058243813891,0.5155462286679782,6.0,0.05511114863299561,23.476168815409437,23.02603008420035,234474.2189,0.6611314031061084,354656.0,0.9808257158675047,0.673829182679053,0.8373372208226919
28,029,Copiah,MS,0.0,0.0,0.0,1.0,1.0,0.0,14.853207697835629,13.887505052396223,2837.2233333333334,0.0057084232015623656,497024.0,0.9349835628044085,0.5581052317343086,0.2890490305730056
28,031,Covington,MS,0.0,0.0,0.0,1.0,1.0,0.0,24.73408223701165,38.50686497399415,2476.5166666666664,0.00935150025777971,264825.60000000003,1.5568341936040444,0.747386970663329,0.9136714682955218
28,033,De Soto,MS,1.2494262132079372,0.6221760791552483,0.6973180466830341,0.5636312201886569,6.0,0.042342672378862876,7.946126054069342,4.923737236726764,59919.286074999996,0.19592325051728016,305830.4,0.6196399608089828,0.6832315217401639,0.85552282708947
28,037,Franklin,MS,0.0,0.0,0.0,1.0,1.0,0.0,0.1799934547834624,0.31175780871480824,865.5666666666666,0.0023954089916164837,361344.0,1.7320508075688772,0.6539529048238225,0.7826132161416647
28,039,George,MS,0.48910768188866527,0.26579371790866624,0.3263250154951952,0.8080745150340082,2.75,0.5686620624725691,34.165755296210165,33.325538552080914,7870.15,0.025710571776537246,306105.60000000003,0.9754076344326434,0.6225353332853595,0.6030632350359747
28,041,Greene,MS,0.0,0.0,0.0,1.0,1.0,0.0,33.37694799450051,47.525762269648375,894.04,0.0019597338739092613,456204.80000000005,1.423909767827758,0.7845179760781429,0.983187556314429
28,043,Grenada,MS,1.2532421005442507,0.6512098198683354,0.736298120968912,0.48479329954269995,5.5,0.12758230645733445,4.890738302446006,5.209763439628554,14768.4394,0.054708946543303535,269945.60000000003,1.0652304657198677,0.6775782262034289,0.8098377152854346
28,049,Hinds,MS,1.0525374293353038,0.626952354511159,0.8094960414175512,0.42729414854989795,3.75,0.03811712937622263,2.9900857594192343,2.5303426230793034,20050.461725,0.03604414096655756,556275.2,0.8462441637696616,0.711114296532603,0.8657832150596607
28,051,Holmes,MS,0.7540715779176285,0.39070383087858845,0.44452322038012104,0.7578083916065538,5.5,0.18484261808024344,30.589163333745798,22.338807814843868,85457.94102500001,0.1766243820787864,483840.0,0.7302850218920443,0.6934784156053864,0.8386997838514951
28,053,Humphreys,MS,1.0844950421890258,0.5483922649285263,0.6052682074878385,0.5861707375498894,6.0,0.09668116094982669,36.22287550862595,27.44510734807533,131717.4279,0.49225879856908805,267577.6,0.7576733476484957,0.7175482852301609,0.8833442352523951
28,055,Issaquena,MS,1.2472973615010292,0.6525086160168281,0.6961299119230568,0.48664527036052824,6.0,0.04901869821821402,11.827575399136443,8.500746507819159,89478.385,0.33847377272672247,264358.4,0.7187226647009849,0.6775929317902799,0.7812494078011334
28,057,Itawamba,MS,0.9711573900833705,0.5591446094222468,0.7155951573057087,0.5902177511941356,4.0,0.0993216730431589,13.531301741874707,5.335110884163582,14572.9599,0.04277629547397194,340678.39999999997,0.3942792043172946,0.6475364334077123,0.914888615887408
28,059,Jackson,MS,0.0,0.0,0.0,1.0,1.0,0.0,31.266741719032428,35.392238907171766,1688.3666666666668,0.0036292102306598796,465216.0,1.131945222345573,0.7109093726414941,0.8995100139451707
28,063,Jefferson,MS,0.33026313366146653,0.18877400757914203,0.30061845936736914,0.8634271304811828,2.0,0.43008995448340964,1.2016813869607819,1.8411466498226141,8402.25,0.025276797060012707,332409.6,1.5321421050542592,0.5821729666702773,0.46026920374345565
28,065,Jefferson Davis,MS,0.0,0.0,0.0,1.0,1.0,0.0,8.136870193062313,14.093472588976706,618.0,0.0023643519992164737,261382.40000000002,1.7320508075688774,0.7044876141415374,0.8458371531800669
28,067,Jones,MS,0.0,0.0,0.0,1.0,1.0,0.0,16.89383422727778,28.51308117393163,897.3333333333334,0.0020208171187531825,444044.80000000005,1.6877803339571507,0.7237545937354019,0.9447745053215826
28,071,Lafayette,MS,0.9733516014970987,0.5927981733333068,0.7924489508141153,0.47081231430966963,3.5,0.032935749810795986,5.140545494363273,4.0425041801763575,11550.247025,0.02859606245593082,403910.4,0.7863959543999867,0.679623377963665,0.8950346281645924
28,073,Lamar,MS,0.0,0.0,0.0,1.0,1.0,0.0,68.05937769615547,71.60238654973762,296.96666666666664,0.0009334910911273396,318124.8,1.052057614593533,0.7288844764850912,0.8456633080634841
28,077,Lawrence,MS,0.2604329274437125,0.15741445445477395,0.2370562664645281,0.8677276880901614,1.5,0.520865854887425,24.654369847410702,29.539175487887977,3236.39,0.011742933318626199,275603.2,1.1981314335231446,0.6903231663838185,0.8840052194669601
28,079,Leake,MS,0.0,0.0,0.0,1.0,1.0,0.0,1.1068388415975818,1.9171011094376924,1346.515,0.003610594785570867,372934.4,1.7320508075688774,0.6817655411775642,0.840353448504807
28,081,Lee,MS,0.8789217892884333,0.4614347846832568,0.5696748032419898,0.7074620723313625,4.75,0.11683646727141751,25.83500577112542,13.798412260739543,47927.31265,0.16656604020468652,287737.6,0.5340975102920775,0.6567115722262317,0.9188451710121597
28,083,Leflore,MS,1.2679777394589469,0.653024902305511,0.7076718506224671,0.45696117975244394,6.0,0.03748297233909877,15.609355862305105,19.942871143449636,218868.1451,0.577739727195361,378835.19999999995,1.2776229409702613,0.6753042403226179,0.8302536504507891
28,085,Lincoln,MS,0.0,0.0,0.0,1.0,1.0,0.0,13.502332433095997,19.09518165055447,428.95000000000005,0.0011443109644704717,374854.4,1.414213562373095,0.7233672595423142,0.9382226452901259
28,087,Lowndes,MS,1.1661592490221104,0.6506680393838483,0.8412060827254982,0.45022535709047284,4.0,0.06470211392173009,9.559102975553904,7.053659208342956,30949.4825,0.09627427116514035,321472.0,0.7378996989970422,0.6956792422928828,0.9015939259744431
28,089,Madison,MS,0.900699569645121,0.5432801248200583,0.7811737574160438,0.5758212851946066,3.25,0.11777814851052755,2.884120916630129,4.941314566639485,31271.57125,0.06813714782686757,458950.4,1.7132827331015743,0.6952168079546035,0.8133546435726883
28,091,Marion,MS,0.0,0.0,0.0,1.0,1.0,0.0,13.679955562800751,14.410417285687592,181.46666666666667,0.0005228116433725461,347097.60000000003,1.053396498222052,0.7454658839288656,0.915288494266714
28,093,Marshall,MS,0.8317637657240334,0.4402897601942739,0.553590263673436,0.7207214549604419,4.5,0.12075507489628699,14.17427662205289,7.401453390719189,28458.25,0.06295359906134526,452051.2,0.522175034964657,0.6841175558730461,0.9028229842330103
28,095,Monroe,MS,1.1526724710154908,0.6418661154854391,0.74500927949591,0.48353438897391665,4.75,0.053125050424516033,31.157726175336546,12.455177631772422,62561.125725000005,0.12791886484069317,489068.8,0.39974603928676733,0.6835663874759962,0.8960156404853091
28,097,Montgomery,MS,0.7334953184894832,0.4052923896344516,0.6278150077800961,0.7453455622366274,3.25,0.1125216960087712,10.121250701420536,11.214453256664923,11750.546375,0.045127758906077176,260384.0,1.1080106191906653,0.7028797902848857,0.8912873264059711
28,099,Neshoba,MS,0.0,0.0,0.0,1.0,1.0,0.0,11.924182397265595,20.653289750782463,348.6666666666667,0.0009557748538011696,364800.0,1.7320508075688772,0.5300511209283353,0.16433338830207347
28,103,Noxubee,MS,1.1064361078939078,0.6554709363325635,0.7981249429595134,0.4013635046651507,4.0,0.01047797020019876,12.25925481843541,7.254810099015506,33581.4403,0.07552066159379094,444665.6,0.5917823070375987,0.7117561369643708,0.9365822873296202
28,105,Oktibbeha,MS,0.2527494264296325,0.15117037521389282,0.2300624424436854,0.8838045040728318,1.5,0.505498852859265,27.04689842445062,24.18803418913411,3412.9605,0.01165093788916563,292934.39999999997,0.894299738533714,0.7132427430028598,0.8361282017869246
28,107,Panola,MS,1.2149434417623313,0.6310280875036485,0.6507821901385461,0.48153978163914185,6.5,0.025008590163177868,19.15463760457746,12.296870152628907,80452.449125,0.18372837146713317,437888.0,0.6419787419883254,0.6859367784923659,0.840709964848974
28,109,Pearl River,MS,0.0,0.0,0.0,1.0,1.0,0.0,12.255882426122511,13.59536417763886,350.0333333333333,0.0006741117465560663,519251.2,1.109292966833734,0.80388516215207,0.8713696195880096
28,111,Perry,MS,0.0,0.0,0.0,1.0,1.0,0.0,10.71680203542421,15.15584678376451,1026.3,0.002477817222411076,414195.19999999995,1.4142135623730951,0.7345063025860186,0.9423519941116157
28,113,Pike,MS,0.0,0.0,0.0,1.0,1.0,0.0,7.573952328183167,12.18365881374907,1014.3666666666667,0.003876220784726129,261689.59999999998,1.608626287283706,0.6866215119801004,0.9397022780164087
28,115,Pontotoc,MS,0.8567681764710005,0.46597155971980153,0.5292829823005356,0.6946532209151095,5.25,0.05426897179446518,17.607810307642666,7.983660617768366,22092.595625,0.0694072195919624,318304.0,0.45341586933743033,0.6521983055595126,0.885360076760762
28,117,Prentiss,MS,0.8962240932694419,0.4731178895963674,0.5630247751987414,0.6974744789024946,5.0,0.07060720156816268,12.048486996498516,7.998830782660754,24945.228725,0.09393613352327501,265555.2,0.6638867423756479,0.6462992185879904,0.8343506529101954
28,119,Quitman,MS,1.1734148743443877,0.6021617273603858,0.6548953107248994,0.5522767120640523,6.0,0.09884734492152294,30.752977889689358,19.460300287289794,165224.8062,0.6376933101657446,259097.59999999998,0.6327940128950669,0.6829212624638776,0.841248341118827
28,121,Rankin,MS,0.24173439803006883,0.1442105961496589,0.22003613151199392,0.8922117039586919,1.5,0.48346879606013765,23.010776239644866,14.885978023519518,8002.0,0.016143062800185924,495692.8,0.6469133361034873,0.7232831352674169,0.9129702720965257
28,123,Scott,MS,0.18936326023586525,0.10858298680724357,0.1723658675486305,0.930028831226436,1.5,0.3787265204717305,2.1528312340036733,2.5014122261677025,4253.4,0.010911436100348067,389811.2,1.1619174725163033,0.7018450614938385,0.9132734635794901
28,125,Sharkey,MS,1.1486500090122493,0.6041305646099057,0.6410737762179223,0.5318189557633687,6.0,0.07015899825450307,29.252178180782245,30.53220341314533,129445.48604999999,0.47288717110454515,273734.39999999997,1.0437582878256915,0.6796840692410825,0.791872218539039
28,127,Simpson,MS,0.0,0.0,0.0,1.0,1.0,0.0,1.8525012325586554,3.014519397968689,1358.3266666666666,0.003605023383667668,376787.2,1.6272698473755218,0.7079326345198959,0.8131972346819545
28,133,Sunflower,MS,1.3628314145140468,0.6759635478399125,0.7606106946381572,0.477737459567548,6.0,0.08062099607404587,21.09121146541617,18.547398161273914,292683.9922,0.659160174998919,444025.6,0.879389891457235,0.6753901537755813,0.8050789763081051
28,135,Tallahatchie,MS,1.2774206422737318,0.6495129381933223,0.7129420350288891,0.4858109408443723,6.0,0.09001109655006195,27.09872494857077,24.512789629892985,193881.150725,0.4704610790281596,412108.8,0.9045735427188736,0.6696679571208278,0.8133238052489411
28,137,Tate,MS,1.200230796013327,0.6415063982682575,0.629373477969301,0.49351408067525604,6.75,0.08047539990547481,5.122477451155364,4.4453848923819725,26915.494375,0.10397413953950133,258867.2,0.8678193188296662,0.6575257549668365,0.8063802282880137
28,139,Tippah,MS,0.8860436669717686,0.5175897965428876,0.8065117021819896,0.6415925565454025,3.0,0.06910622008539219,6.085988578312829,3.296625248208174,11165.87875,0.03810068691855386,293062.4,0.54167457033284,0.6575123416433861,0.8529055077345775
28,141,Tishomingo,MS,0.9124965359470891,0.538564586829743,0.6974185025370545,0.5779706608298822,3.75,0.06286952372600225,13.799622650581089,11.274340267518726,5087.34,0.018742263392436103,271436.8,0.8170035190812971,0.6690982795032112,0.8817945204930288
28,143,Tunica,MS,1.1255600049051144,0.6078749967461854,0.6281869995586183,0.5158197067988226,6.0,0.037049624769473086,19.981192243870318,9.496161042684816,186170.19079999998,0.6395877907807656,291078.4,0.4752549761187538,0.6947081815266605,0.8651594055832889
28,145,Union,MS,0.6937538763617607,0.3579715316131772,0.44836301085463165,0.7879332461332379,4.75,0.04488795416395564,10.316177761669344,7.521430543060277,23709.29675,0.08917453282592736,265875.2,0.729090823832719,0.6637064057513914,0.9135416771020284
28,147,Walthall,MS,0.0,0.0,0.0,1.0,1.0,0.0,38.55284601468632,25.452998381036775,2673.9666666666667,0.010346374415993927,258444.8,0.6602106202831488,0.6969344704052552,0.946592081862901
28,149,Warren,MS,1.1961315762406732,0.6566743502771728,0.7431983346481841,0.4594957399604315,5.0,0.035621573650621664,9.365262593179246,12.026675130823682,35279.81375,0.09397164893945721,375430.4,1.2841791686207231,0.6687473234269014,0.7710371427050906
28,151,Washington,MS,1.329685617057621,0.6694533444578877,0.7421116728522107,0.46812486218856914,6.0,0.04260370366086329,20.710459794622853,22.99319756746411,273379.844325,0.5900026336797642,463353.6,1.1102214917234206,0.6605199095008358,0.7657104972985738
28,153,Wayne,MS,0.0,0.0,0.0,1.0,1.0,0.0,13.566348918141927,23.49760559942889,430.7,0.0008304975194984697,518604.80000000005,1.7320508075688774,0.5637893799306014,0.29115263928227925
28,155,Webster,MS,0.39544286627059844,0.19768306020450088,0.35994760876924936,0.8901791543707207,3.0,0.13182492861037517,2.888820809294048,4.294652487714702,14044.0126,0.05193914574901182,270393.6,1.486645510824952,0.6578360244911083,0.8234979275120929
28,157,Wilkinson,MS,0.0,0.0,0.0,1.0,1.0,0.0,6.758481992548389,9.29389020119828,5211.7,0.012033812989507906,433088.0,1.375144627365335,0.724840397904201,0.7677055039700268
28,159,Winston,MS,0.0,0.0,0.0,1.0,1.0,0.0,14.223063919117642,24.42259717621102,1451.5666666666666,0.0037367133740821893,388460.80000000005,1.7171122421367933,0.6433274844362402,0.8039290119660155
28,161,Yalobusha,MS,0.8255686795962087,0.46248259125264396,0.5876849622472893,0.6904331124874763,4.25,0.10091461431070824,2.6200548323391892,2.8999755253969086,12451.921,0.04165123857359993,298956.8,1.1068377232425344,0.6805074268651228,0.8289668403715809
28,163,Yazoo,MS,0.8901450090717241,0.4750564055179139,0.5503910236365194,0.6779897449221999,5.25,0.18648163061994086,55.97526627152418,47.198465922466816,150244.531125,0.2553150475081704,588467.2,0.843202168856456,0.7227936782519307,0.8886605425643705
28,999,All Other Counties,MS,0.0,0.0,0.0,1.0,1.0,0.0,4.487258416703526,4.000248396748858,10405.925,,,0.8914682474845208,0.5410437950864417,0.26412683313857627
29,001,Adair,MO,0.6854947640262343,0.4138642384793171,0.5739593465330637,0.7234127166738764,3.5,0.04869985750796407,5.646063246896142,4.955221623196933,32741.68425,0.09022730448082011,362880.0,0.8776418907317429,0.7381659944797894,0.9483000743760311
29,003,Andrew,MO,0.7384849727321869,0.49970110889152547,0.47728401697613726,0.5635694993307486,4.75,0.007119389665756781,4.510131244959149,2.287614386166053,75774.067375,0.27206438777847675,278515.2,0.5072168107575267,0.7481532533698249,0.9484156781498979
29,005,Atchison,MO,0.7486909026758608,0.5099590258545856,0.5030501733533262,0.511090382721917,4.5,0.017296319125606103,4.325668091057311,2.2844671882853,232662.416725,0.6673796191305853,348620.80000000005,0.5281189264169628,0.7399442400842755,0.9349300547379713
29,007,Audrain,MO,1.03042272188208,0.5695740166116301,0.633952240162804,0.579890900784148,5.25,0.0582032390175659,8.939610452714437,13.124249134698882,197237.70755,0.4446456760162675,443584.0,1.4681007862835695,0.736330465685556,0.9430618458842135
29,009,Barry,MO,0.0,0.0,0.0,1.0,1.0,0.0,5.442115544379873,7.205744520525613,967.1170333333333,0.0019396713534045303,498598.39999999997,1.324070476226301,0.753283439716264,0.9565101079737034
29,011,Barton,MO,1.1963591312691917,0.6458730124604358,0.833513236347212,0.5167579563554853,4.25,0.018757113822450353,10.881723713581719,10.5262443792934,109157.448025,0.28701474554322676,380320.0,0.967332442575744,0.743867202595977,0.9636761688342625
29,013,Bates,MO,0.946468646398495,0.5294868919659705,0.6591051023715808,0.6366461920551088,4.25,0.01382225591455445,6.28635249887304,7.699170154507047,141649.436475,0.2608545316772396,543020.8,1.22474362611503,0.7159326915781792,0.9294600546123863
29,015,Benton,MO,0.9846493809348447,0.5330403329169252,0.7102743894445441,0.6363278706430049,4.0,0.022777669351278486,8.951153328916892,9.675622743657154,17611.109,0.039003497912857364,451526.4,1.0809358736376293,0.7551062475453668,0.9717768310424011
29,017,Bollinger,MO,1.1544192111213372,0.6115375092989281,0.7172809849964348,0.5352071312528468,5.0,0.04212318696313263,1.5367135123994162,1.230392021939328,15352.594650000001,0.03864489019657989,397273.6,0.8006645428777421,0.7142449739087288,0.9412648840218072
29,019,Boone,MO,0.9784562584849577,0.5547392812162133,0.7058069959215092,0.5928729341033381,4.0,0.052527918797568365,6.192816182202449,6.735796584577675,49545.613574999996,0.11294373052089565,438675.19999999995,1.0876790762715836,0.718400830728365,0.920602506401489
29,021,Buchanan,MO,0.8103330615981139,0.5162878584225398,0.503488239799554,0.5597445167352584,5.0,0.026352658149317833,5.6084302730201365,3.0027820652494563,75636.97575,0.2884406184789373,262227.2,0.53540508111416,0.7255730326271185,0.933212589181389
29,023,Butler,MO,1.1261034972520463,0.6053546034144002,0.6452633978092126,0.5217143669828742,5.75,0.047938472584503955,1.5034278247218038,0.8702885652829987,106641.89225,0.23887942862147693,446425.6,0.5788695346542745,0.6729429624131237,0.8541978000950722
29,025,Caldwell,MO,0.7203042528777907,0.44656719080886836,0.5195896867790093,0.6866113030218626,4.0,0.1431814308005692,7.0397024455596275,7.715505529689148,42665.700225,0.15527357479285067,274777.6,1.0959988137788113,0.7565655723791144,0.9527920541087801
29,027,Callaway,MO,0.9696086156660252,0.5388167765237514,0.6994247707122937,0.6208590254904975,4.0,0.05035183904779126,6.2893139975993915,6.959725274820708,71594.199075,0.13335789430008999,536857.6,1.1065952944116337,0.7170600290806706,0.9220884701048903
29,031,Cape Girardeau,MO,0.9833808593171562,0.5582533416945958,0.6576027074254189,0.5873016294861713,4.5,0.07435633685048237,2.891888609098679,2.3997127336873945,39577.70255,0.10687525532192976,370316.8,0.8298081489505635,0.7212236508088105,0.945833036045011
29,033,Carroll,MO,0.8058484247110205,0.49612539343549406,0.5224384958431547,0.6249435495366601,4.75,0.0513440277726102,3.505626655281681,2.718341452822806,167277.53945,0.3762251776120235,444620.80000000005,0.7754224052145634,0.710857617872718,0.9288795313487446
29,037,Cass,MO,0.938632192425411,0.5253460597734203,0.6074866034637497,0.6338205197311979,4.75,0.04734502229738328,8.698056500553953,6.9969249719416755,63981.14725,0.14302142030375972,447353.6,0.8044239505107909,0.7243118794775973,0.9118933431355283
29,039,Cedar,MO,0.9991706785703454,0.5427336375427733,0.720749291487549,0.6283525214612229,4.0,0.11619770724955573,9.914136649621874,12.83262261717011,2994.7776249999997,0.009831992181754668,304595.2,1.294376209516897,0.7274947668984407,0.9443097410679127
29,041,Chariton,MO,0.8409760152978659,0.5073001732462827,0.5225277774313026,0.6226767922546971,5.0,0.04121510289199073,4.402463386568427,3.202800205239526,144436.9883625,0.29857355671796243,483756.8,0.7275018379507755,0.7023252338421552,0.9037327145892848
29,043,Christian,MO,0.0,0.0,0.0,1.0,1.0,0.0,10.546494992846924,18.267065169381635,225.6,0.0006259322395056468,360422.39999999997,1.7320508075688772,0.7901454573081012,0.9915434437674814
29,045,Clark,MO,0.7974377899707454,0.5177647920085027,0.515487542244306,0.5507846667669525,4.75,0.009320352609629176,8.081671471070106,7.894344228524005,112975.0755,0.3479599366634799,324678.4,0.9768207303134414,0.7088549090534223,0.9109921619743427
29,047,Clay,MO,0.7114273667268426,0.4353497022959393,0.6109173781413684,0.7005244357208575,3.25,0.043697900516833206,2.647886585547367,0.8165620954248598,24097.26385,0.09499678255487574,253664.0,0.3083825794812361,0.7199985394453964,0.9159981695992603
29,049,Clinton,MO,0.751480808210448,0.5004723379904558,0.5420788176642218,0.5787213180580908,4.0,0.0656742771493764,3.507909191160466,3.924384838759873,49485.490975,0.18464294500056713,268006.4,1.1187247516694214,0.7716566581586168,0.9664068487448468
29,051,Cole,MO,0.9413918326962722,0.5468786206783446,0.6790706642821424,0.5763577474822131,4.0,0.041320547171812334,4.676973566730043,3.8793010645569797,10525.814849999999,0.04201559805621551,250521.6,0.829446865415841,0.696368491047482,0.9327455898125978
29,053,Cooper,MO,0.9899957019487539,0.5899173876359494,0.6405206504014685,0.5180750309967427,4.75,0.04583781849613302,12.451435534392406,17.8420007307148,92749.47320000001,0.25648381833707945,361619.19999999995,1.4329272059782172,0.7386847815364654,0.9522562393469828
29,055,Crawford,MO,0.0,0.0,0.0,1.0,1.0,0.0,0.8435207823960881,1.4610208523502755,265.3333333333333,0.0005583463520623462,475212.8,1.7320508075688772,0.7150803882906113,0.8858060413725513
29,057,Dade,MO,1.1615748731911788,0.631958943466476,0.7508658525258528,0.5168630040723866,4.75,0.02817488155941369,2.673747785826092,3.9774883919982975,29061.82,0.09260736172859649,313817.6,1.487607923635698,0.707262809612562,0.9459617770664054
29,061,Daviess,MO,0.7223690588070681,0.443768044007701,0.501369599932748,0.6885326545095025,4.25,0.05211135326113806,6.283579521142104,5.186361240357054,78684.408625,0.21684460990275056,362860.80000000005,0.8253832426098398,0.7336479477266358,0.9286579043831154
29,063,De Kalb,MO,0.7978609170985204,0.49829932149663775,0.5367484761522221,0.6127402668402187,4.5,0.05666598709142225,10.61942490311918,6.19643170684824,49024.449075,0.18057685450185645,271488.0,0.5834997434774645,0.7591900048524297,0.9652753279270178
29,069,Dunklin,MO,1.2267406120199653,0.6155176315745581,0.6243543161815738,0.5507205209253189,7.25,0.03487124738521905,2.4421433553603755,1.2699216401709879,242026.39625,0.6930945422466643,349196.8,0.5200029053919284,0.6280284149130839,0.69440274141558
29,071,Franklin,MO,0.8768934352737502,0.5317838651660058,0.610148958046912,0.5826683093212702,4.25,0.05429477414491993,2.043319380737128,1.2039479535951267,27179.911075,0.04602096970631821,590598.3999999999,0.5892118309771046,0.6797255196414499,0.882859925425528
29,073,Gasconade,MO,0.8090209071872841,0.5171297398638914,0.5835852253872926,0.5594736616713296,4.0,0.039893656592252504,4.295360127055754,4.607886163178033,9342.038175,0.028034906271606777,333228.8,1.0727589833862194,0.6869820621525667,0.906709354167919
29,075,Gentry,MO,0.7361058285931006,0.47908943786462727,0.5309881142403639,0.6247454792890103,4.0,0.06668375911283864,12.69864449813025,3.796635768499983,64883.440575,0.20625890278816222,314572.8,0.2989796091274939,0.7562291764056053,0.9483000985052913
29,079,Grundy,MO,0.7696135808598678,0.43158479466867206,0.47818780389975446,0.7129573298283015,5.0,0.06431689340301516,8.71111973668808,5.804938610767308,71938.407275,0.25791327008211534,278924.8,0.6663825990496962,0.7468447357237535,0.925216447021755
29,081,Harrison,MO,0.7272628111494471,0.49084057504064654,0.5416544523512762,0.5869940599028378,4.0,0.05429251103302043,11.521089368617826,8.832968571397963,87241.930125,0.1879876929934115,464083.2,0.7666782444599374,0.7470866707973097,0.9416319660135782
29,083,Henry,MO,1.098857925183076,0.5928633657939936,0.764513332251872,0.5803617242562435,4.25,0.05515530145783127,8.629998631020033,4.244103605601488,54822.24965,0.12193908022737301,449587.2,0.49178496857998355,0.730225117981354,0.9498455957479319
29,085,Hickory,MO,0.28441433104196684,0.16036870158107364,0.20516157247599878,0.862027869453612,1.75,0.5688286620839337,4.293506235491728,1.0822245412096039,2683.991925,0.010520375743954292,255123.2,0.25206078245875857,0.7161530692005846,0.9308436996304209
29,087,Holt,MO,0.7235133921559581,0.5036322444658601,0.449544146168225,0.522162331538886,5.0,0.006092169804885263,5.829066425980546,6.231211572499668,166309.4876,0.5626227604629008,295596.8,1.0689896318090892,0.7230938424272307,0.9317393573982206
29,089,Howard,MO,0.8914772094767356,0.5460097522527149,0.539213485568243,0.5479698161349695,5.25,0.0456235937197294,3.0910860718396114,2.945457717390843,46382.1808525,0.155606470524394,298073.6,0.952887641733606,0.7069505521088426,0.9137583478685276
29,095,Jackson,MO,0.9061984865104821,0.5351206344625374,0.5857271571421183,0.6032169665539996,4.75,0.029511356716380523,5.570153405404161,2.8577151074064946,36042.78485,0.09311032889379835,387097.60000000003,0.5130406470733715,0.685267106397256,0.7603477945032968
29,097,Jasper,MO,1.174441082531016,0.6159480892747096,0.7297212731585285,0.5472503514962526,5.0,0.08913537381350717,8.66882004221436,8.822778702615512,40193.78565,0.098170775292897,409427.2,1.0177600480401512,0.7259706318194544,0.9480561491100494
29,099,Jefferson,MO,0.5903720194423867,0.36521783867064433,0.425863392364567,0.7280214372433361,3.25,0.393745367425778,0.6705922621441559,0.41034681947407275,5307.667975,0.012626722306543088,420352.0,0.6119170211747258,0.6920951862184714,0.8173479089816081
29,101,Johnson,MO,0.9125642359292006,0.5235523701813388,0.5961211781824224,0.6163392582112065,4.75,0.041957791183917265,8.378638988319265,3.8635675795040987,61629.2674,0.1159574807481576,531481.6000000001,0.4611211420960293,0.7541111807583019,0.9605613436231919
29,103,Knox,MO,0.7734464251758397,0.4821122561910366,0.5579236609972404,0.640723345910139,4.0,0.02595705325442219,13.725834203924357,15.864792533974853,101729.24165,0.31431440959863366,323654.39999999997,1.1558344868714023,0.7489209938261169,0.9469097971836208
29,105,Laclede,MO,0.18217836908550775,0.12197920553777142,0.1658258977845311,0.9013222331047992,1.5,0.3643567381710155,60.177250473440886,27.050200513546393,1689.3875,0.0034467166791799964,490144.0,0.44950874791936446,0.791895871628461,0.9902985926788703
29,107,Lafayette,MO,0.8175246636439952,0.5261165143832455,0.5151289595019607,0.5163070154647624,5.0,0.019123834683481482,4.24823406236405,3.0866180846239764,158865.87225000001,0.3944445907273443,402758.39999999997,0.7265649771910968,0.7415849097505673,0.9296008305428224
29,109,Lawrence,MO,1.2182725385503437,0.6562768829745425,0.7242679557837821,0.4539988958489821,5.5,0.09033305759842084,9.130793584943829,5.206727680628965,10098.404425,0.02573686454306534,392371.2,0.5702382418560604,0.7268425127455078,0.9583844991518536
29,111,Lewis,MO,0.8436275155996207,0.5357468547424764,0.6285000093962806,0.5311087650735309,4.0,0.01560348236302931,12.405276461118719,10.75996532196719,107211.078975,0.3317108787913853,323206.4,0.8673700546450254,0.7553714722835678,0.947719604518421
29,113,Lincoln,MO,0.9182616181028964,0.5578113690568849,0.662385741337862,0.5347019588491683,4.0,0.028778014199952424,3.816571211445518,3.170232164251934,75141.268285,0.18621743674810465,403513.6,0.8306492892742896,0.700482299493271,0.8895087421261333
29,115,Linn,MO,0.7381571302325581,0.4162895582234214,0.45503054908657137,0.7289119341502163,5.25,0.0326308878399526,7.505272757853348,4.888015614787361,62656.637925,0.15781574394746917,397024.0,0.6512775447997745,0.7385700806506507,0.9363739733497116
29,117,Livingston,MO,0.7590458364206363,0.3951268016592082,0.5475358320057336,0.7570491948081569,4.0,0.09925065267172328,6.5832858475960325,5.5463233130840806,105206.378,0.3075375395214398,342092.8,0.842485567463152,0.7189331812733337,0.923139501229163
29,121,Macon,MO,0.7472911548747714,0.42280629988181717,0.5000758694485388,0.7240367853589134,4.5,0.05016418402907212,5.969879086614681,5.117146022290657,60241.812399999995,0.11710791877651566,514412.8,0.857160747822184,0.7573365315532843,0.9527235791857566
29,125,Maries,MO,0.4795196674738902,0.2913154101826917,0.43647761127379203,0.7569797133624924,2.0,0.5541472369630306,4.599630245364239,4.053193601584502,1825.5575,0.005405100323555606,337747.2,0.8811998759399267,0.7067601887148482,0.9204059314521585
29,127,Marion,MO,0.9536822383142304,0.5700263995579388,0.5925560911336365,0.5052158757819254,5.0,0.024568014041417546,8.57586448220099,9.248953456569069,97835.307775,0.3489571721378718,280364.8,1.0784864284836893,0.7481801186585083,0.9441044745917867
29,129,Mercer,MO,0.6883995564302318,0.46328191090000614,0.6438504019857626,0.6366389861655023,3.25,0.05141010112390742,10.610917279443642,12.183644426954029,29357.838325,0.10099877225508058,290675.2,1.1482178313233302,0.7560968198703586,0.9423261567279442
29,131,Miller,MO,0.9548938350546496,0.5544612025866267,0.6888103002043934,0.5554839106276002,4.0,0.09939504921593073,3.1974185825403345,4.3778138492739895,2362.459175,0.006232638471173977,379046.4,1.3691713287647926,0.7205420599110051,0.9548385340058777
29,133,Mississippi,MO,1.0951955383995227,0.5879285962438371,0.627946835887474,0.5775279772542616,5.75,0.028312553369547445,3.190948434946792,3.1725919381281984,187792.71202500002,0.7101997108603506,264422.4,0.9942473226400164,0.6705151553479527,0.8712662276276508
29,135,Moniteau,MO,1.0098831262022174,0.5863436187851211,0.6519934908991066,0.519584924610448,4.75,0.06049743434618576,11.304026479030062,17.835090444564724,25158.582625000003,0.09437790586661506,266572.8,1.577764390206476,0.738486893650612,0.9392968022571888
29,137,Monroe,MO,0.9744505894966178,0.5553152969917252,0.7029175165290487,0.579180021387707,4.0,0.044468460530512455,11.109536166663629,15.883010078492337,124050.65965,0.300054422277973,413427.2,1.4296735561429166,0.745087019540386,0.9435596938749498
29,139,Montgomery,MO,1.003390676062755,0.5870458309065,0.6752870671805707,0.5058596764706023,4.5,0.04787047777795965,5.050154136475384,4.778786644557532,90467.76065,0.2630072489406188,343974.4,0.9462655030748734,0.712647098768437,0.8997127269672651
29,141,Morgan,MO,0.8582214370734975,0.5290713027398752,0.6190759056252673,0.5616048819025699,4.0,0.03423027413769439,18.6526151244444,30.247119842265665,11525.284725000001,0.030143883401370086,382342.39999999997,1.6216020992480875,0.7562618636378308,0.9771393683210022
29,143,New Madrid,MO,1.503524852499755,0.7372280698873768,0.8391331974640099,0.39509470129089064,6.0,0.020289150776577006,2.312952918969219,1.589703579580337,320045.338175,0.7375567335266995,433926.4,0.6873047724156865,0.628386466038222,0.7692826660957428
29,145,Newton,MO,1.3197123540416278,0.6974067798484638,0.8022655335397886,0.41455991276794335,5.25,0.15800123990248457,7.327224900828783,8.965404071284656,6656.199675,0.016602777676618722,400908.8,1.2235742989505587,0.7421443087856996,0.9730169274976892
29,147,Nodaway,MO,0.7077236303454806,0.4989738705333389,0.6441978099512079,0.5396962281642452,3.0,0.004602328114579709,2.8660664956047475,1.036769127306458,175382.413375,0.3126041168333342,561036.8,0.36173938354061014,0.7378833470803884,0.934127514639982
29,151,Osage,MO,0.8996070235293516,0.5476286657942495,0.5801308305743287,0.49441082033012174,4.75,0.036913220394009766,3.0510915206940292,3.2961724007374054,15629.349975000001,0.04029113417686146,387910.4,1.0803256403097432,0.6537257367784072,0.8697321314318933
29,155,Pemiscot,MO,1.3556656249481196,0.6798606652396622,0.7566113913337831,0.45761636675590056,6.0,0.042719568200567555,5.4329992586548705,1.395031745072836,267609.303525,0.8480156095518222,315571.2,0.25677009671049084,0.613123425794701,0.8081075498398425
29,157,Perry,MO,0.9747509738013596,0.587756677773535,0.7496111500560199,0.5169277734052523,3.75,0.03763173644941484,0.933943278811744,0.9027177380428917,25782.368125,0.08486938335119662,303788.8,0.9665659130728147,0.7222284708268657,0.9442806544700575
29,159,Pettis,MO,1.009336854782791,0.5770317157032951,0.6767228017006885,0.5573802654290745,4.5,0.026536518121352513,8.397304964567592,8.126161019063067,110361.6212,0.25180344196285154,438284.80000000005,0.9677105992162228,0.754496595211835,0.9670909085590454
29,161,Phelps,MO,0.0,0.0,0.0,1.0,1.0,0.0,2.9301075268817205,5.075095108199131,228.36666666666665,0.0005303156969111491,430624.0,1.7320508075688776,0.6940114392219175,0.8748051700738474
29,163,Pike,MO,0.9622596477621833,0.5676756151877291,0.6715302056872041,0.5262463684207148,4.25,0.03911783913812534,11.444697875654072,10.38085648125443,106009.51665,0.24618749407809665,430604.80000000005,0.9070450433940491,0.7319096409247895,0.9312074863010695
29,165,Platte,MO,0.7662577592712039,0.47310251503483847,0.47610271471256826,0.6481156225822973,5.0,0.035942872059322305,3.675202432965044,2.071748492830475,60875.403375,0.22629319290423594,269011.2,0.5637100351936397,0.7123844661213949,0.9189781035019309
29,169,Pulaski,MO,0.0,0.0,0.0,1.0,1.0,0.0,25.67781348039979,20.093108267053363,625.5566666666667,0.0017868309964291374,350092.8,0.7825085372783276,0.7754542057083151,0.9912308165466349
29,171,Putnam,MO,0.682800219370452,0.4676480822740149,0.6784658004561089,0.6275231435344372,3.0,0.03358191865014375,16.601216731080587,23.03981389312236,24987.2703,0.07538638703176288,331456.0,1.387838871471843,0.7543158720649933,0.9591369344390153
29,173,Ralls,MO,0.9678034155723011,0.5543821638871851,0.6981225941007797,0.5799898324292588,4.0,0.03462341740462395,4.4726928309932905,6.2256571832605365,91308.23655,0.30290683568869425,301440.0,1.3919259422690893,0.7413384289348237,0.9461057480667511
29,175,Randolph,MO,0.8956028704246761,0.4964340767063605,0.5564693508867167,0.6588604429245348,5.0,0.08172678936055561,2.79872904222137,2.4122211667283007,31814.2172,0.1030637634246973,308684.8,0.861898787034312,0.7396197644505564,0.9331116265395079
29,177,Ray,MO,0.7807527590290952,0.46659557233800086,0.5631940668058257,0.6723909367086857,4.0,0.07206005983435233,4.6619937693121445,3.2233164431146255,91194.11045,0.25021651285954477,364460.80000000005,0.6914029924991107,0.7005379911820269,0.9087354565512723
29,181,Ripley,MO,1.0179584222001503,0.5419027954147512,0.6324931296421361,0.6128560102277801,5.0,0.12170610966286097,1.2574091696148644,0.5665348790349717,7506.329525,0.018632563716797463,402860.80000000005,0.450557298869148,0.7068714977815312,0.9327698876864223
29,183,St Charles,MO,0.8899096571018362,0.551188089620618,0.6419341245700085,0.5248561573893662,4.0,0.030526894724483278,5.762256187282079,2.212972930965924,87330.74465000001,0.24348575803080727,358668.8,0.3840462587988008,0.6640007211805188,0.8970392703841844
29,185,St Clair,MO,1.0908638234781844,0.5833301703195486,0.7868919142085751,0.5970865812708295,4.0,0.042103224092763035,6.3005227177036875,4.340778726981408,24611.233275,0.05683068600506533,433062.39999999997,0.6889553329891753,0.7201039097184341,0.9479961049225649
29,186,St Genevieve,MO,0.9463414662364006,0.5697378014973306,0.6826410701634228,0.5270384747160566,4.0,0.025682746312892458,5.530443579933669,4.865594030238586,18824.763525000002,0.05854752882782799,321529.6,0.8797836846021929,0.6773154573789529,0.9221566543163788
29,189,St Louis,MO,0.9127918353215037,0.5592640317520707,0.8308589342543369,0.5517911988025241,3.0,0.05242664018068561,6.927509003918648,3.1889904317197195,14244.673200000001,0.04382997947066816,324998.4,0.4603372481964036,0.6398829929429948,0.7726523182784891
29,195,Saline,MO,0.8139781041449605,0.5285768224363203,0.5258819993637613,0.5094335509323253,4.75,0.01676895197875097,3.3995406038105824,1.7348221186287163,228345.59635,0.4722255235217722,483552.0,0.5103107510126913,0.7136884890035884,0.9257812355269252
29,197,Schuyler,MO,0.7070685166164473,0.45361462602918784,0.5802959627475919,0.6598695449477692,3.5,0.055065974847346134,8.828078580021161,8.685731770555643,20121.195874999998,0.10211897409519441,197036.8,0.9838756748509621,0.7469309444389512,0.9512437840441977
29,199,Scotland,MO,0.7708607713107448,0.5047580019370638,0.5922876700488433,0.5792863790921666,3.75,0.0044765269204338305,15.636716704743824,15.44882307723093,87674.14885,0.31242925987667336,280620.80000000005,0.987983818402498,0.7299359243482835,0.9350158563484771
29,201,Scott,MO,1.3353378913950327,0.6699416361756847,0.7004368547905617,0.47465010947902925,6.75,0.033999495592516374,1.5896237239044853,1.1127548789858754,104940.0745,0.3894654910958172,269446.4,0.700011494703093,0.6638443449290483,0.8481804322281701
29,205,Shelby,MO,0.9014387850606307,0.5128036786160215,0.627504362467498,0.6358775381219935,4.25,0.04636413084517317,6.9753707553348585,8.697177350666841,119686.40895,0.37332564227412013,320595.2,1.2468408713637367,0.7510635211241804,0.9470282896664144
29,207,Stoddard,MO,1.546513379259995,0.7586968327178676,0.8119935442121843,0.35442106182908856,6.75,0.021429442475371256,4.227961652693125,2.1516092165948657,271305.405175,0.5125189761895945,529356.8,0.5088998891994053,0.6607052784174771,0.8366729953746185
29,211,Sullivan,MO,0.6782139595525958,0.4287770255394764,0.5203707124562305,0.6970764632727036,3.75,0.06500579245338833,13.511769546388726,13.1821996662189,28783.744525000002,0.06909071483264845,416608.0,0.9756086810807167,0.7607833378566423,0.9543518608085388
29,217,Vernon,MO,1.1031771066357425,0.59464099783227,0.7404690479967602,0.5761773030691801,4.5,0.024773848346497197,14.104137216312473,13.899697565985315,108473.1688,0.20323679627075963,533728.0,0.985504987140177,0.7332706386986552,0.9558236850316345
29,219,Warren,MO,0.9277741984242281,0.5545085277074484,0.6692476175656836,0.5453129684591833,4.0,0.06073088703440758,2.2585644145854613,1.9811220020479796,42305.473775,0.15325937903929307,276038.4,0.8771598406732164,0.678365465408285,0.8619612832415358
29,223,Wayne,MO,0.0,0.0,0.0,1.0,1.0,0.0,0.9639965588983594,1.6696910183335223,1780.4899666666668,0.0036555925166112595,487059.19999999995,1.7320508075688774,0.7259992566723545,0.9169111332480735
29,227,Worth,MO,0.6909664109293449,0.4642781378330013,0.5603501455817295,0.6424275735939036,3.5,0.0473766414009853,7.461862272068875,4.017977778188573,24074.620075,0.14113985392161002,170572.8,0.5384684991076027,0.7600861331986355,0.9401262527173757
29,999,All Other Counties,MO,0.0,0.0,0.0,1.0,1.0,0.0,7.7452124073913575,5.050211235148651,1868.15,,,0.652042961446631,0.5646380080825513,0.5019205502993316
30,001,Beaverhead,MT,1.178835516781472,0.6530837010990529,0.7914890782315482,0.43907076802742545,4.5,0.058280076023908,19.21829585671709,17.150936461891284,22622.7625,0.006377858042269378,3547078.4000000004,0.8924275383083338,0.720002717400881,0.8028622878630135
30,003,Big Horn,MT,0.6230248500059673,0.290260365450305,0.268320959957463,0.8338913562424435,10.25,0.07732188335318936,2.6264712838177013,1.5397100634831493,1059193.7907750001,0.331341992605512,3196678.4000000004,0.5862276404732312,0.7263621915151979,0.892699258140509
30,005,Blaine,MT,0.6203866586588859,0.31808744660310284,0.27515706535033124,0.8102819168552559,9.5,0.08250023830669276,1.8471411073489292,1.9277760373132256,1195149.5377,0.4418697624465238,2704755.2,1.0436539090833326,0.7234983154080964,0.8806144164579802
30,007,Broadwater,MT,0.5153979521380142,0.24431702646882555,0.3310386074532724,0.8582033873865029,4.75,0.1823563509928727,9.059157900220237,8.302428703972222,36433.1611,0.04778345089079616,762464.0,0.9164680421091216,0.6617925624752334,0.6845818212205864
30,009,Carbon,MT,1.445491588615837,0.6852165309142515,0.718382059847506,0.4764786498907473,7.5,0.1492655500984307,14.859644460106434,9.277119648264339,28897.3191,0.022047012482360753,1310713.6,0.6243163941890094,0.6979984190744205,0.8633287268619252
30,011,Carter,MT,1.0276458462503604,0.5459204968202997,0.5735400671235753,0.566931928889002,6.0,0.3706972827794744,7.307227903087141,5.9856514706874515,332567.825325,0.15560004044542036,2137324.8000000003,0.8191412051290541,0.6943615531884282,0.853727666235665
30,013,Cascade,MT,1.0080449830195868,0.5731240457880338,0.5512136476534378,0.5771597796515843,6.25,0.07826873906441113,15.122129170414553,9.85327998388064,225588.25565,0.1306503760158364,1726656.0,0.6515802022877791,0.7033477148648111,0.8773750003219949
30,015,Chouteau,MT,0.5628927683464277,0.2823200973003802,0.2842716976806601,0.8356975368820674,7.25,0.08010191264842992,16.772168092401532,19.976882677366508,634852.6982,0.24965955767522224,2542873.5999999996,1.1910733643563256,0.7053298140739563,0.8868223146679026
30,017,Custer,MT,0.9053826406236689,0.4301300573615158,0.43313554684590183,0.7134994537160864,8.25,0.4368828934827346,3.585750876314648,3.264846289838235,330996.654275,0.1367075073562599,2421203.2,0.9105056102485761,0.72280382233741,0.8590274551091722
30,019,Daniels,MT,0.35017914310181114,0.136674426583125,0.1683678072364626,0.9271150228828778,8.0,0.13401798622859398,3.0934584906132048,0.9378589721215,285231.750275,0.3125150655321105,912697.6,0.30317490115588774,0.6825671827664905,0.9253026792649081
30,021,Dawson,MT,0.7379820920824499,0.30887046154317666,0.33067720699584535,0.8253006387859954,9.25,0.13986395907702748,7.7049605576769595,4.678979534175724,192775.8398,0.12692561319075152,1518809.5999999999,0.6072684602536672,0.6783771231229024,0.888000402184133
30,023,Deer Lodge,MT,0.0,0.0,0.0,1.0,1.0,0.0,21.91948382660496,37.24518101405069,2763.305,0.005858590548590192,471667.2,1.6991814820403768,0.7029972962448837,0.7473141747932041
30,025,Fallon,MT,1.1586933479511574,0.6148417016213172,0.5888920313770828,0.4893947577609726,7.25,0.24250130466669273,5.8406906951387665,6.020186914715173,215047.12125,0.2073720334457333,1037011.2,1.030732019369867,0.6853652423839531,0.8423347193077692
30,027,Fergus,MT,0.9929326682916069,0.5734835688757496,0.522396213037103,0.5487045386241711,6.75,0.06751369686420639,11.765937283440769,7.007278362275236,294566.6221,0.10607105668393957,2777068.8,0.5955563244534026,0.6936291496285267,0.8919666490986881
30,029,Flathead,MT,0.3822134425951345,0.21708449811554634,0.3941476886919989,0.8671274735528395,2.5,0.27882790040063216,5.836096629945624,8.142051189350484,7029.8802,0.002154463572947273,3262937.6,1.3951193247165863,0.6514955614091855,0.7691274502309756
30,031,Gallatin,MT,0.8529129618940352,0.5316808651699817,0.5511114318966711,0.5425359369053457,4.75,0.008926606658072074,3.417024722787386,1.9052957465664928,32796.961125,0.019665540385369974,1667737.6,0.5575891019636161,0.654415491809674,0.7080944216282751
30,033,Garfield,MT,0.3904079063081828,0.1851469723087543,0.2770498278397793,0.8971147760102136,4.0,0.19027014635182654,6.082637520243042,4.462430178441249,90020.4896,0.03013179243625831,2987558.4000000004,0.7336340795568146,0.6889288350029176,0.8541904688194408
30,035,Glacier,MT,1.0213940939374955,0.5602403633755253,0.5700508977231991,0.5830064580555185,6.0,0.09481259867465819,9.32304155086042,3.326070812095684,564038.231,0.29428785861032086,1916620.7999999998,0.3567581238323155,0.7090643678716744,0.8727841667986299
30,037,Golden Valley,MT,0.8839738206858745,0.49373739483465295,0.5747792884371545,0.6245844388133184,4.75,0.2581471378324159,23.271926893599428,8.508661001203311,54055.827575,0.07186440107711861,752192.0,0.3656191015082418,0.6941189460028707,0.8881323165955914
30,039,Granite,MT,0.0,0.0,0.0,1.0,1.0,0.0,1.2292685451111283,2.1291555762787486,700.6999999999999,0.0006337955298013244,1105561.6,1.7320508075688774,0.8112059935419796,0.7793580149519909
30,041,Hill,MT,0.26492401559945145,0.11123547670141659,0.14348475257110338,0.9415544295685626,6.5,0.01781011163069012,19.297491557197937,19.30471534520351,490687.24285000004,0.26471116054396726,1853670.4000000001,1.0003743381871244,0.7147984516147166,0.9096713286291601
30,043,Jefferson,MT,0.18534173994741746,0.10484362683011081,0.16870532203140967,0.9337457817772779,1.5,0.3706834798948349,13.432677591932238,8.035303574530737,5169.4713,0.00487571162488531,1060249.6,0.5981907567972,0.7662315199427351,0.8770732951666046
30,045,Judith Basin,MT,1.0713546105446832,0.6253085082244607,0.6016520864228739,0.4604967224219144,6.0,0.04706033263377444,13.721485681438669,7.7684799321052935,166203.5304,0.1388844111827152,1196704.0,0.5661544319952083,0.7020553885964471,0.8708283911267946
30,047,Lake,MT,1.1647991269495876,0.5977177202511228,0.6375576680694559,0.5127736903421696,6.25,0.1337938064098221,11.120226558413613,6.909899054755604,13793.066175,0.014427700314263572,956012.8,0.6213811398948111,0.6320434614438294,0.678195188069025
30,049,Lewis and Clark,MT,1.1281187291472885,0.6509897178152952,0.783006205541386,0.43687441350512946,4.25,0.0694835479061638,8.450223471523193,6.055342913138152,23545.948925,0.010630156140294167,2215014.4,0.7165896776037152,0.7352375753582234,0.8665036025860371
30,051,Liberty,MT,0.48433207403806244,0.2437983690092563,0.2497861959734543,0.8615323675108412,7.0,0.03275102216830442,24.733143698009396,22.808171245393606,272649.116125,0.2979620663225384,915046.4,0.9221703283610195,0.7215179779608547,0.9152888941095428
30,055,McCone,MT,0.472873176700974,0.19332089661124918,0.2497357275906295,0.8962852296542639,6.75,0.05007394831585166,4.023469935443202,2.876080652526857,227773.5778,0.13468010403382363,1691219.2000000002,0.7148259335036001,0.6765158745236243,0.9047030856403617
30,057,Madison,MT,1.0827935863293394,0.5936729408737067,0.655480122567049,0.5473243479540264,5.25,0.06626622742777555,22.80161533891391,28.164690551577987,12957.547875,0.0056450418940503936,2295385.6,1.235205933130154,0.7015547506568504,0.8075921753111608
30,059,Meagher,MT,0.8023702937338848,0.4693142876785023,0.5787878218632483,0.5726722711600647,3.25,0.5480553803666669,4.128607458038391,2.7772680627144597,21842.695175,0.014269138652129969,1530764.8,0.6726888160091665,0.6713001462186754,0.6827588854631516
30,061,Mineral,MT,0.0,0.0,0.0,1.0,1.0,0.0,0.12996725406056908,0.22510988735311813,434.99666666666667,0.0005571988421789008,780684.7999999999,1.7320508075688774,0.5984440120656703,0.6475857146146584
30,063,Missoula,MT,0.0,0.0,0.0,1.0,1.0,0.0,17.261805374377243,5.685725389119371,2094.1966666666667,0.00125951504123091,1662700.7999999998,0.3293818500328501,0.7706593845536196,0.7645048868417412
30,065,Musselshell,MT,0.8958755849154014,0.5214501043386935,0.6219476460198459,0.5761955549449163,4.25,0.06577771414934619,21.814627480397185,10.511382681038553,46065.9967,0.03854972543381624,1194976.0,0.481850203056833,0.7031401878927439,0.8398656217260854
30,067,Park,MT,1.1238874621074117,0.648807185984657,0.7254306876764371,0.44289569610003776,4.75,0.06804802217857091,7.394749181145643,3.471203453395417,14954.772375,0.008338120344966476,1793542.4,0.4694146303495902,0.719938653252121,0.7750332035362718
30,069,Petroleum,MT,0.6218284838108886,0.3553955236062736,0.5048924997716138,0.7389373213824384,3.5,0.216302505922913,30.22213209647425,16.56454930592601,40267.99135,0.03804264857873813,1058496.0,0.548093339445712,0.7053513930372879,0.9002880552684569
30,071,Phillips,MT,0.6337331546052318,0.3275484952251506,0.2871195696342203,0.7820462702058478,9.25,0.25341489347985724,1.357307356644918,0.7157999987970788,1004050.5511749999,0.3052451831983877,3289324.8,0.5273676557433833,0.7027511334180179,0.8687345132428174
30,073,Pondera,MT,0.9184746591288433,0.5545517753854938,0.4720026048349344,0.5084518134116156,7.0,0.04843423779265695,18.622951221015665,15.529459968532159,333290.64865,0.32053095249315255,1039808.0,0.8338882373813793,0.7080301335332252,0.8903070911828156
30,075,Powder River,MT,0.851634595646405,0.4657824133161369,0.492976646526697,0.663977477654356,5.75,0.3627878309476853,9.472453673999727,13.159507328236353,388910.369025,0.1843006604436405,2110195.1999999997,1.3892395551489432,0.7069531489316829,0.7737766521753106
30,077,Powell,MT,0.0,0.0,0.0,1.0,1.0,0.0,15.38947220299489,13.919957166181531,1767.1449999999998,0.001187117493357524,1488601.6,0.9045116676238331,0.8427257200549357,0.9338058525365251
30,079,Prairie,MT,1.1899303501238148,0.5530733977157342,0.6003034715193731,0.632538563623704,7.25,0.13583506988725746,10.485972672241349,7.79037980352778,37727.969125,0.03394659051441796,1111392.0,0.7429334451872653,0.6871590807645086,0.8854528574667359
30,081,Ravalli,MT,0.0,0.0,0.0,1.0,1.0,0.0,3.8788220441559904,1.0955773849826593,1403.3933333333334,0.0009158770881974987,1532294.4,0.28245105666378945,0.702935449909258,0.5323740143393095
30,083,Richland,MT,1.0531356739562323,0.4394108469651823,0.4737406986440708,0.7398304977444953,9.25,0.09075771409140734,4.070215700671089,1.6627491418519427,171672.16112499998,0.128707374325395,1333817.6,0.40851622226748124,0.6663632450000583,0.8270905203681841
30,085,Roosevelt,MT,0.9369530333276742,0.47509651399491093,0.3764356803807344,0.665342075772487,12.0,0.14685732876615012,2.166604430982509,0.6012117441866349,493743.26915,0.32750630754239896,1507584.0,0.27749031414746905,0.6787806173426317,0.9028637424487318
30,087,Rosebud,MT,0.8868850785539304,0.4248660497337223,0.4036387940049057,0.7167468591883367,9.0,0.4674647804138397,3.471748990074512,2.1899952704846464,416854.4014,0.12994551523281403,3207916.8,0.6308046108015556,0.7405983826926766,0.8685088732481357
30,089,Sanders,MT,0.0,0.0,0.0,1.0,1.0,0.0,5.541669393783312,9.008371081340933,946.6666666666666,0.0005355089175056809,1767788.8,1.6255699214836945,0.7797494757869011,0.9605339101466545
30,091,Sheridan,MT,0.7665488867332283,0.35252524535001684,0.334923290401443,0.7858524169846854,9.75,0.2566443863472015,2.716521971851426,0.2848604653365664,388100.80217499996,0.3616931511758684,1073011.2,0.10486219816673222,0.6831063736090032,0.9277531415311565
30,095,Stillwater,MT,1.028494276182553,0.5866137901020075,0.5024191668177067,0.5392278568885607,7.75,0.059252189476563626,14.962834778178017,6.332188877435635,70923.3488,0.06173380304051608,1148857.5999999999,0.4231944662431598,0.6932891470261447,0.8336898063792471
30,097,Sweet Grass,MT,0.9316216883110792,0.5169053805039892,0.6720229948554988,0.6201559720912474,4.0,0.13961500718299646,16.03205411396383,4.33975147210982,15092.5617,0.012712189046429265,1187251.2,0.270692167158413,0.7156018493640184,0.877549239815726
30,099,Teton,MT,0.9142132835992205,0.5574333143119717,0.48938343165800624,0.49814290421239893,6.5,0.043410057046552916,12.318727678924876,8.0634225352624,280429.92095,0.19280551941792695,1454470.4000000001,0.6545661812995074,0.7041653231255312,0.8842490716577613
30,101,Toole,MT,0.6675529941235976,0.4110725204015392,0.3933611109267285,0.7202003253238962,5.5,0.02144988852420701,19.294634079963664,21.563588536067744,300362.3868625,0.2455931497279658,1223008.0,1.1175951016588728,0.7148489226735992,0.9198140537509056
30,103,Treasure,MT,1.632905135895302,0.782189451616139,0.8391472425836483,0.3183376379179559,7.0,0.02463925841199225,4.036254066524938,4.2880245129870955,16298.80965,0.02601688707080175,626470.4,1.062377254333477,0.718412621058868,0.9116267837834635
30,105,Valley,MT,0.7039057206373173,0.3759024641583082,0.31378231643682175,0.7607959384688691,9.5,0.11309593758354868,2.0315461165430104,1.0808880549283035,965323.85825,0.3065065085380258,3149440.0,0.5320519411922588,0.7028889994690227,0.8998151228107871
30,107,Wheatland,MT,1.0051802901428968,0.5812364684562084,0.6245536297965484,0.5279012126184031,5.0,0.0736148451320265,16.164672548470715,6.46168354682804,68589.07315000001,0.07530825653814939,910777.6,0.399741072852067,0.7004074872178856,0.9057905359770807
30,109,Wibaux,MT,0.7957987073542528,0.35957259725120827,0.3795805350962598,0.7796253182567642,8.25,0.3032381737513689,9.700376756533876,7.86713356773773,49790.22525,0.08748043646549011,569158.3999999999,0.8110131972388258,0.6964743354250551,0.9269197621082632
30,111,Yellowstone,MT,1.2550534243502245,0.601886091971489,0.6047303995795318,0.5890306882313482,8.0,0.06142547307279538,11.169629457111393,4.43746708014117,130406.238,0.07732377544921541,1686496.0,0.3972797036087852,0.685292413047936,0.8790812683602004
31,001,Adams,NE,0.968455843009963,0.5270688837022999,0.5304701259014645,0.608486162489581,6.25,0.04197479491981522,3.0594872475268784,1.601319929015897,196860.932375,0.5459526931292266,360582.39999999997,0.5233948696175531,0.7336651264539983,0.9570974459588758
31,003,Antelope,NE,0.8107837332893322,0.5200052807264303,0.449016589488938,0.5430926466018604,6.25,0.01744432739040712,6.174079637700464,2.672041751902534,220478.0537,0.40195197408145295,548518.3999999999,0.43278381697352647,0.7339739447392281,0.9708549415139605
31,005,Arthur,NE,0.0,0.0,0.0,1.0,1.0,0.0,0.09257134113686788,0.16033826617384606,1533.0066666666664,0.0033483692587984774,457836.8,1.7320508075688774,0.7773597413293888,0.919501942548762
31,007,Banner,NE,1.0832244570465968,0.5092610738155976,0.49964454855839097,0.6751070828898087,8.75,0.06702213802829313,19.572124784913704,3.0289481526335886,72979.62049999999,0.15281104370192433,477580.80000000005,0.15475826901371065,0.6971117541076455,0.8988582248159133
31,009,Blaine,NE,0.0,0.0,0.0,1.0,1.0,0.0,23.002354464902584,8.49394277562668,2387.0583333333334,0.005247739884955587,454873.6,0.36926405897217585,0.7921127791319742,0.9649564488705801
31,011,Boone,NE,0.6730837569957198,0.45622696067590207,0.3977566998018193,0.6508662061262844,5.5,0.0345796456292588,8.57757914472987,8.490698122456912,167177.61615,0.3803973048018392,439481.60000000003,0.9898711488629821,0.728740217220249,0.9676243280652498
31,013,Box Butte,NE,1.310253367936952,0.6715562789506405,0.6572126597723618,0.4819377803913339,7.5,0.016313112624552224,9.191226874669868,2.619259388352245,194889.946925,0.2831938752060491,688185.6,0.28497385866631914,0.6728796755914007,0.8831658543628764
31,015,Boyd,NE,0.9368460246785115,0.5540322302073242,0.5645208781904769,0.545761228957499,5.5,0.20138918980326523,30.938357299924064,25.76992515647698,44093.655425,0.1275739961143644,345632.0,0.8329441963145287,0.7289827512476207,0.9746828029345191
31,017,Brown,NE,0.5545289874755519,0.3173593608475149,0.439205790966004,0.8042659398219205,4.75,0.06785408083213743,6.7263410706073525,2.2084062922349648,45509.8068,0.058225036948938824,781619.2,0.3283220801700378,0.7477757017742125,0.9233553655876386
31,019,Buffalo,NE,0.764324922048461,0.4306307452590824,0.37455108373923013,0.7099715343201672,7.75,0.08021533031300666,7.632035382121503,5.088627866948486,235452.47247500002,0.3800602157482903,619513.6,0.6667458433000586,0.7364823040680066,0.9404166569319857
31,021,Burt,NE,0.7057314917966093,0.5012130071049171,0.506032075260136,0.515894613175683,4.25,0.013324946009581907,5.9046900668769045,1.4133023315803035,216469.28960000002,0.6863917547740326,315372.8,0.23935250039767528,0.7387430112834821,0.944141931871156
31,023,Butler,NE,0.8225361354650319,0.5215476222091406,0.45906615792543054,0.5408052413232671,6.0,0.005653396800326891,5.298278635075917,3.0441363988925736,200892.190025,0.5378674187598528,373497.60000000003,0.5745519646210444,0.7366040939438322,0.9597210824177728
31,025,Cass,NE,0.7306499733477736,0.5061676896094511,0.47193778458882973,0.5037367475117809,4.75,0.010438696583094197,3.4799838948041533,3.036897807092614,218858.467775,0.611549690436778,357875.19999999995,0.8726758223297825,0.7662067627113355,0.9454474809666589
31,027,Cedar,NE,0.7523239980506077,0.5056962456577828,0.4615411029999357,0.5485801979599823,5.25,0.018211030652751394,5.531840578733453,3.6324594068958933,224820.17085,0.47455725511411995,473747.2,0.6566457140613343,0.7426591168152328,0.9644084807032917
31,029,Chase,NE,1.145603649144159,0.5435862618699834,0.4975293432715372,0.635754074447501,10.0,0.04653471736557097,9.39992126938224,1.7960222757991662,215542.13280000002,0.37650596143096704,572480.0,0.19106779986011524,0.7067018176778767,0.9232061671248946
31,031,Cherry,NE,0.9866275946012762,0.4368795296762732,0.5175998299449722,0.7375954494625698,6.75,0.199166969108437,10.186370573072404,6.778028243068101,14296.002,0.003747576239153631,3814732.8000000003,0.6654016947886983,0.7692471166743992,0.977117390279396
31,033,Cheyenne,NE,1.0365921990458329,0.49548675580275825,0.4501862720295625,0.6847250042015729,10.0,0.030632698274679526,10.43861444874598,3.703641644227527,273269.4727,0.35690819590898076,765657.6,0.3548020345432392,0.6969887961114961,0.9128470061310536
31,035,Clay,NE,0.9583399865066874,0.5439056201709425,0.5032448937629891,0.5703143110267178,6.75,0.03025303196615479,4.545833811217801,2.5519688133350837,222739.901175,0.6073523124198341,366739.19999999995,0.5613862977211274,0.7403761165711729,0.9589510905910518
31,037,Colfax,NE,0.704334231610612,0.4901669289502539,0.40426526001875285,0.5794855446324222,5.75,0.004890693347320596,3.80076764808593,2.072099755097325,137574.208575,0.5203071619752082,264409.6,0.5451792761235579,0.7441776528278331,0.9586355410936602
31,039,Cuming,NE,0.6943778599073305,0.49558336898370614,0.5008877474956985,0.550590095800399,4.0,0.0009787855651124638,5.1087482190560065,5.693640534734372,236262.68885,0.645385404419799,366080.0,1.1144883816150253,0.7445589487612142,0.952379757988497
31,041,Custer,NE,0.692465148443985,0.35137179651823613,0.3241564110427584,0.7887160110917406,8.5,0.09602618102184109,15.246129527133096,14.666844789511826,267582.024275,0.1623229761617913,1648454.4,0.9620044722439007,0.7178299574297761,0.9449043303189002
31,043,Dakota,NE,0.7161673965136589,0.4983709111127751,0.5315349407086298,0.5417433751683419,4.0,0.015014227705468147,5.665299923073263,1.7190872137413598,75195.70105,0.44538772892579603,168832.0,0.30344151891058296,0.7796650904653502,0.9711573380939662
31,045,Dawes,NE,0.5214899012998355,0.22672516790512556,0.27340472484337974,0.8757907976930858,6.75,0.03974927039383062,12.311133270099845,11.657293175301048,28445.381224999997,0.0318325704492512,893593.6,0.9468903406003423,0.7413809229969196,0.9322008541776847
31,047,Dawson,NE,0.6064140558313285,0.31461163088629635,0.2970502576598009,0.8124542433695806,7.75,0.06663626240543016,13.482501753939303,11.21681768253058,229467.59375,0.35396982509415853,648268.7999999999,0.8319537343470593,0.7246254458776658,0.9342736947001747
31,049,Deuel,NE,1.0475972833680116,0.5135667913093661,0.47126572432260116,0.665468810311185,9.25,0.01993767551143827,8.56305274337064,4.301253840150784,111727.97357500001,0.396860484918815,281529.6,0.502303789204234,0.7179704584215844,0.9176861785072737
31,051,Dixon,NE,0.7118065759555445,0.5004857036451825,0.6136427064249739,0.5371355412908774,3.25,0.009906923289842138,3.4250974499800457,1.4812449546514475,135942.617425,0.4458748918460978,304889.6,0.43246797391416614,0.7694706829759698,0.9707724620287546
31,053,Dodge,NE,0.7898421185789636,0.5191856508381585,0.4408192796766699,0.5281287352614009,6.0,0.014703218485043685,4.191453745109453,3.1908118933063454,224045.325425,0.6550849023682377,342009.6,0.76126615903357,0.7203785625721563,0.9537227669190841
31,055,Douglas,NE,0.748637878275541,0.5095233884012059,0.5400280772048792,0.5153411508984869,4.0,0.020525945415847922,1.5118393279335351,1.9671476359345228,43894.263875000004,0.20721731616619582,211827.2,1.301161836174303,0.7315134329638712,0.9229383049893979
31,057,Dundy,NE,1.110876347227234,0.54519630842565,0.5342185990618589,0.6273620631955552,8.0,0.07716179053162252,15.585900978725359,8.825897358363482,146411.817575,0.24869922049109372,588710.4,0.5662744406249448,0.7200383790517476,0.8998891242060496
31,059,Fillmore,NE,0.9823113979141727,0.5607325230236293,0.5570630890611561,0.5433935075918845,6.0,0.014786397216742329,4.608037689000366,3.1846149116742635,257400.36105,0.6976859871294192,368934.4,0.6911000140637111,0.7266622358168949,0.9710837441646336
31,061,Franklin,NE,1.0886301579070694,0.5888645990990458,0.5714616380490246,0.5524680306338032,6.75,0.0842361077708385,8.654058115630026,5.711133861712579,119835.954825,0.32512098800885975,368588.8,0.6599370821646952,0.7363677052852129,0.9623805835623319
31,063,Frontier,NE,1.2114377984853089,0.634633428597347,0.6034881170010995,0.4891976821812975,7.5,0.07966073765911633,20.657774242550047,18.596835628843973,158226.156475,0.2536846436736827,623712.0,0.9002342367813743,0.7327325710029614,0.9374705690575152
31,065,Furnas,NE,1.2302951004040499,0.6687627513709666,0.7062805647728932,0.4188597063177016,5.75,0.030241579262665002,21.48402210437385,20.417421355978046,165974.88121,0.36114658593021065,459577.60000000003,0.9503537678739095,0.7330899714307696,0.9461745207882272
31,067,Gage,NE,1.2327418351972508,0.6776930485645734,0.7266848868867354,0.4125196316479942,5.5,0.03757563656692477,6.7670183199623954,8.5128487258621,288855.0931,0.5276994738261291,547385.6,1.2579910860813814,0.7250463096805633,0.9577229186569189
31,069,Garden,NE,0.923174884571326,0.5102787202591981,0.46581934685615356,0.6305264013658785,7.25,0.08392807280343684,6.363283232376294,1.7218459906814017,67096.15838000001,0.06151006070684698,1090816.0,0.2705908141760332,0.7141994896673249,0.9289594475361388
31,071,Garfield,NE,0.4482937285880268,0.2662200571245255,0.5530259860698936,0.8424342604267353,2.5,0.050590557470793156,12.017576507825673,5.514335333290797,14069.734725,0.038566321961673075,364819.19999999995,0.45885585414829194,0.7174813350686158,0.9413937015839715
31,073,Gosper,NE,1.10117309597482,0.5879553732562741,0.5786188050174419,0.5691111653780836,6.75,0.08917257271715262,16.964485901608654,18.251517125687133,114662.685475,0.3910263347476701,293235.2,1.0758662084747548,0.7355248250106879,0.938978989386344
31,077,Greeley,NE,0.6598897258536905,0.4278853571830764,0.41389377906917607,0.6928084311746714,5.0,0.06905382405156227,17.339304823814985,15.917782491317306,81523.8352,0.2235342502412916,364704.0,0.918017339971712,0.7289879250768778,0.9507344274963724
31,079,Hall,NE,0.6631738756850208,0.3554005901686814,0.36211862140231,0.7804801412544909,6.25,0.06179505159649283,4.830503622666739,0.7200095560073551,196113.10575,0.5608102630570553,349696.0,0.14905475955525005,0.7347206003748564,0.9468398247987257
31,081,Hamilton,NE,0.8304772746013732,0.48233595148110986,0.4196918752265081,0.6458180495729122,7.25,0.05437289951072967,2.6226423785727384,1.7266080676783662,239181.35839,0.6873912457408311,347955.19999999995,0.6583467428822679,0.7387234611035408,0.9715560799489442
31,083,Harlan,NE,1.2012065098387952,0.6485068038742752,0.6897198064620683,0.5067996916273413,5.75,0.03285875233798827,9.659163534664064,7.4103070860491576,143949.2224,0.4068900104924202,353779.19999999995,0.7671789652857224,0.7287705795244767,0.9455001470313175
31,085,Hayes,NE,1.0896845397096482,0.5835467290223874,0.5257185564609134,0.5193618051582449,8.0,0.06481212922965203,14.665364508482572,9.073505977182066,113148.546575,0.2479205228133633,456390.4,0.6187030654392445,0.7266189042180784,0.9446997707941188
31,087,Hitchcock,NE,1.0451003274876518,0.5754601886999924,0.5483285022179675,0.5479514983732066,6.75,0.04947414101815277,20.491890761041653,16.98795042087698,134322.199075,0.29559094130485686,454419.19999999995,0.829008441386667,0.7260671766536232,0.9363443635130858
31,089,Holt,NE,1.0321708991738079,0.5493931787571684,0.4759608674926836,0.5807962540650218,8.75,0.10280241800214981,7.910258744589471,7.136832573578276,210206.19615,0.13613488078899433,1544102.4,0.9022249213351953,0.701084911694631,0.9241454925760877
31,093,Howard,NE,0.6689146062429288,0.3877674911190546,0.36082229922106257,0.7456533634252085,6.5,0.11893026481902641,13.172670443457829,9.974205821790607,106002.3241,0.2908469829951533,364460.80000000005,0.7571893538674437,0.7249574044645003,0.9527125271924058
31,095,Jefferson,NE,1.2424087906368864,0.6816687343256851,0.7719519846266563,0.39120276525578557,5.0,0.005414582152345224,8.06393859927161,10.39501127840829,174796.164675,0.4766391638971178,366726.4,1.2890737138483717,0.7149614476833883,0.9489560853167549
31,097,Johnson,NE,1.16448634588032,0.6358976244366534,0.6499122041096379,0.44767904537008407,6.0,0.07808785093748041,7.29559828591054,8.024134953221191,80262.341975,0.33342171413058647,240723.2,1.0998597563571477,0.7424708549461021,0.963508364911653
31,099,Kearney,NE,0.8084314629021885,0.46632205633093005,0.4511941902840818,0.6616082599254314,6.0,0.07854584258543525,3.2881279389405,1.6388691173983003,210670.585225,0.6378946755306136,330259.19999999995,0.4984201186302917,0.7209096953782564,0.9500002796035681
31,101,Keith,NE,1.164684217516843,0.5895519311646631,0.5276982825084516,0.5553551927826342,9.25,0.045311466216599136,8.279545253494335,4.272684613558592,146562.54775,0.21578499223505548,679206.4,0.5160530539712105,0.7091912739702375,0.9491691783818252
31,103,Keya Paha,NE,1.3294280735710307,0.6354488967527431,0.670450984071693,0.527376094937186,7.25,0.23351254338439792,19.207636412126035,3.538797937803986,17303.210525000002,0.03496264848286219,494905.6,0.18423911520783975,0.7580247101135634,0.9708005448061875
31,105,Kimball,NE,0.9961267797686976,0.4712513676033354,0.4713020635867138,0.7063116382238751,8.25,0.15298141103567922,12.278384485233344,4.288378547666839,131285.153725,0.21553928959705848,609100.8,0.3492624418810371,0.679603402553055,0.9079898208744054
31,107,Knox,NE,0.8230102225222617,0.5047115421483978,0.4032176034535193,0.6036452285641667,7.75,0.07748968626771637,8.647494478900652,6.596502158457401,164430.34035,0.2318543179410849,709196.7999999999,0.7628223613848445,0.7547734565538604,0.9737613617203943
31,109,Lancaster,NE,0.9439277782652687,0.5648025704063682,0.5937822046098717,0.4784030386463183,5.0,0.05489729328133022,5.247501538848445,4.0578213936195375,223936.75805,0.4171051693366453,536883.2,0.7732863656310656,0.7482333062466545,0.965080567321053
31,111,Lincoln,NE,0.8302343320893386,0.39825934526920204,0.39338984464552584,0.7607315657606811,8.25,0.056995683948405734,10.597127056175115,8.974063118715728,227870.18985000002,0.13886503468850186,1640947.2,0.8468392490855716,0.7104770602821128,0.9315630273473376
31,113,Logan,NE,0.7104669216182282,0.3683222541387484,0.516438069682792,0.7767535334821796,4.0,0.13562867941282136,20.876077962152607,28.67547854953154,26658.50665,0.0729899709830816,365235.19999999995,1.3736046876965537,0.7482909273308461,0.9610054015040371
31,115,Loup,NE,0.4879586186763816,0.27048851569439214,0.3766748209809529,0.8405474173098912,3.75,0.11568534937670547,30.817008039149567,34.09184677650836,8148.533675,0.022348359458650012,364614.4,1.1062672512918346,0.7438030319078601,0.9575473646009769
31,117,McPherson,NE,0.0,0.0,0.0,1.0,1.0,0.0,8.212669626508056,10.825487849573134,4820.383975,0.008768364759292999,549747.2,1.3181448106267026,0.7513080551067329,0.9402324586569409
31,119,Madison,NE,0.7463507435304191,0.5069149778047788,0.4050016571605193,0.5308980575863594,6.5,0.016214469974572918,8.04035505684216,3.8903645727761726,182474.00485,0.4979576865328693,366444.80000000005,0.4838548229864004,0.7411252904320108,0.9675071820278243
31,121,Merrick,NE,0.8436354929399941,0.48820268944555467,0.44303800216180594,0.6463478767109345,6.75,0.05604525468177737,5.238137474249305,2.858665629893005,142516.60259999998,0.4592521687066903,310323.2,0.5457408561623691,0.7202491798832545,0.9523075956682104
31,123,Morrill,NE,1.2449539404419665,0.6466628746214172,0.6576325472431958,0.5112662748135977,6.75,0.04093982582201433,16.613898824043073,7.958704058355824,103363.951625,0.11343717254719052,911200.0,0.4790389145044182,0.6816690777006817,0.8804974053440391
31,125,Nance,NE,0.7867150768913616,0.4978018336136871,0.4357773561040984,0.6024267426589243,6.25,0.07471421273832057,19.178306709993073,19.566510053954968,112764.976975,0.3992460720643467,282444.8,1.0202417945354694,0.72831394879041,0.9569293843376064
31,127,Nemaha,NE,0.818921542353123,0.5251536770968204,0.46967337468177095,0.5078605184614383,5.75,0.02023902178410166,7.886028897386131,5.779475577963851,153581.53645,0.586296483516064,261952.0,0.7328752726076734,0.7569952273493435,0.9371860267883829
31,129,Nuckolls,NE,1.3704716271440742,0.7338505664801349,0.7861858534749409,0.3487333024269794,5.75,0.0213041090548237,11.103722565238794,14.61249528290694,154154.23025000002,0.41867892363223536,368192.0,1.315999674618373,0.7416804308669687,0.9710422982010916
31,131,Otoe,NE,0.8191336359621963,0.5264605995246461,0.46973007291286945,0.490455552274742,5.75,0.021792972338594594,5.1796406952438625,4.927279464039637,219403.3577,0.556802524657295,394041.60000000003,0.9512782360683912,0.7533677531556437,0.9540322096005127
31,133,Pawnee,NE,1.1873979730781792,0.6597710387869112,0.7182549038741487,0.41965430191205555,5.25,0.03536904946294014,9.291373958286508,8.517679279325417,77144.32725,0.27930118249212177,276204.8,0.916729788034086,0.7500593293646493,0.9577180459694771
31,135,Perkins,NE,1.1317542375141165,0.5976162414614374,0.5029253784745037,0.498071879846739,9.5,0.05638919316001227,7.818689607147608,4.253678747586371,289756.78555000003,0.5126304687853835,565235.2,0.5440398533915182,0.7051299051711671,0.9313775182543325
31,137,Phelps,NE,0.7623474063462233,0.4668241811540441,0.4314258346734128,0.6388083297311526,6.0,0.08089232901900566,5.897508935250341,4.6451788887828585,242318.34824999998,0.7011915831261458,345580.80000000005,0.7876510132978165,0.7286251618412929,0.929614529571728
31,139,Pierce,NE,0.7463968867266885,0.5014293946612987,0.41144152244928456,0.5580869115226632,6.25,0.015438948580862689,8.641771767100229,8.589208561593676,189497.791325,0.5158996723386345,367315.19999999995,0.9939175429618884,0.7380547352194271,0.9669361088825296
31,141,Platte,NE,0.7518403136753539,0.49749975948047453,0.39457117711878986,0.5824019691624701,6.75,0.009602651786775744,8.350009862783352,11.01250705877405,228321.975775,0.5261301740947653,433964.80000000005,1.3188615630093632,0.7315806977359675,0.9674902370403727
31,143,Polk,NE,0.7961379248669308,0.5056395595542675,0.4822979381042505,0.5855865587966959,5.25,0.016618287399693295,7.749796677899097,6.4652618873829,159746.049075,0.5687795134438236,280857.6,0.834249226927535,0.7238737503187063,0.9596383987182827
31,145,Red Willow,NE,1.203735447368568,0.6476546652992163,0.6590246187565019,0.4416622884422824,6.25,0.06841435937106363,22.56668613745682,17.67616903797899,156585.627075,0.341401021844258,458656.0,0.7832859875974252,0.7387449514602759,0.9389671180124405
31,147,Richardson,NE,0.8513553826166425,0.5345688035723193,0.5219365738580299,0.5029977468330802,5.25,0.02748791971323751,3.1176514262406116,2.233057320464676,182757.859775,0.5161391676579501,354086.4,0.7162626654376771,0.7278524126021326,0.9355943752746894
31,149,Rock,NE,0.773154785867534,0.5073483640965859,0.5737400699083235,0.5589841361593674,4.0,0.0233922470947297,11.834417048630488,9.013154354900552,36551.682499999995,0.056632889659728694,645414.4,0.7616052668976694,0.7288583729013897,0.9313777925068104
31,151,Saline,NE,1.200628822303586,0.6619839575726385,0.6700837042713405,0.4111337982330159,6.0,0.027302612556971896,6.407452011699187,6.59431023371923,199977.58275,0.543096209279513,368217.60000000003,1.0291626408873393,0.7246533608794639,0.9631208430762693
31,153,Sarpy,NE,0.7064179823956327,0.5018748805072324,0.6345717656808054,0.5059053593430362,3.5,0.011678057249405347,5.367719622584384,4.185992797828843,63732.246275,0.4140264211071324,153932.80000000002,0.7798456499509604,0.7472064280116236,0.9315608611021511
31,155,Saunders,NE,0.7747533510808153,0.513953085797553,0.4237267143910677,0.5032170529095032,6.25,0.011638389132586798,2.872887180871561,1.919613170950725,247927.1519,0.5138429166252156,482496.0,0.668182580830885,0.7297793607157171,0.9484845540347806
31,157,Scotts Bluff,NE,1.1178912025499161,0.596014092052947,0.5375920313907213,0.5570397541072267,8.0,0.05147327320307116,25.63644392568505,12.792679810998017,129300.9354,0.2732867714941767,473132.8,0.49900367804838497,0.6938525919567534,0.8858415169353705
31,159,Seward,NE,1.0495310541821041,0.593792074499496,0.5857544342345651,0.47131100785488245,6.0,0.04407616600585615,4.495194773846111,3.556814405704719,184098.14685000002,0.500484305268595,367840.0,0.7912481181903249,0.727838160705586,0.9622411453275524
31,161,Sheridan,NE,1.3369697130506155,0.6647705975062332,0.6340758386469134,0.46885658604026514,8.25,0.056734406465190006,16.433444493593598,17.414988980873208,84066.85545,0.05381085997797045,1562265.6,1.0597284694430467,0.7096840079673421,0.9384025534313792
31,163,Sherman,NE,0.7287283403788622,0.4015257448571124,0.369124720237897,0.7409743028835752,7.25,0.12182646014294968,22.077293411567485,15.806118966924947,87958.9371,0.2428881648853916,362137.60000000003,0.7159445984734374,0.7334458758465278,0.9466679380211749
31,165,Sioux,NE,1.0454187391161494,0.5260021379694315,0.5958460216896866,0.6481071590792693,5.75,0.21099055365429129,15.988338241992277,8.116715898483442,20157.951875,0.015240952392437543,1322617.6,0.5076647601290697,0.7626502535490838,0.9418524255914741
31,167,Stanton,NE,0.7054372928408644,0.4946758762757957,0.4911460034608594,0.5623427083904227,4.25,0.008020977206450461,3.988411743394918,3.4146355226216,117772.978275,0.42812339425979457,275091.2,0.8561391707554941,0.7591391005818253,0.9594550942826128
31,169,Thayer,NE,1.239823607412824,0.6734167896171146,0.664321140501301,0.41565009745257575,6.5,0.02004399629638641,7.028215349811895,8.948657960388665,181002.876375,0.4922408743119615,367712.0,1.2732475479181453,0.7246832832963996,0.9581072087271806
31,171,Thomas,NE,0.0,0.0,0.0,1.0,1.0,0.0,24.88963963963964,43.110120437936175,139.0,0.000304670622562635,456230.4,1.7320508075688772,0.8349460305586408,0.9940021615589959
31,173,Thurston,NE,0.7169871245603765,0.5020106226112017,0.48130919256684057,0.5290995563949046,4.5,0.00106489616555018,4.953148601139831,5.693703447730223,141398.7045,0.5610204814028339,252038.4,1.1495119380064578,0.7642941648406902,0.962002353070233
31,175,Valley,NE,0.7007226813667983,0.40792223500567576,0.3881615763051253,0.7293969791996276,6.25,0.0752409206048598,16.65531982431922,15.642066019711727,87915.315175,0.24179767995799667,363590.4,0.9391633534933389,0.7228715132717164,0.9360844128066997
31,177,Washington,NE,0.6999990146802822,0.5009018376883063,0.5034043544987632,0.5034167234033288,4.25,0.005753100234066574,3.3507708350770784,1.0816846494013208,134278.925,0.5373013913608543,249913.6,0.32281665999890397,0.7416459567685678,0.9369966482086354
31,179,Wayne,NE,0.7048907676298527,0.5000506503587275,0.5751432795848732,0.5307020719317902,3.5,0.005445584200337461,9.075150139480494,15.838908940609855,174009.4644,0.6131515416751234,283795.2,1.7453054436757287,0.7537182550570496,0.9673458721539724
31,181,Webster,NE,1.2715195435832307,0.6814103850230798,0.6954551260784343,0.4590184224871074,6.25,0.06513528546508665,8.039269048564748,4.922601685696846,116613.179775,0.31694427351047594,367929.6,0.6123195598952718,0.7495756448643549,0.9693093940262225
31,183,Wheeler,NE,0.6561327661903072,0.43786656848756245,0.5673126562870815,0.67583607810959,3.25,0.036735239843805466,13.90845716596403,15.3005394655241,41187.93905,0.11189066669962794,368108.8,1.1000889087084866,0.730084963380689,0.9404472014930882
31,185,York,NE,0.8057858950827059,0.48039877243190765,0.44971767077076663,0.645980263268069,6.0,0.0385160341460627,2.622944741052315,1.514574062836577,240696.3469,0.6533162666005108,368422.39999999997,0.5774326996416005,0.7333131394684311,0.9728339588559071
32,027,Pershing,NV,0.20309935753128802,0.1137123260869565,0.14650521795906188,0.9242934782608696,1.75,0.40619871506257604,31.420737990369805,57.41382730812926,9551.4265,0.0024722861872076146,3863398.4000000004,1.8272590327358358,0.7817267272528614,0.9528003513299843
32,999,All Other Counties,NV,0.0,0.0,0.0,1.0,1.0,0.0,6.217195161817587,12.434390323635174,5477.9,,,2.0,0.7357408060836296,0.6364815193115748
33,005,Cheshire,NH,0.0,0.0,0.0,1.0,1.0,0.0,1.5993888516107155,1.4482879403839346,1212.5,0.0026781612242013004,452736.0,0.9055258444032482,0.6178275436430964,0.6209030260428321
33,007,Coos,NH,0.0,0.0,0.0,1.0,1.0,0.0,0.37954326149887424,0.6573882125864506,1376.7333333333333,0.001194822140388101,1152249.6,1.7320508075688772,0.5651975450262484,0.5445664022338784
33,009,Grafton,NH,0.04233605583539353,0.016380465728390026,0.06107801780452052,0.9916698760866962,1.5,0.04913651490632635,7.494503962070905,6.182697643820949,2344.3250000000003,0.00213794646244448,1096531.2,0.8249642237980119,0.6327690518397301,0.8426301575950753
33,011,Hillsborough,NH,0.0,0.0,0.0,1.0,1.0,0.0,28.42827017099761,32.29919559507007,870.0333333333334,0.0015512199134297931,560870.4,1.1361646488086903,0.5707087165017649,0.74476303050219
33,013,Merrimack,NH,0.0,0.0,0.0,1.0,1.0,0.0,30.107479490674717,41.658567394075995,1711.3666666666668,0.0028616487234642157,598035.2,1.383661737840892,0.5395440767057618,0.3863328711643274
33,015,Rockingham,NH,0.0,0.0,0.0,1.0,1.0,0.0,70.0876083986997,7.501941213830729,1055.6666666666667,0.0023734879225662865,444774.4,0.10703662723309458,0.5422939632995576,0.6638327192941663
33,017,Strafford,NH,0.0,0.0,0.0,1.0,1.0,0.0,23.76106211519195,36.90023466315032,701.4666666666667,0.0029722357811765555,236006.4,1.5529707588095427,0.5662452272427836,0.562350951793405
33,019,Sullivan,NH,0.0,0.0,0.0,1.0,1.0,0.0,1.1291471034223048,1.103541649561909,419.1666666666667,0.0012187798516257893,343923.2,0.9773231904126674,0.5483892663070004,0.34576772097239816
33,999,All Other Counties,NH,0.0,0.0,0.0,1.0,1.0,0.0,0.17181766864239345,0.3436353372847869,1957.825,,,2.0,0.5593382092815653,0.45382577954902775
34,001,Atlantic,NJ,0.6894562918447331,0.29148682442108986,0.3700140569451028,0.8374500617364158,6.5,0.1202774869376817,13.56905085755499,11.079393971443343,5212.725,0.014516696334681944,359084.80000000005,0.8165194520790338,0.5190897904445245,0.39282916534514295
34,005,Burlington,NJ,1.1419570360059055,0.5680352872154802,0.5429534626916087,0.6066094225408447,8.25,0.16119721319417193,9.2504721044014,6.104842981759951,27363.2,0.0531401866835701,514924.80000000005,0.6599493423535919,0.5841964999901123,0.40918523820445923
34,007,Camden,NJ,0.0,0.0,0.0,1.0,1.0,0.0,279.00859123139463,262.8642995227306,1204.8666666666666,0.008468754685859949,142272.0,0.9421369369401431,0.5503849085886152,0.4781009539948612
34,009,Cape May,NJ,0.0,0.0,0.0,1.0,1.0,0.0,16.09458763265967,25.636756065398988,176.46666666666667,0.0010804857818357565,163321.6,1.5928805788957296,0.5002135007993782,0.0014233386625210147
34,011,Cumberland,NJ,1.4532714833652722,0.6927093275051657,0.7221722168435196,0.4834557311993554,7.5,0.08179016500625963,9.834460999242244,13.53732709247224,16755.575,0.053506204654608626,313152.0,1.3765194750902268,0.5556085135011497,0.23182875478137074
34,015,Gloucester,NJ,1.4019953836991537,0.6702265479652438,0.6845702916927907,0.5006132465407738,7.75,0.10349706963404556,15.855195162070402,13.843518252478361,13652.9125,0.06569560169145724,207820.80000000002,0.8731219080541831,0.6453137102895535,0.6657387976661896
34,019,Hunterdon,NJ,1.0870898883214621,0.6264306194941365,0.6835060030789282,0.45996149534866027,5.0,0.0434333044283505,11.21616826907345,19.79924355377126,12349.325,0.044880263089035685,275161.6,1.765241308688644,0.7166111061559883,0.9070324822741411
34,021,Mercer,NJ,0.6333701341444604,0.3917907531682272,0.45687997578869527,0.6744796920981144,3.25,0.4224437490422893,8.076134984718202,14.041821964354662,7072.9,0.0489151783738326,144595.2,1.7386809396976195,0.6888477846779405,0.8280873600335525
34,023,Middlesex,NJ,0.2143050005367763,0.12908676245108658,0.19506881795085923,0.9062652068126521,1.5,0.4286100010735526,4.084294663412402,6.981781386730432,5350.9,0.026994644356192688,198220.80000000002,1.7094215677615185,0.6230875173713067,0.5652461256155814
34,025,Monmouth,NJ,0.7396986087124009,0.42425006856046554,0.5335797572709233,0.6718039198183566,3.25,0.5001271311510755,6.99842069039353,12.273126357210272,6173.775,0.020440147979616054,302041.6,1.7536994273661102,0.6581163386759449,0.6473061608048606
34,027,Morris,NJ,0.0,0.0,0.0,1.0,1.0,0.0,14.93331265508685,25.86525624392171,977.1333333333332,0.003255444323617419,300153.6,1.7320508075688772,0.6326141062171882,0.6206654706193981
34,029,Ocean,NJ,0.0,0.0,0.0,1.0,1.0,0.0,18.37299284194235,31.822957089343447,835.6333333333333,0.002052047971542927,407219.19999999995,1.7320508075688772,0.6106724676602944,0.6280940006560513
34,033,Salem,NJ,1.2344413891656518,0.6334687523769897,0.6254172089584249,0.483369942225216,7.25,0.11059591723238216,6.267839590976815,5.9893636369112535,28527.2625,0.13192212518127738,216243.2,0.9555706635398813,0.6801638364929137,0.7610153465869465
34,035,Somerset,NJ,0.25951615895492225,0.15598680645428092,0.23622178782429581,0.8753661394258934,1.5,0.5190323179098445,9.4709040848888,16.423592268805496,5116.825,0.02623991290327874,195001.6,1.7341102941808884,0.6990504692910174,0.7859403247199719
34,037,Sussex,NJ,0.3207697662165657,0.1546271698088494,0.29197722392623815,0.9153446822236544,2.5,0.21681937117209443,8.031177376361404,14.741947046565647,2875.35,0.008618989323945822,333606.4,1.8355897716761196,0.6827815640180329,0.8311366564542245
34,041,Warren,NJ,0.47958246262859533,0.2784553704230144,0.27740370724066377,0.8214857463738053,4.5,0.3217865749859305,11.499290134981784,22.210776461730898,17626.55,0.07695946677564479,229036.8,1.9314910921469746,0.7382887514928704,0.9267929423876942
35,005,Chaves,NM,0.6622191518874433,0.4458945132053421,0.8614011951347902,0.6453997037792849,2.25,0.060423525483792394,0.17702193754244355,0.3540438750848871,10633.2308,0.002736749509130502,3885350.4,2.0,0.7627129888928921,0.9116821044409155
35,007,Colfax,NM,0.0,0.0,0.0,1.0,1.0,0.0,1.0732417671686099,1.0236161656230176,416.9666666666667,0.00017342210149267503,2404345.6,0.9537610228527419,0.8368046910225939,0.999147204139649
35,009,Curry,NM,1.033789583085358,0.5356183032551571,0.4906297714067161,0.625627959311989,8.25,0.09457737380859665,9.250143786078986,6.382628837536208,213722.81565,0.23752046619945588,899808.0,0.6900032026682388,0.7441461798033602,0.8716503231385652
35,013,Dona Ana,NM,1.007407094672751,0.5221201396761858,0.6066437282043188,0.5916721073605427,5.25,0.5475682463424496,4.79304541597458,5.0434000734728635,140122.2546,0.05750739991607962,2436595.1999999997,1.0522328990799636,0.6985818993805686,0.8054405133675765
35,015,Eddy,NM,0.30495053873903494,0.16150444040170087,0.33044741027090707,0.8996670505961623,2.25,0.3462091605418503,3.556995264335443,3.53750581142036,6597.269225,0.00246489332046774,2676492.8000000003,0.99452080999081,0.7495930273518024,0.9435757713341272
35,023,Hidalgo,NM,0.0,0.0,0.0,1.0,1.0,0.0,16.437856083203926,12.00593154118157,3078.6666666666665,0.0013960920547669558,2205203.2,0.730383054846741,0.7524108136970472,0.884991820196031
35,025,Lea,NM,0.9275393477072323,0.48989140445129514,0.5315291789747625,0.6680836778621049,5.75,0.14414359047318684,31.599558518420203,19.073033558321917,22399.411575,0.007967083830933471,2811494.4,0.6035854439929517,0.7461108939893735,0.9522756580419446
35,029,Luna,NM,1.4524285664264855,0.7225371371171798,0.8311329659499701,0.39534992915597594,5.75,0.12208364281326761,14.55826228968633,12.063782116864708,7910.875,0.004168757841245966,1897657.6,0.828655362626018,0.7049257031793481,0.7709654848642057
35,037,Quay,NM,0.6373095813155943,0.328626915445001,0.40877506980897477,0.8059191891506383,4.75,0.0865707259609682,10.962846437024705,5.355474444121794,71168.904075,0.03867969398113606,1839955.2,0.48851130724907416,0.778861353581907,0.9453775343642231
35,039,Rio Arriba,NM,0.0,0.0,0.0,1.0,1.0,0.0,24.77792621885079,15.082798296123846,561.8000000000001,0.00014985796303283068,3748883.2,0.6087191544161193,0.8550410779511144,0.9945706454616884
35,041,Roosevelt,NM,1.3128895158466938,0.6604741523062433,0.6425262187769618,0.4884750465445364,7.75,0.0789104374496936,11.441130395281062,6.373898307370648,164866.35495,0.10520877255845415,1567040.0,0.5571038950836175,0.7220003930474567,0.8277969155204489
35,059,Union,NM,0.8289683411072724,0.5308914535871019,0.5979742573847062,0.5175920685550736,4.0,0.021768352118910303,5.996690524910952,3.7651961373004657,38583.0745,0.015740484048629242,2451200.0,0.6278790145430053,0.7371490067870599,0.9116703905934894
35,999,All Other Counties,NM,0.0,0.0,0.0,1.0,1.0,0.0,6.185737720831986,5.791687189964198,29879.075,,,0.9362969222667288,0.5813665603726628,0.5184080982811168
36,001,Albany,NY,0.0,0.0,0.0,1.0,1.0,0.0,7.2993110388605045,12.642777579554757,1371.1333333333334,0.004092837583978094,335008.0,1.7320508075688772,0.5684631402536025,0.799700754384034
36,003,Allegany,NY,0.28947236990325104,0.16594887121419286,0.3045289905331472,0.8927037317312858,1.75,0.40069407646532523,4.927404554177174,3.1925352509843226,2534.95,0.003844673346469686,659340.8,0.6479141738580959,0.7368925018975955,0.8996371660284868
36,007,Broome,NY,0.0,0.0,0.0,1.0,1.0,0.0,6.302110103949893,8.258667370849537,1918.7333333333333,0.004241561972402215,452364.80000000005,1.310460660735419,0.6538478528225917,0.838035857264886
36,009,Cattaraugus,NY,0.5380249812096627,0.2480435639251086,0.3727575840001868,0.8622070651233716,4.5,0.07971738783675036,6.079488382859044,8.621571771247472,8561.3625,0.010212718178608237,838304.0,1.4181410060023745,0.688116454271444,0.7503998597232163
36,011,Cayuga,NY,1.227446806745414,0.6083046562647291,0.582525117669128,0.5464682589447236,8.25,0.12207174214631361,9.560741037297865,7.808277522577464,40657.9,0.09164714612366197,443635.19999999995,0.8167021250880261,0.6578076551082729,0.8057211263105701
36,013,Chautauqua,NY,0.7293752804122267,0.4977342634024361,0.5941282608945924,0.5672567238713664,3.5,0.016267883063433918,18.08823262105585,17.871177007721396,19453.96085,0.028620887743632598,679712.0,0.9880001757008704,0.6729648900634765,0.829593945981018
36,015,Chemung,NY,0.0,0.0,0.0,1.0,1.0,0.0,1.0498488669494674,1.1662886996198072,2912.433333333333,0.011148974896080882,261228.80000000002,1.1109110428519844,0.7133236592506682,0.83157925766361
36,017,Chenango,NY,0.0444626407590704,0.016003477093710694,0.06414603132793836,0.9919058136607466,1.75,0.03193149513915134,1.4669485194808278,0.9701365104786684,3993.925,0.0069776240132608785,572390.4,0.6613296224069352,0.6708468879738714,0.8357213852265287
36,019,Clinton,NY,0.5573933113119504,0.3547248906176078,0.5778961329913109,0.7710967995419901,2.75,0.0223006592333216,33.4780694116976,35.443672437212506,11048.45,0.016616009552914,664928.0,1.0587131534182226,0.5722119649089349,0.750365977257019
36,021,Columbia,NY,0.46728629244803843,0.26495490037286323,0.38895319933722433,0.8446553614418006,3.5,0.025517029367011806,30.120776110396147,25.528866361208173,12303.15,0.03023873637393233,406867.2,0.8475500852847188,0.5729390582211673,0.8656842535151874
36,023,Cortland,NY,0.0,0.0,0.0,1.0,1.0,0.0,0.8200577599771842,0.7585602701672594,2672.075,0.00835608363354348,319776.0,0.9250083435444403,0.6584063372701302,0.7399351744210569
36,025,Delaware,NY,0.0,0.0,0.0,1.0,1.0,0.0,1.4389949528198376,2.4924123701191383,648.5,0.0007005684921562255,925676.7999999999,1.7320508075688774,0.6323627955147385,0.8524428778958594
36,027,Dutchess,NY,0.48859967977825125,0.27175406535521995,0.44474259465147575,0.8344105217213775,3.0,0.21301728389154548,16.392622064367664,12.574477504952933,5248.25,0.01023015584650507,513017.60000000003,0.7670815233571351,0.582361582430517,0.8057453932293385
36,029,Erie,NY,1.2649968253283117,0.5562008050001945,0.6009074950231574,0.6457220047541528,8.25,0.1353133535626487,15.71232966877726,7.796521811072865,14044.8875,0.02101601853913485,668294.4,0.4962040623782045,0.6907368715897045,0.718208435107622
36,031,Essex,NY,0.0,0.0,0.0,1.0,1.0,0.0,23.010231370831733,36.947837211660556,1029.9666666666667,0.000895660572499258,1149952.0,1.6057134157501969,0.5931795835483815,0.852244830836595
36,033,Franklin,NY,0.18800586881900472,0.08878835116825931,0.2712351346031991,0.9534033913762096,2.0,0.019829447640119836,2.558369239995423,2.7569010714261712,7787.225,0.007457930519034747,1044153.6,1.077600929657481,0.6355411401299857,0.693017131231863
36,035,Fulton,NY,0.0,0.0,0.0,1.0,1.0,0.0,12.91884694411245,12.896648908135038,813.3732,0.0025614116633411936,317548.8,0.9982817324120765,0.6815744472635276,0.9276937783913747
36,037,Genesee,NY,1.8504156496488873,0.7880326209416689,0.7619824053805193,0.38347300982865173,11.5,0.10210097581092244,7.262419564049809,6.411757493917583,28937.9,0.09150891248912185,316230.4,0.8828679529418617,0.6704986917044843,0.8390358529241229
36,039,Greene,NY,0.0,0.0,0.0,1.0,1.0,0.0,3.85203791372634,3.0998557463060594,834.2666666666668,0.00201241476907243,414560.0,0.804731369662807,0.5846463181745006,0.528131285716936
36,043,Herkimer,NY,0.10263687056541917,0.045875864633855845,0.14807370417709267,0.9761343258741947,1.75,0.08711238694237548,5.958270786773758,5.426814952329639,2259.425,0.002501577723649247,903200.0,0.9108036788754464,0.6964020655624465,0.849864251214327
36,045,Jefferson,NY,0.4225135311332718,0.2021634556963813,0.29331666238494103,0.8859608516127242,3.5,0.29128072673506517,10.013298200327469,8.11868819015187,10026.2125,0.012314067781205786,814208.0,0.8107906134151044,0.7330923634451271,0.8614652845998902
36,049,Lewis,NY,0.0,0.0,0.0,1.0,1.0,0.0,25.31259653466991,41.28788421634927,4815.266666666666,0.005899118852351905,816268.8,1.6311200694009593,0.6231417424793356,0.6891892671941783
36,051,Livingston,NY,1.625433117650037,0.7174235518227094,0.7138283383411533,0.4739546997550514,9.75,0.0756770009876902,7.59035759281968,6.105525360938578,36617.725,0.09051175440573932,404563.2,0.8043791463414421,0.699830293893424,0.8786422739174059
36,053,Madison,NY,0.5111024845763301,0.25916594258322767,0.30326597405305533,0.8317048992398721,4.25,0.4417604309318056,8.864903817941375,3.3027874548232905,8572.675,0.020423268208916538,419750.4,0.3725688989584853,0.6690358413960527,0.858526558941346
36,055,Monroe,NY,1.8026483082603577,0.7784472213109039,0.7793879073148878,0.37816523141131847,10.25,0.02120896472010014,10.966867898590941,14.04644536668818,31384.7,0.07438091545450409,421945.6,1.2808073824334945,0.6698370614249926,0.9016564523574592
36,057,Montgomery,NY,0.2380515635934036,0.11185226179845922,0.23166739198714312,0.9398268910841383,2.75,0.127307290218131,23.511860561010195,39.751936483374706,11048.505,0.042644358140655106,259084.8,1.690718451660754,0.6833153747461852,0.8859023273455289
36,063,Niagara,NY,1.2942345851048593,0.6136617200492409,0.5762223849338146,0.5786428327838435,9.5,0.035926284223024865,14.800177416759523,15.903474635003374,37914.725,0.11328378967874558,334688.0,1.0745462157091774,0.6585101865718694,0.9084505163244306
36,065,Oneida,NY,0.1780120650150127,0.0868683007742013,0.2102847983159608,0.952467212664238,2.25,0.16040974469166183,0.7465354749847835,0.4087029469007968,4736.325,0.006102504999175393,776128.0,0.5474662097057441,0.6819640452967992,0.8462533017698877
36,067,Onondaga,NY,0.9153127219049354,0.4210547505303503,0.5108457567126911,0.7479747575646657,6.0,0.09120608131883444,3.101965435165261,2.4938235595750258,18637.85,0.03732156073382973,499385.6,0.8039494996636428,0.6339738814334932,0.8171063553055047
36,069,Ontario,NY,1.5830862085211361,0.6991794353455054,0.6746877738767593,0.4944388744804444,10.5,0.16698879576917822,16.729684862250714,8.351726411377847,28622.364999999998,0.06940383828253514,412403.2,0.49921600317904935,0.6638841219869477,0.8366954380368645
36,071,Orange,NY,1.4092296093881438,0.7023214771742006,0.753610326033324,0.4055760059942884,6.5,0.09852282510592697,136.92433405682212,66.58218999461448,13187.275000000001,0.02524085208062817,522457.60000000003,0.48626995671188433,0.5882616850914661,0.7933109456429438
36,073,Orleans,NY,1.8510847595017468,0.7749088714196055,0.6928744015493317,0.38876384615921156,14.5,0.08403283916969177,9.855735231572417,9.873219449366095,56078.41,0.22386948294583547,250496.0,1.0017740145593266,0.6175750267127401,0.8192331070266144
36,075,Oswego,NY,1.1819311138451256,0.6496696116147993,0.7890668290605338,0.4467138042329345,4.5,0.10397726170212383,14.681969186199348,14.059621149354241,5114.275,0.008382518291723486,610112.0,0.9576114055987737,0.5949292837415571,0.5032728223704594
36,077,Otsego,NY,0.0,0.0,0.0,1.0,1.0,0.0,0.2613198880773794,0.49932233532082176,3517.7749999999996,0.005481176144295971,641792.0,1.910770508109844,0.699108230390303,0.8856665397225534
36,083,Rensselaer,NY,0.2154434491614867,0.09957280988907544,0.22502065078711972,0.9475857095358533,2.75,0.007838067775696539,8.430950410169237,10.155109558752262,8530.65,0.0203821955853569,418534.4,1.2045035333742897,0.6370426100468655,0.8027310361231085
36,089,St Lawrence,NY,0.006252992793285425,0.001896588344445338,0.00902116169358731,0.9990480812304017,1.25,0.01250598558657085,25.842462973170626,17.621565408804404,6028.5,0.0035074215259159967,1718784.0,0.6818841310558876,0.7212235261357577,0.8225583514628528
36,091,Saratoga,NY,0.12201935662294974,0.05598340410031008,0.13574976798947663,0.9704259102920691,1.75,0.14880130515321777,3.9526410751256513,4.988439020057019,4432.225,0.008530438956567795,519577.60000000003,1.2620521128138205,0.6176133090891301,0.7419098174815579
36,093,Schenectady,NY,0.0,0.0,0.0,1.0,1.0,0.0,2.800580431177446,4.850747597482489,472.70000000000005,0.003583666909267346,131904.0,1.7320508075688772,0.5777917451297363,0.4313424457142014
36,095,Schoharie,NY,0.1418258612266376,0.06708753066125778,0.20461146666147637,0.9647777802707714,1.75,0.09613845213295216,3.895025689603274,6.581238486897817,4221.925,0.010605378946818431,398092.8,1.689652138743184,0.6245073933247168,0.652259104002828
36,097,Schuyler,NY,0.6637106731680967,0.33839671520549486,0.43271595711997146,0.7866246931491753,3.75,0.4569869625649723,19.70367215454399,20.614216917399915,2331.2,0.011081196191171549,210374.4,1.046211932258827,0.6951192521465527,0.9243180202022061
36,099,Seneca,NY,0.8188458286382201,0.44738616393993424,0.43374525049003076,0.5907800382492427,5.25,0.550220244254403,7.739699315691858,8.847270863876332,18474.862500000003,0.08884605785063555,207942.40000000002,1.1431026585152897,0.7371306211398527,0.9461300058810289
36,101,Steuben,NY,1.0661738787214905,0.5139581648828964,0.5789755551303866,0.6706867284664502,6.5,0.0196127771368313,17.81107022734873,18.042576188643388,15671.487500000001,0.01758293544544893,891289.6000000001,1.012997869209408,0.6795509985209636,0.8495269609783884
36,103,Suffolk,NY,0.821177927549877,0.4121540902923155,0.5102265338760005,0.7221824690414561,4.0,0.5610618297283656,2.2894129129417475,2.390743059366567,2818.0249999999996,0.004826972223744792,583808.0,1.0442603192512865,0.529524741939305,0.18816439713421737
36,105,Sullivan,NY,0.0,0.0,0.0,1.0,1.0,0.0,13.547811366089858,11.732882122290581,1114.2333333333333,0.0017953713825095477,620614.4,0.8660352440142441,0.5861633721802678,0.628342077318558
36,107,Tioga,NY,0.05040466866662058,0.01814046843104128,0.06165475021302096,0.9908010204304066,2.0,0.04373335488564169,1.8832463662060324,1.5495124714850812,3290.925,0.009913571328731996,331961.60000000003,0.8227879789337983,0.6490291374124383,0.5537858687168064
36,109,Tompkins,NY,0.640410846222061,0.33799253133025,0.47583579025499867,0.7868351435413304,3.25,0.43116592269952825,2.7757199823958842,1.3790961536840107,5449.5,0.017886448377271297,304672.0,0.49684267953197253,0.6644708597316605,0.828452598286667
36,111,Ulster,NY,0.8105871880174713,0.46282281563298333,0.5847150581804679,0.6953296509618822,4.0,0.137390481108667,64.06788796802005,77.60098935142771,7108.875,0.009860465509818195,720947.2,1.2112306463132172,0.5203428973940799,0.8500589747588622
36,115,Washington,NY,0.1568120158192302,0.06821263411531384,0.19397684857898828,0.9645081011272232,2.25,0.08341334605359872,9.79556998479396,4.164122352994025,7419.475,0.01387643599480513,534681.6000000001,0.4251026085728704,0.6180127648222602,0.7739459027466278
36,117,Wayne,NY,1.5103378619742975,0.7301650298181124,0.6873843837143577,0.3675153750816269,9.0,0.02847870204110732,20.005654897884966,19.285862450744098,34181.2375,0.08839341221388258,386694.4,0.9640205506485585,0.616760305729129,0.8265882143922249
36,121,Wyoming,NY,0.747557656139872,0.3407674967184027,0.4087992562360362,0.7994056344989516,6.25,0.21547809170614018,6.492838688610625,6.817624670248302,16138.05,0.04252871957801353,379462.39999999997,1.0500221855515057,0.6741544945058866,0.7443824478816271
36,123,Yates,NY,1.809683469961303,0.790732502136852,0.8236224410684739,0.35648724419079786,9.0,0.016366104350674763,21.96328263999027,20.522572358252415,13742.475,0.06348337626389547,216473.6,0.9344036906798877,0.6935949307034293,0.9026846323795342
36,999,All Other Counties,NY,0.0,0.0,0.0,1.0,1.0,0.0,41.6981459713614,58.97008355851233,18842.25,,,1.4142135623730951,0.5127975545433913,0.05640306853266634
37,001,Alamance,NC,1.295776090317219,0.7040681202637417,0.9024361811559111,0.3863916579580656,4.25,0.0373079839563219,15.869410730774105,8.395130037573416,3827.8983749999998,0.013909837928643691,275193.6,0.5290133439733528,0.7049123841855393,0.8683833219558724
37,003,Alexander,NC,1.0906726602921855,0.5133872111546766,0.5743794925085235,0.6696671784927546,6.75,0.11416551575530436,24.841110319127488,15.44120779277573,3608.081,0.021668178040202934,166515.2,0.6215989379865241,0.6995204843830695,0.8236491785154348
37,005,Alleghany,NC,0.30340277091272483,0.16875900841959746,0.4377176729877583,0.9042700193083524,2.0,0.11586165972022215,44.30024811748535,20.49743869484456,1710.59115,0.011390576057425952,150176.0,0.46269354159111814,0.6597647724360781,0.7790222840211518
37,007,Anson,NC,1.3668502422091313,0.7130064034938639,0.7831833177586792,0.407029706776319,5.75,0.06777004241938399,9.757062008747049,4.740292854747439,18722.3975,0.0550327258757078,340204.80000000005,0.4858319902546323,0.7198623645863444,0.9249429648082853
37,009,Ashe,NC,0.1161244034925733,0.05207587430525934,0.16753210104492453,0.9729724811820182,1.75,0.07887685644033464,964.0152382499342,130.98836401580644,562.7990325,0.0020636272693338887,272723.2,0.13587789779506151,0.6597983077425917,0.7413343721607262
37,011,Avery,NC,0.0,0.0,0.0,1.0,1.0,0.0,275.4911457723227,115.53618434191274,41.571333333333335,0.0002629765519568151,158080.0,0.4193825686049331,0.5286309296495241,0.14119595587999412
37,013,Beaufort,NC,1.447528918479185,0.7305755094114132,0.6980901771520474,0.37777915468734313,8.0,0.03908523965586125,18.78782945564581,6.958482897173467,140137.3047,0.26445950770408344,529900.8,0.37037183638487936,0.7241654374896128,0.8998972479664293
37,015,Bertie,NC,1.348978888995468,0.6838622004063234,0.752879452941666,0.4838915915177468,6.0,0.022546430598009252,8.29201562767915,5.195994297998617,68357.2811625,0.15275998200261193,447481.60000000003,0.6266262066190681,0.7234355369894337,0.8554327946541697
37,017,Bladen,NC,1.6036258131238283,0.7516545718840549,0.7736070260196476,0.35271180307623123,8.0,0.03241864160761096,25.61682654584952,14.489471649664603,52490.3247575,0.09373915060872029,559961.6000000001,0.5656232095623184,0.6833194329973206,0.9008783715636862
37,019,Brunswick,NC,1.1315412828724798,0.5890194389487455,0.70919783016142,0.5796839674617276,5.0,0.14443643206658288,52.4030916406917,35.09042539142599,15163.71925,0.027718283236964635,547065.6,0.6696250983057993,0.7223433709559797,0.8026375947184368
37,021,Buncombe,NC,0.8646420179465383,0.530416360946678,0.7473866284953767,0.5583525503291847,3.5,0.12033433530109622,683.5483609169216,226.22908612092237,1529.2633449999998,0.0036425463445517465,419833.6,0.33096280973807823,0.6411016721883677,0.7906097995554913
37,023,Burke,NC,0.0,0.0,0.0,1.0,1.0,0.0,185.9138015048602,312.4516362102067,879.2000000000002,0.002711063309125355,324300.80000000005,1.6806263638368908,0.5248407035256552,0.29613808663324465
37,025,Cabarrus,NC,0.26809698595484405,0.14211852713157747,0.1665780232238822,0.9009845463609172,2.0,0.5361939719096881,5.203572958495432,4.678779314456163,9712.3475,0.04164643093594775,233209.59999999998,0.8991474419163312,0.6723153876453608,0.8575178393177786
37,027,Caldwell,NC,0.16680530398005494,0.11857471848415807,0.24064918484600134,0.9033400809716599,1.25,0.33361060796010983,724.6101982904947,1447.3171740646862,458.6,0.0015194285411365563,301824.0,1.9973734533121486,0.5456660730613818,0.2796192231747247
37,029,Camden,NC,1.2657023908693787,0.6724446791772598,0.8121267943046795,0.4344822365506765,4.75,0.17298154266474355,7.2140420199179305,6.546362868114932,33827.074775,0.2196061340200162,154035.2,0.9074472882248897,0.6955943552628513,0.9461602718497197
37,031,Carteret,NC,1.275158754435787,0.6675962193328264,0.683130256295821,0.40598946661802304,6.5,0.16053837332147716,16.41300833400299,12.418988526142378,51959.8971325,0.15617755322701454,332697.60000000003,0.756655225746388,0.7701991304913094,0.9054278751959625
37,033,Caswell,NC,1.0546571066581425,0.5619661283934799,0.7607742888070024,0.6119542750298304,4.0,0.11831361260435487,130.96727384312663,80.601009297599,3151.546995,0.011595573456301364,271788.8,0.6154286252773603,0.718091248911984,0.7860264097414724
37,035,Catawba,NC,0.5295665445940377,0.3066914836883148,0.4019958209344724,0.7648690093470754,2.5,0.6127984356194485,6.53787142668559,8.572348872048527,3769.89,0.014727237355301646,255980.80000000002,1.3111834590473626,0.6588215682304076,0.7414647272495309
37,037,Chatham,NC,1.472340780366004,0.7474711656215927,0.8981733547678556,0.3519422052799827,5.25,0.14549910353801276,161.694045312652,32.863589120659675,2181.963415,0.0049927770900453985,437024.0,0.2032455125797277,0.6912325798475499,0.7164322436693499
37,039,Cherokee,NC,0.0,0.0,0.0,1.0,1.0,0.0,29.81503842014217,35.383774693300815,102.16000000000001,0.000350677738966146,291321.6,1.1867760891227486,0.786386940728313,0.9527838531701834
37,041,Chowan,NC,1.1553271429235088,0.5803260329311964,0.6197415042103996,0.6009129225945672,6.5,0.1292817629603123,3.3821908343360354,4.135678755473978,20512.512247500003,0.18565106804169806,110489.59999999999,1.2227810191809776,0.7038741281801947,0.8587062561290748
37,043,Clay,NC,0.0,0.0,0.0,1.0,1.0,0.0,140.05535241614615,208.29276513346073,215.16,0.0015658476944573824,137408.0,1.4872174575275132,0.7236321253143412,0.8853970518174529
37,045,Cleveland,NC,1.391073903133417,0.6903739179536265,0.7438098599634695,0.4671395953996666,6.5,0.11836999371178543,13.94540482140581,8.352206654550793,11936.25,0.040140306534231535,297363.2,0.5989217782857322,0.6778015886637595,0.8746779788471802
37,047,Columbus,NC,1.4308802496906594,0.6788033475838926,0.6026245933692513,0.4826132285882475,10.75,0.08334470698836664,69.4519174672084,14.430327836259154,102586.97471,0.17110605036760781,599552.0,0.20777436192560714,0.7197359809444466,0.844523225018101
37,049,Craven,NC,1.3292793718190552,0.6980267958919619,0.7628954784071955,0.4068043143182501,5.75,0.039388389334947836,37.41339254778221,28.145764982927794,50224.6038,0.11077444975156332,453395.19999999995,0.7522911734609915,0.7167071083084846,0.8229222874835745
37,051,Cumberland,NC,1.426326175229481,0.7079636037873093,0.7097638199312628,0.42059775121370513,7.5,0.044771904503709437,23.2256360522212,14.95465402981739,38528.471424999996,0.09223056839312797,417740.80000000005,0.6438856613525203,0.7311943876677401,0.8734262480024252
37,053,Currituck,NC,1.1771559600654484,0.6506623027963883,0.7586736949851087,0.4592126787368752,4.75,0.07408711244249207,6.86210409653406,6.771612001560608,21213.3833,0.12665613835021017,167488.0,0.986812777290983,0.7093187800877018,0.9266558496378741
37,055,Dare,NC,0.0,0.0,0.0,1.0,1.0,0.0,2.3692855941470596,2.0822242707144714,1959.0,0.007979919443140936,245491.19999999998,0.878840556773009,0.7343292796805708,0.9660328420630043
37,057,Davidson,NC,1.4277252889957686,0.7075169007131915,0.8168003134286861,0.38889185972692164,5.75,0.1174400027310571,4.210064262848892,1.8276743935695083,10470.306065,0.029629363807955268,353376.0,0.43412030778189276,0.6799522805544963,0.8395239124086719
37,059,Davie,NC,1.1483548161500243,0.6489882373137419,0.7691004878670138,0.44855209013561836,4.5,0.054053398089804985,11.672036147388416,11.718778330452388,9340.153,0.05503427506787842,169715.2,1.0040046297384393,0.7003041874597135,0.9174312969179154
37,061,Duplin,NC,1.4808450557246964,0.741024262977528,0.6927915581977372,0.35731381322729666,8.5,0.04904548236372995,25.738996041585835,20.625345410183936,114318.3500925,0.21843691930041853,523347.2,0.8013267252871905,0.713087615564976,0.8720633227028883
37,063,Durham,NC,0.9431295994994953,0.5381298181259189,0.8029071421564208,0.6056100011039436,3.25,0.17276387642748023,38.65185344493288,63.89516396493707,1265.853625,0.006812814442899215,185804.8,1.6530944384327706,0.6856167736738266,0.6763533295696209
37,065,Edgecombe,NC,1.3629440152491978,0.6587455084487568,0.7158526797417095,0.519562309596195,6.75,0.04584245751046369,30.572500377223008,40.455079563492724,95558.91941999999,0.2956474102404808,323219.19999999995,1.3232506031345868,0.7265034887410895,0.8595386473644736
37,067,Forsyth,NC,1.2583491684376837,0.6772477541185603,0.8410940449622738,0.4301582153478362,4.5,0.13681247933646162,4.027801390097455,4.509107200076228,3511.64839,0.013395875511169433,262144.0,1.1194959143621348,0.6832697909095952,0.6862654769333884
37,069,Franklin,NC,0.9351172151872125,0.48667631761092517,0.5218988548669927,0.6710380829491581,6.0,0.07749132185277915,25.628558719724424,23.91802576532283,15489.9022,0.04919103326592415,314892.8,0.9332567635539676,0.7192938989271527,0.8178423648679508
37,071,Gaston,NC,0.0,0.0,0.0,1.0,1.0,0.0,1.5826889867881657,1.9227374354830016,896.8666666666667,0.003934067450848283,227974.4,1.2148548777008388,0.7005551909947637,0.8823905565735098
37,073,Gates,NC,1.3045825712076478,0.6638690465544792,0.7281013962045374,0.49873187338065733,6.0,0.07517739546275945,2.9831292351604546,2.018726455069669,28747.765147500002,0.13187628972422638,217990.40000000002,0.6767143814207188,0.7141205799554148,0.8788720755006648
37,075,Graham,NC,0.22909028808761453,0.16471173437248846,0.33050742253982546,0.8513838748495788,1.3333333333333333,0.3967960184883395,141.36030807892192,78.49772989371561,47.666666666666664,0.0002550045080517228,186924.8,0.5553024817255638,0.5321849112723637,0.16654363802652777
37,077,Granville,NC,0.9851489340850714,0.5401219206190129,0.7272881253666215,0.6166950672054072,4.0,0.18787374858697217,13.643998505183506,11.168813927586365,6949.419437500001,0.02044447181633859,339916.8,0.8185880351235167,0.7118352625110747,0.7607432649258989
37,079,Greene,NC,1.394651031746207,0.7061903282216253,0.7167088533986383,0.38859477946675636,7.0,0.05641971704704681,23.675507204440066,18.378295720635794,54995.210695,0.32377549627331387,169856.0,0.7762577402011965,0.7322590249514793,0.8582574281026154
37,081,Guilford,NC,1.3194007844472027,0.7131485210034225,0.8837454033667825,0.39140629616246925,4.5,0.0597939881288269,15.514985338975952,12.964722766278442,8900.395,0.02141428842274645,415628.8,0.8356258470776075,0.673839216182719,0.7389828483272816
37,083,Halifax,NC,1.0994871319934716,0.5539950085784386,0.5683615347447593,0.6254688314538644,7.0,0.038825346392745305,16.212612828215835,14.141669116952944,90616.76719,0.19519783105544142,464230.4,0.8722634202638394,0.716523866399803,0.8425968443345243
37,085,Harnett,NC,1.3365395439018604,0.6828986549161993,0.7300385987523491,0.42375682851304347,6.25,0.07793320565873808,35.843917980441226,40.2085308967847,48504.89937,0.1273741706284348,380806.4,1.1217671828934854,0.7261900513942509,0.8525577931763773
37,087,Haywood,NC,0.8311367424358748,0.5303991534979516,0.7655139718038062,0.5350921134637313,3.25,0.0970500204218543,488.2716376444255,147.96276890413185,955.0803825,0.002695360144594607,354342.39999999997,0.3030337162689816,0.6589076071943603,0.8552372060330508
37,089,Henderson,NC,0.6993496784893746,0.4002595124255651,0.4941210359735858,0.742784771648628,4.25,0.14084805501337486,505.0634219776256,178.33675313440816,6424.51,0.02684036597593583,239360.0,0.3530977405493216,0.5914856380585867,0.8286387625674467
37,091,Hertford,NC,1.459009782256088,0.7413410004872799,0.8367432950010785,0.3684635416135311,5.75,0.038155600513616626,13.993364798664594,10.516686496682862,38001.022825,0.1680818608505421,226086.4,0.7515480835378839,0.7336363955100601,0.8481888034686875
37,093,Hoke,NC,0.9473558206379682,0.48259008333016923,0.5287293506232273,0.6741922780107904,6.0,0.10739681645957318,3.881466228410083,2.2936374774062505,25506.783625,0.10187456714823881,250374.4,0.5909203745270676,0.659619382869467,0.805166626412747
37,095,Hyde,NC,1.403480860960607,0.7251294105567033,0.7882993960469431,0.3567125395658073,6.0,0.05485130718105136,11.708868417733397,6.821545843279702,78783.01065,0.20087867842791285,392192.0,0.5825965071866626,0.7155690949499676,0.9181181624296348
37,097,Iredell,NC,1.062249927019765,0.5892970429491892,0.6858840323087461,0.5450278430334343,4.75,0.047840272708416696,5.5114442245204,3.5796311781202386,20552.627875,0.055794223212967134,368364.80000000005,0.649490593081659,0.6857058327870097,0.8559734510213673
37,099,Jackson,NC,0.0,0.0,0.0,1.0,1.0,0.0,587.0135321230905,765.1051110109946,63.43333333333334,0.00020198199207950386,314054.39999999997,1.3033858150489113,0.7268992166650962,0.9684843750194578
37,101,Johnston,NC,1.4554002810564375,0.6751382282483107,0.6033152743198062,0.5204480302998583,11.25,0.07045935571071306,56.52796307527043,48.31203304819971,90657.1629,0.1788871844809623,506784.0,0.8546572425379859,0.7191512031801258,0.8482651146110177
37,103,Jones,NC,1.2430057633900873,0.6336511830922804,0.7723229046532002,0.5362099005266413,5.0,0.10773413568099169,32.50633443384616,22.607355979061065,47471.44513,0.15718855008821098,302003.2,0.6954754011120334,0.7231318326288669,0.868092148996958
37,105,Lee,NC,1.2487341688487108,0.6314011317062793,0.682804340213806,0.5286324693901557,6.25,0.09845448523625847,65.21415825643483,23.94027301238956,8428.557675,0.05119187346337363,164646.4,0.36710238470382034,0.7451778978667666,0.9096400379282328
37,107,Lenoir,NC,1.4235874430631188,0.7231685319633612,0.817161271381393,0.39946657063237284,5.75,0.039699003164722316,31.867296486946785,18.809171945170377,81769.9407975,0.3195336563613699,255904.0,0.590234316013435,0.7082581427810013,0.8100152056288774
37,109,Lincoln,NC,1.3183998434938533,0.6723623397003298,0.7535178992816084,0.4759510140468607,5.75,0.1476418062120067,13.712505308672746,10.47093497970355,5915.475,0.030934534915827167,191225.6,0.7636048077283879,0.6725646639026743,0.8963969183463526
37,111,McDowell,NC,0.0,0.0,0.0,1.0,1.0,0.0,108.45478623195679,108.85111616290105,268.3933333333333,0.0009494760535531002,282675.2,1.0036543332453454,0.527968016054234,0.19878279417715375
37,115,Madison,NC,0.20115351870089299,0.09665254673885218,0.2213122667419085,0.9482719127761057,2.25,0.13525896697008277,1102.0630266949206,209.34169468500744,1569.2394975,0.005455780149623403,287628.8,0.18995437612386085,0.6557808528631047,0.8086630971497486
37,117,Martin,NC,1.1525173121856678,0.5606658181582642,0.6172977092765649,0.625692364079835,6.5,0.09013136721906086,10.388990380022499,9.617065914474482,67875.8474975,0.22997161939164246,295148.8,0.9256978361408065,0.738254821748663,0.865032798847194
37,119,Mecklenburg,NC,0.0,0.0,0.0,1.0,1.0,0.0,3.638603316523992,3.2049011332048067,2168.49,0.006438142481188722,336819.19999999995,0.880805313030521,0.5166079726245791,0.07592088448589265
37,121,Mitchell,NC,0.19440649049548533,0.10046136703921621,0.2804692797544641,0.9458524521096515,1.75,0.12985999367040219,1527.1561309654378,481.7707681413316,363.94034,0.0025681108307365756,141715.2,0.31546922961751506,0.6873682192725402,0.7864723088932162
37,123,Montgomery,NC,1.057449188024908,0.5362739665569176,0.6328234257380372,0.5502978069665023,4.25,0.7126167559363503,17.934412488895084,25.577101927506636,2555.5475,0.008122544688262815,314624.0,1.4261466297456844,0.7071872333787705,0.8508591551223805
37,125,Moore,NC,1.2373758975679734,0.6375242946280094,0.7688248723410377,0.5095410885502721,5.0,0.1222573412084003,27.459275616575617,5.165175219093683,5120.2498775,0.011466148470194844,446553.6,0.18810311281393594,0.7059358482775177,0.762650841435602
37,127,Nash,NC,1.4118816251844166,0.703843904934985,0.7407746602216967,0.39794762045432736,6.75,0.06337455288369816,30.473994039592316,36.62115147716267,51675.22535,0.1494484972502175,345772.8,1.2017181413628901,0.727428147019225,0.8538209280941417
37,129,New Hanover,NC,0.0,0.0,0.0,1.0,1.0,0.0,2.779264159815797,4.813826732456188,292.8666666666667,0.0023003275859179943,127315.20000000001,1.7320508075688772,0.60450265677147,0.5089519862389627
37,131,Northampton,NC,0.8638679940668235,0.4660777123961229,0.4722840517370232,0.6905812897539025,6.25,0.031348349308225366,4.605381355533328,1.925647822378057,77232.09285,0.22493875834723567,343347.2,0.41812993837403,0.7237699238043025,0.8420099370971175
37,133,Onslow,NC,1.425782704879641,0.7307071857332732,0.818284257415177,0.36868498558541185,5.75,0.018255978964535246,29.40238047766232,22.799302661124333,29896.688065000002,0.06091856641918898,490764.80000000005,0.7754237000791654,0.7184773983586611,0.8620128394331983
37,135,Orange,NC,1.4194918555116298,0.7392904372175334,0.9140959300736616,0.3391389636839269,4.75,0.0986527890434196,11.128148878996567,5.111617223623894,4931.3132125,0.019270650496526737,255897.59999999998,0.4593411967440188,0.7068189105779143,0.8239670737025632
37,137,Pamlico,NC,1.4282123294502655,0.7180897124910823,0.797100478037704,0.4209307501840993,6.0,0.029183529164113507,7.115217568203816,4.653309838116816,44244.175425,0.20517458331323826,215641.6,0.6539940337047923,0.6979031798550167,0.8782167510336119
37,139,Pasquotank,NC,1.5051452694834615,0.7172283821316178,0.7363477758947756,0.43894569397262284,7.75,0.02932791355675887,21.152237971512587,4.883450220685402,65506.79225,0.4511387645038126,145203.2,0.2308715620192216,0.7012547339447643,0.917934552166802
37,141,Pender,NC,1.3995903084058563,0.6931959150701481,0.7004151623636382,0.4358989102045312,7.5,0.069822490275555,18.897582491879916,12.144852510627054,32073.304425,0.05755859069918856,557228.7999999999,0.6426669927672264,0.6747390111398728,0.8461971874408366
37,143,Perquimans,NC,1.4464703296375165,0.7387555374786584,0.8072904619617836,0.3503074487477428,6.0,0.03447528408217552,4.330991254423671,2.9302405559000104,45827.2124625,0.28969947595847495,158188.8,0.676575034158073,0.7175015837105768,0.9129483941063425
37,145,Person,NC,1.2624317209780518,0.6850845918864295,0.9106519916579774,0.44164992670422215,4.0,0.0660503013275648,27.39646069039053,5.551007846745025,11524.717945,0.04590087377090184,251078.4,0.20261769976338853,0.7123747579843834,0.8527653365423458
37,147,Pitt,NC,1.4984780223569416,0.7246453244657868,0.7454673792453564,0.3917133032872036,7.5,0.03280798141052533,24.83398106368754,21.58071091502714,113117.15051,0.2712568643480079,417011.2,0.8689992498457141,0.7266509797209224,0.8113513873985846
37,149,Polk,NC,0.0,0.0,0.0,1.0,1.0,0.0,259.1256704129723,117.7353043314063,819.3666666666667,0.005382637867003014,152224.0,0.45435600472840015,0.5704640506375658,0.6976707114360957
37,151,Randolph,NC,1.1471247974922099,0.6256205554865625,0.7383385780795955,0.48132051358994404,4.75,0.10296668682523373,1.366162957060499,0.9163374661231297,7944.32975,0.01576536175875711,503910.4,0.6707380414520716,0.6495256308078812,0.719248968095045
37,153,Richmond,NC,1.2527091673120339,0.6472808843779299,0.7578037807978372,0.5082368812992732,5.25,0.160140079098173,14.04496992868114,18.041139902630714,5096.2212500000005,0.016799961397369088,303347.2,1.2845267732321037,0.6978213833869065,0.8319946283434667
37,155,Robeson,NC,1.356190540165202,0.6848509257061721,0.6746352783222412,0.4892085278223985,7.5,0.006161107019989286,10.119485763818433,6.724543641802703,183249.4029825,0.3017655159564903,607257.6,0.6645143635505545,0.7075736227455555,0.8511563166113694
37,157,Rockingham,NC,1.2226366536986772,0.6579103968590139,0.8819459185500793,0.4892421492769839,4.0,0.10789446235009767,21.140753382325272,9.221918347591279,5662.0226475,0.015618442176962696,362521.60000000003,0.43621521810576835,0.7092701152197803,0.7980132647838918
37,159,Rowan,NC,1.2437216966798648,0.6605066659331988,0.7523011593846664,0.48330495970602005,5.25,0.05380027789827981,3.1088617141072747,2.686969324495273,22343.142325,0.06827787425008801,327238.4,0.8642936134156258,0.6812620339912189,0.8447479946790953
37,161,Rutherford,NC,0.21744856773813603,0.13085573342542733,0.19793021612907438,0.9044943820224719,1.5,0.43489713547627207,17.16728377863722,22.614793913456033,961.5,0.0026631634226760266,361036.8,1.317319280385965,0.6637159133247739,0.8182420012396493
37,163,Sampson,NC,1.4541979930789548,0.7228516687851139,0.6190907088076912,0.38269086347092246,10.5,0.041500295316776105,33.86554988023032,28.60133615863958,146584.594395,0.24225334892610662,605088.0,0.8445554925223929,0.7273083983349369,0.9134612389586271
37,165,Scotland,NC,1.0081763163109496,0.538469437970979,0.6264151655196144,0.6054406524278199,5.0,0.14855094674225375,4.365437731296316,3.6840427730716705,27355.8053,0.13393321357789686,204249.59999999998,0.8439114241993081,0.684456668312548,0.8339297352169317
37,167,Stanly,NC,1.3926895100037449,0.7280834302984106,0.8194699689752846,0.3384651427081302,5.5,0.07604349632828224,2.2647486944324102,1.906621560613129,26961.621875,0.10663578742390396,252838.4,0.8418689302262585,0.6970114056115778,0.9469739462124709
37,169,Stokes,NC,0.6997414510369679,0.4026941399351701,0.6529247765959523,0.7407430905943155,3.0,0.19597206298816464,59.49812934506179,22.459568202724025,3075.0597024999997,0.010633810165448501,289177.6,0.3774836024250251,0.7116016452289525,0.6665215201824892
37,171,Surry,NC,1.229369602623077,0.6845494990632806,0.823547525260375,0.4006414590561135,4.5,0.04112539975548326,25.617939317617896,18.96650184600963,9426.286625,0.027452048109227058,343372.8,0.7403601675707789,0.6984907017730383,0.7671045839470476
37,173,Swain,NC,0.0,0.0,0.0,1.0,1.0,0.0,631.6799110042297,629.9050374004744,38.89666666666667,0.00011508434324307263,337984.0,0.9971902326275761,0.7012634446881878,0.9248791848197371
37,175,Transylvania,NC,0.0,0.0,0.0,1.0,1.0,0.0,1.0301862556197816,1.7843349359926008,489.0333333333333,0.0020193836605970914,242169.59999999998,1.7320508075688776,0.5777310197335868,0.4648898478189116
37,177,Tyrrell,NC,1.330686220318026,0.6983847268437823,0.7633399525011255,0.3992068624603876,5.75,0.01652739476622033,9.267860036211417,2.999465803183856,69974.99064999999,0.2804132309779821,249542.40000000002,0.32364168119332104,0.7107782244457187,0.8834275243256632
37,179,Union,NC,1.2861901416129262,0.6924576831373203,0.7373288700038256,0.41970630587966334,5.75,0.053439704067049454,6.278450671250823,3.8074306477250457,94862.76975,0.2325542114225254,407916.8,0.6064283765355301,0.7238516596006483,0.9162816523947764
37,181,Vance,NC,0.9462746427708957,0.5603951493151016,0.7701321041560687,0.5662465259701202,3.5,0.034362824816816705,9.24958107461286,14.645500436890709,7826.2663,0.048235015358748815,162252.80000000002,1.583369054095641,0.7135952851093964,0.8142827433246538
37,183,Wake,NC,0.8353540155075153,0.49814714828315954,0.4911945963357639,0.6242975448929233,5.5,0.06416933036593206,50.25971890939246,57.47430192828618,14335.9852175,0.026925638165140584,532428.7999999999,1.14354602802097,0.6898260309356492,0.706872827654197
37,185,Warren,NC,1.074946431087401,0.5424271862856495,0.6345115008153531,0.6357124266623481,5.5,0.02325061684856795,15.320315778001147,13.69371733752527,9065.9025,0.03304285667424772,274368.0,0.8938273555162908,0.7127714047067478,0.8643627790744911
37,187,Washington,NC,1.4836880818589004,0.7384556281485947,0.7624648458610439,0.37375675281272197,7.0,0.02484377264952693,13.022650061758197,6.291716504630041,86947.4037,0.38987349561283935,223014.4,0.48313641807100755,0.7174377512084558,0.9139815659005054
37,189,Watauga,NC,0.06818759715223606,0.026817940005855634,0.09837390826166537,0.9863399577899628,1.75,0.04598756738293204,664.5760892010977,170.6570632188827,284.977575,0.0014248422800470385,200006.4,0.25679085659556833,0.6307088379469168,0.7084716721093931
37,191,Wayne,NC,1.4386558934586544,0.7293888192076393,0.7037705920098565,0.4000922228828516,7.75,0.009628124023501175,18.322653144884733,21.03905273881049,106350.7001625,0.30072745354236785,353644.80000000005,1.1482536165721238,0.7176422323549955,0.8705587100107868
37,193,Wilkes,NC,0.7371726585030497,0.37589122265856456,0.5166904568046292,0.7625615699503475,4.25,0.2592482683911307,24.61398958768895,15.853498500132613,2887.684875,0.005958884318582522,484601.60000000003,0.644084878790311,0.6830179645287405,0.8264922007265723
37,195,Wilson,NC,1.3086330865713596,0.6771379975969749,0.7303620318720341,0.4329255635164909,6.0,0.08108108409093608,25.75225724636911,26.634115005900835,61941.8188075,0.2608102936934942,237497.59999999998,1.0342439014605627,0.7298960593724175,0.8593762110939612
37,197,Yadkin,NC,1.1538980096286076,0.6430377142109434,0.7435986597566336,0.43468025145750727,4.75,0.07420718397324214,19.895361072415525,18.924601266048843,13260.734295,0.061749060753799725,214752.0,0.9512067258878443,0.6913333553179044,0.8588058600624783
37,199,Yancey,NC,0.08322036471941954,0.033826034935491356,0.10222215669828671,0.9826824009689381,2.0,0.05792994020428658,1501.2916207169033,288.0869097879293,823.1472249999999,0.004116394748159705,199968.0,0.1918927047966609,0.6691632460871961,0.7882239654289512
38,001,Adams,ND,0.9717640413160062,0.39958792854934544,0.39832558193169765,0.7660750592926305,11.5,0.09381216302167042,6.628009693507527,6.228264775061244,184192.775375,0.29132331034551473,632262.4,0.9396885434796733,0.7104706210675195,0.9439214610502704
38,003,Barnes,ND,1.4773137878805604,0.6955385509425985,0.5958209757035514,0.4679058901110218,12.0,0.09208131397000038,18.5268343065905,11.504243421080208,635994.8984,0.6662032170750511,954656.0,0.620950305416605,0.7290638858779334,0.9402783012136285
38,005,Benson,ND,1.5559305919832314,0.6873845988836387,0.6311745569694982,0.5003292181888265,11.75,0.21422765531045596,31.323472491242647,3.319616276350165,465079.75905,0.526356021668568,883584.0,0.10597855257836616,0.7203588638806452,0.9336442319382148
38,007,Billings,ND,1.0843886315623101,0.5008590263864662,0.5102841489588779,0.6652454042849106,8.5,0.19672835646070352,9.558954825298208,10.198117014635935,39158.898925,0.053139871609863124,736902.4,1.0668652798364686,0.7594631430693565,0.9584382137314769
38,009,Bottineau,ND,1.3807023730098056,0.6531320528182941,0.5426357485409478,0.5162858437582495,13.0,0.2265075243782532,26.299282970348493,18.469704587200443,638705.638775,0.5980963331830693,1067897.5999999999,0.702289283248687,0.7263773012317133,0.9421227370183757
38,011,Bowman,ND,0.9506000885861549,0.41058991715266846,0.43017339110000186,0.7503505771548241,9.25,0.22140959003382438,7.465114105541523,4.875750308229403,151575.835575,0.20380985593213502,743712.0,0.6531380819229573,0.7071785017144449,0.9405776786299231
38,013,Burke,ND,0.8908572188632722,0.3875917817538812,0.3889876771949256,0.7701196984183958,9.75,0.2509125483762202,23.566151511281383,5.401493075624331,310262.2931,0.43930371894624526,706259.2,0.22920556515299392,0.7223398246436733,0.9478848973229608
38,015,Burleigh,ND,1.5723431097365421,0.6520329968010021,0.6190225207418145,0.5589290760442401,12.75,0.18783309044431618,6.636561816833041,2.619869603555502,233274.8001625,0.22319154195660143,1045177.6,0.39476308303351276,0.7222349345973916,0.951130368938382
38,017,Cass,ND,1.2996144690368734,0.6471612353666747,0.5285962526157777,0.47460337202633357,11.75,0.0571679280086037,15.34365909081244,8.256464389809146,905924.908725,0.8018828537260372,1129747.2,0.5381027003365186,0.7250415873476965,0.9352121387951347
38,019,Cavalier,ND,1.3294950466451843,0.6418571907755475,0.5443092645190819,0.5347984689971284,11.75,0.06848058056812134,25.17943861021413,6.519988002683704,754934.1014,0.7924865521663329,952614.4,0.2589409598686941,0.7095394362187661,0.9337515911890788
38,021,Dickey,ND,1.6226965560657534,0.7520937504847516,0.6441617825711455,0.3286748166323323,12.5,0.13294367108140498,23.686343614593092,6.836904010363981,362924.593125,0.5013878662756963,723840.0,0.2886432841475703,0.7332734431505507,0.9599883201753715
38,023,Divide,ND,0.8249953158956493,0.35138415905381715,0.34283112351249856,0.7925931781327978,11.0,0.2378863446225681,12.013093632575973,6.365385010522812,346665.076625,0.4300526245715168,806099.2,0.5298705899754049,0.703076557944752,0.9418002520792774
38,025,Dunn,ND,1.1724773324059496,0.4910900977765683,0.4613869563747117,0.700797288941336,12.75,0.07308269509956782,7.338580209159436,7.625176179954902,207786.56665,0.16155777786157693,1286144.0,1.0390533267508284,0.7182724037929138,0.9381216356298008
38,027,Eddy,ND,1.7174560245274963,0.7549811454045772,0.7230604145341022,0.3901952457426635,10.75,0.12228174261027754,23.63849072379729,7.035562834437845,151020.140725,0.37448259043168364,403276.8,0.2976316430961905,0.7185914457379851,0.9371656512646948
38,029,Emmons,ND,1.6347487410093413,0.7146267227520418,0.6579595408297709,0.4753891522924814,12.0,0.1313822393841641,7.569605241015755,6.857336395748562,333344.95545,0.3449621777165238,966323.2000000001,0.9059040963711319,0.7209128124415529,0.9474986388694931
38,031,Foster,ND,1.5859918588760866,0.7259680018677186,0.6492664478990253,0.4165774771746116,11.5,0.10562953396598128,24.256805872177836,8.63826745092577,280218.431145,0.689296754823776,406528.0,0.35611726854910125,0.7215726228490226,0.9412383081591802
38,033,Golden Valley,ND,1.3038874135813896,0.5358883420754016,0.5241573169408276,0.6609002951209071,12.0,0.18249592243450655,11.66751728215112,5.48848463506391,97430.61645,0.1519329915499406,641273.6,0.4704072428039298,0.7221741652689733,0.9403194787787854
38,035,Grand Forks,ND,1.7175787475816768,0.7498105362644312,0.6863179983752918,0.4156287847526026,12.25,0.03954407290390937,37.30993399529266,7.857155736871061,620123.7011,0.6739021727270988,920198.3999999999,0.21059152068889714,0.7020187897226343,0.9167538227935219
38,037,Grant,ND,1.423028772422875,0.6232792038557342,0.5512141745163062,0.5791340660775407,13.25,0.06712342257277085,6.228590323964733,7.5961589894971295,232379.0159,0.21880142476694228,1062054.4,1.2195631104955844,0.7145197596010913,0.9369287424285714
38,039,Griggs,ND,1.6030700425942308,0.7247347202384313,0.6628743095822535,0.4365303927443286,11.25,0.09399028276074019,25.686448889652716,11.635794867551112,221107.475575,0.4876223438051341,453440.0,0.45299351878251903,0.7229682929158634,0.9367520587283319
38,041,Hettinger,ND,0.9180469185000724,0.3726104191689243,0.3634610548928392,0.7843337077790533,12.5,0.10334502480491792,5.858380758468002,6.026424900058351,348114.190725,0.480396045933153,724640.0,1.028684400778739,0.7193918628322757,0.9539241741273533
38,043,Kidder,ND,1.9975859660964923,0.789619761297069,0.7623198509182151,0.39336342432004884,13.75,0.05076271619116402,12.517827661731015,3.1115787758624633,165399.302525,0.1913224188773329,864505.6,0.24857178577198769,0.7055746946525477,0.9517106838513018
38,045,La Moure,ND,1.5595232981039986,0.7240690697730097,0.603919817623883,0.4261976278925332,13.25,0.13612769462477745,18.270760516364845,10.03341760327976,458863.61329999997,0.6249885770160306,734195.2000000001,0.5491516127253148,0.7361711199927552,0.9595018745603087
38,047,Logan,ND,1.5935586253149099,0.704451694419457,0.6599941259693668,0.483898554003628,11.25,0.18021958863914067,7.252827129513223,3.161257901544302,172258.9793,0.2711503215226568,635289.6,0.4358656073133886,0.7274590766578788,0.9531202120285635
38,049,McHenry,ND,1.5103086395441798,0.6815382818736831,0.5891632960027529,0.5075020424932156,13.0,0.15589625323239478,12.868025809079148,4.955774136278552,358494.706725,0.2988906505332255,1199417.5999999999,0.38512311133087423,0.7166088639643444,0.9341687596958841
38,051,McIntosh,ND,1.6630775304682828,0.7364610478551938,0.6748482907865859,0.4349385515709202,11.75,0.18517595329402975,8.417591295167027,4.725195044402395,217446.089825,0.34840340379983636,624121.6000000001,0.5613476443214074,0.7305051296516412,0.9549316244253466
38,053,McKenzie,ND,1.036805560132895,0.4329327572150985,0.41361532614717195,0.739285651154752,12.25,0.17705196898819264,4.2189212445980075,1.918076171921099,234773.73712499999,0.1337823809665183,1754892.8,0.45463663830583295,0.6918107784572136,0.9058618417910972
38,055,McLean,ND,1.3372900327594635,0.5616078715965895,0.5266454954525275,0.637494530105849,12.75,0.24932650113882274,12.124641227564037,7.266492059909911,629353.1555825,0.46606047801969536,1350368.0,0.5993160476691336,0.7135797781883002,0.9392359841003728
38,057,Mercer,ND,1.2012296392151636,0.5157161317308275,0.5197268754610436,0.6739118305740078,10.0,0.27139704559632155,8.160051158621348,6.5540185646260145,129537.539425,0.19359573535046964,669113.6,0.8031835140765619,0.713924963065201,0.9367674176748421
38,059,Morton,ND,1.336259419433834,0.5960617292422219,0.525863175594667,0.6088310021993779,12.75,0.04535168073595441,6.170911560597157,5.410864583034106,285450.8099,0.2315443268434591,1232812.8,0.8768339215204208,0.7106616648980726,0.9339334842805689
38,061,Mountrail,ND,0.9497679890416894,0.410194698519313,0.37560974438727845,0.7478642128816642,12.5,0.36891976939431864,13.464044956820127,5.660142650143137,453123.046625,0.3881754016610081,1167315.2,0.4203894645550799,0.7167029332287682,0.9363362533960128
38,063,Nelson,ND,1.6052439350772492,0.7251586248429608,0.6833095930204159,0.4394800770709007,10.5,0.10697889552221408,27.593467873300092,4.23157682707753,336145.684175,0.5350620724144144,628236.8,0.1533542955349978,0.716492231338471,0.9365695771501703
38,065,Oliver,ND,1.3411315868707026,0.586232736960676,0.5886335405503912,0.6186977929411732,9.75,0.12447385209571077,7.941646450267185,5.117425959785056,104397.3594,0.22545454730000553,463052.8,0.6443784663333745,0.7112506391276283,0.9396703152515311
38,067,Pembina,ND,1.656936067338211,0.7256184670099195,0.6511884786076789,0.4644210874741067,12.75,0.031236444796034924,26.35123161947817,14.547336418926234,543400.9577,0.758939885055866,716000.0,0.5520552750245346,0.6911422723448817,0.8924273490312699
38,069,Pierce,ND,1.5165286677279535,0.6886183412934412,0.6276600009046402,0.5003736374083781,11.25,0.16636442658836811,17.55626830795758,6.2910886845548895,300512.358275,0.46132966517133434,651404.8,0.35833860443471244,0.7094428441322873,0.9397983641277214
38,071,Ramsey,ND,1.5288807654677423,0.6774224519176042,0.6386186559214809,0.4939916404673561,11.0,0.2905246607656276,48.586983217255515,8.904436049593874,542535.1358,0.7154586231906993,758304.0,0.18326793433084546,0.7204124724698246,0.9412982708830955
38,073,Ransom,ND,1.5526206669582607,0.7473364985854117,0.6584559902384097,0.3360066099679264,10.75,0.09047135803274123,17.974746625045086,6.254521846957244,277475.356425,0.5025270871214865,552160.0,0.34796161400364417,0.7269817976277794,0.9419893761041258
38,075,Renville,ND,1.264232088273172,0.6048011736048409,0.5490490197820633,0.5708834835980453,10.0,0.21771893941231904,27.72897105228395,9.540762820359411,390552.970525,0.6975993877765727,559852.8,0.3440720105470184,0.7335016939728393,0.9440923520222811
38,077,Richland,ND,1.365852659882428,0.6969733616023931,0.5548979953281845,0.411167845615774,11.75,0.059456809561553366,9.610309383285216,4.466378286356019,650913.0625875001,0.7079032374612613,919494.4,0.46474864733534926,0.7149255906894865,0.9372777717571414
38,079,Rolette,ND,1.4537102990811896,0.6811303111166567,0.6074549666427921,0.48885367525486023,11.0,0.13880222835049175,25.628916646896904,13.141175646481694,218329.78665,0.3780157256807857,577568.0,0.5127479958491652,0.7111965015274192,0.9397549462900167
38,081,Sargent,ND,1.347019136166239,0.6918564309766111,0.5724620285144905,0.4086481135146533,10.75,0.10933930830199672,18.84175194588959,3.488441522853077,330377.52515,0.6011235901564774,549600.0,0.1851442229401654,0.7317226475041366,0.9550185954445104
38,083,Sheridan,ND,1.4594756471818013,0.6772035103619551,0.6507862448710164,0.5102897123967847,9.5,0.15627492250628666,7.176063528089277,2.6719760378340633,215622.405925,0.3467044088065989,621920.0,0.3723456498643223,0.7189245256905372,0.9418123936101064
38,085,Sioux,ND,1.189775007274413,0.5687913228257337,0.5657974659108099,0.6018396928065216,8.25,0.10278388345717494,7.977085182857942,7.503596877278034,66391.77415,0.09481331765197146,700236.7999999999,0.9406439451596439,0.7215205526444188,0.9453782787010636
38,087,Slope,ND,0.8318746234705827,0.331497199519811,0.3539060694517788,0.8101563915248429,10.5,0.1986076720333191,5.48025216840216,4.659046362431301,165973.97987,0.21292866934896215,779481.6000000001,0.8501518213512623,0.7130375661091313,0.9436438096949453
38,089,Stark,ND,0.929944604100571,0.3735285412073386,0.37805373750597204,0.7856494481140714,11.75,0.08528408894052718,6.12726853338827,6.322761944540511,263914.8791,0.3081597107922446,856422.4,1.0319054746967546,0.7266551939900693,0.9514997013959172
38,091,Steele,ND,1.5359454293376258,0.7266834628711251,0.6189784987629117,0.4230491583633882,12.0,0.07154169917691752,22.06833289522286,16.225465841875163,347400.66610000003,0.761993291006303,455910.4,0.7352374970466163,0.7223866697532431,0.9278339758175804
38,093,Stutsman,ND,1.6349629204794363,0.7214325759557207,0.6332900879080875,0.45831728056718557,13.25,0.09166852023294465,24.30242527848926,13.69581934658706,695033.0234749999,0.48887597874299427,1421696.0,0.5635577186080108,0.7369282595525467,0.9501302594693151
38,095,Towner,ND,1.4592093253492018,0.6629114569312708,0.6139570485917183,0.5251095025002042,10.75,0.15084555050039142,34.22893348741134,7.07924641359231,464753.44755,0.7087767915639793,655712.0,0.2068205372567598,0.7099626067871241,0.9378426156652644
38,097,Traill,ND,1.5825967121838467,0.7436750380521651,0.6809277328115464,0.3757625709271448,10.25,0.0723379371163039,24.238707179895965,12.303759757233799,473052.90595,0.8575864269766154,551609.6,0.5076079209141471,0.7256900103229146,0.9228422630107426
38,099,Walsh,ND,1.7362468588608306,0.7309186543015955,0.6878428837102976,0.4691532743021566,12.5,0.0508385178290452,24.823039562063965,5.444046331380777,527939.64375,0.6435827027005282,820313.6,0.21931425109198513,0.687164550504764,0.8833718728445346
38,101,Ward,ND,1.2668162656219368,0.5722311533181397,0.5013758727107415,0.6228869561470205,12.75,0.2414231865520634,14.65946842039364,6.514985034837247,714239.1832,0.5544288401444695,1288243.2000000002,0.4444216425865669,0.7190737642821464,0.9394189911860715
38,103,Wells,ND,1.567467236564804,0.7115768016740256,0.661359619288158,0.4713615315817051,10.75,0.14397502722400818,18.29758323489523,3.4985213357615845,504366.1288,0.6199044083522119,813619.2,0.19120128001874978,0.7175508174658801,0.9326988586773787
38,105,Williams,ND,0.6888576028423089,0.275070656700377,0.25826024905481887,0.8438975173752827,14.25,0.24003515227604427,5.806118504560035,1.7033599106484463,488862.91874999995,0.36892686192772384,1325094.4,0.29337325948663534,0.7017487781077075,0.9377693100456483
39,001,Adams,OH,0.9104713650048585,0.5483911046393495,0.5879754557989595,0.531062460798437,4.75,0.054993838862374425,15.816549836607429,12.084115804530317,16557.707524999998,0.04430720146565824,373702.39999999997,0.764017180065504,0.71661186200187,0.9001437534939802
39,003,Allen,OH,0.885841127621562,0.5533229948589033,0.6566446517949855,0.5066768614867996,4.0,0.026871833323033376,7.1314199203987325,9.63525076114067,55265.3254,0.21351549325594044,258835.2,1.3510985005356329,0.818296904793472,0.9709951489623573
39,005,Ashland,OH,0.8090238538369332,0.5270621033964041,0.661359219359172,0.517269136845014,3.5,0.017035291106614163,19.577569485155585,12.0457305542495,30326.279175,0.11165919176882791,271596.8,0.6152822271111337,0.7823294704170308,0.9745828922765934
39,007,Ashtabula,OH,1.095133479003309,0.6120359100091757,0.6451165358942612,0.4520347288235118,5.5,0.05227128617726977,21.770047588776542,17.612439929841234,31755.3375,0.07063623205362735,449561.60000000003,0.8090216550064527,0.7240769750921398,0.8857154021063416
39,009,Athens,OH,0.7144087674221083,0.43622783614524285,0.650282883953732,0.6312281948195967,2.5,0.4777703477473302,21.18322344454063,23.453597975189705,3023.8625,0.009323516371161892,324326.4,1.1071779531851278,0.712613262888467,0.8056513539823655
39,011,Auglaize,OH,0.9128928955609334,0.5620994461597844,0.7002723326492832,0.5053036431220237,3.75,0.019451392831301692,3.633259932868165,2.1772044756199045,91600.309575,0.3566990248247664,256800.0,0.599242695498854,0.780726302266374,0.96493835184645
39,013,Belmont,OH,0.0,0.0,0.0,1.0,1.0,0.0,1.1053921568627452,1.914595377974421,145.9,0.0004242463012933842,343904.0,1.7320508075688774,0.8731995420616481,0.9734990399314325
39,015,Brown,OH,0.7006708305127398,0.42539565852389155,0.5054271662381407,0.7096560774842834,4.0,0.0387119274226959,12.120125028084757,5.359342749542568,58992.469672499996,0.1874404869515236,314726.4,0.44218543431886204,0.7372957841875487,0.9243527250283692
39,017,Butler,OH,0.8564690383242839,0.5444439208452968,0.7795917150741274,0.511233943410959,3.0,0.018984745493226644,11.461242068270728,13.539343504082808,42222.432025,0.14118721518407454,299052.8,1.1813155523139234,0.7725726282300004,0.968719033912775
39,019,Carroll,OH,0.8024486636915894,0.49002297605469736,0.6160480363584224,0.6404691279648265,3.75,0.020506783712324186,21.900682146164225,15.860030543109549,9484.58125,0.03754949249531254,252588.80000000002,0.7241797509895069,0.6637254106921492,0.6186027644964218
39,021,Champaign,OH,0.7890127800709854,0.5213298810461982,0.5691524125032126,0.49986874740583986,4.0,0.011395581772821309,2.194038093183173,1.7759947974156522,117890.6156,0.4298209979349449,274278.4,0.8094639755497537,0.7850088612922768,0.9609226003507605
39,023,Clark,OH,0.7754766483713053,0.5177696593476455,0.6684176168573379,0.515167333302196,3.25,0.014436349650494798,4.037568656671667,5.394062110809143,94806.2659,0.37046663949569847,255910.40000000002,1.3359678978823086,0.775294811574785,0.8730792671819474
39,025,Clermont,OH,0.6559148077233222,0.4095256729925135,0.5364861787819489,0.7209794518707322,3.5,0.02918166024172872,17.960850405688383,16.309573403416397,35431.7255,0.1224851680208633,289273.6,0.9080624266126615,0.774657504969896,0.9556150191098154
39,027,Clinton,OH,0.7516330755226912,0.5006985482982268,0.6841659093709256,0.5804504615286116,3.0,0.009466474823888396,7.967321966495211,6.701581395520862,94514.91215,0.3594225813726027,262963.2,0.8411334980188905,0.7794731140630161,0.9674121820655947
39,029,Columbiana,OH,1.0231872254630605,0.5871035577155608,0.6604523198130199,0.5344609925549237,4.75,0.026852253044656486,12.899448451531018,11.201071357971713,19898.125,0.058390903189910984,340774.4,0.8683372316311921,0.7491324229958622,0.9376872395959892
39,031,Coshocton,OH,0.7379233146501467,0.47469134409094715,0.6716867472370619,0.6398726918744648,3.0,0.02555597461069363,12.870301322841463,14.466590426562494,21571.885150000002,0.059755120015024726,361004.80000000005,1.124028883526451,0.7194660869610936,0.8997175156928581
39,033,Crawford,OH,0.9005433091695929,0.561091840359865,0.7354811194957996,0.5008755965863787,3.5,0.02260097121781405,5.53596277294456,7.9457360024892445,75846.09025000001,0.2947191465410584,257350.40000000002,1.4352943342252522,0.7851617634968094,0.9677163125277211
39,037,Darke,OH,0.8666374520374366,0.5475161101932199,0.5384721245485894,0.47782019924787766,5.0,0.01930729593446512,3.860041005291528,0.7516610387285587,155014.6612,0.4038186197482494,383872.0,0.19472877041931574,0.7867298609923954,0.9564813560447982
39,039,Defiance,OH,0.8663790602524613,0.5176643882826095,0.6415428349271591,0.6267298383934511,4.0,0.03938167826057066,14.003023133861896,8.659058073638677,56304.62135,0.2139701596930027,263142.4,0.6183706183202309,0.7932260682917189,0.965544274342153
39,041,Delaware,OH,0.8742937555881265,0.5278254441303838,0.6306696327335888,0.5899727476614289,4.0,0.016286949512871827,5.453825192095615,7.036085620835423,74047.331925,0.26151975799103205,283142.4,1.2901193883208841,0.7599802073712753,0.9461912395463608
39,043,Erie,OH,1.0748065884385514,0.5966117212992678,0.604649280539846,0.4624751439918373,6.0,0.026679804211576275,14.690634838220076,8.406508287688487,27691.040475,0.16975537799037782,163123.2,0.5722358754583967,0.7114589148507103,0.7920983243642905
39,045,Fairfield,OH,0.8477918835194541,0.5403085628738571,0.6512582351338877,0.4963637313517686,3.75,0.008558894471915731,7.615257342808267,8.050851874666222,65831.05895,0.20364084973446378,323270.4,1.0572002379235843,0.7533982068538556,0.9465987509607909
39,047,Fayette,OH,0.8209776002426901,0.5266882093573457,0.747286015922863,0.548407625127456,3.0,0.009122907986888954,12.425878731271194,17.38820710719497,146982.29025000002,0.5648576627370382,260211.19999999998,1.3993543219953926,0.7746250397054061,0.9479948517367538
39,049,Franklin,OH,0.849428313684415,0.5331555663618077,0.6934960213965151,0.5567502414331081,3.5,0.01229107211074943,16.00306770238555,14.6133501821877,37015.7653,0.1071315933118158,345516.8,0.9131593050755707,0.7421061663196423,0.8969177852443602
39,051,Fulton,OH,0.8822299041700543,0.5481347718248871,0.6363943538350414,0.4884612477646381,4.0,0.03565909891650842,7.490740325860271,5.107018827044519,43223.8799,0.16602908782081224,260339.19999999998,0.6817775820386626,0.7941287769933066,0.9685115461049939
39,053,Gallia,OH,1.005542255924424,0.6040266184516824,0.915284005373253,0.5178688579864712,3.0,0.041673581373928466,87.34220691758884,35.27974727158135,2773.2695375000003,0.009243640198693951,300019.19999999995,0.4039255305841919,0.6980402814684898,0.8338153296350641
39,055,Geauga,OH,0.2722398976273016,0.1472382370976539,0.19637957511951357,0.8952620477040403,1.75,0.5444797952546032,18.862828668888284,21.36755282341518,4095.8999999999996,0.015854540330971608,258342.40000000002,1.1327862431713704,0.7292640826559053,0.950984901607057
39,057,Greene,OH,0.7711874912064255,0.5165670573826977,0.6657300339581165,0.517829843002461,3.25,0.006009762680121072,10.198867610141999,10.29068502244164,77094.22072499999,0.2903483414067019,265523.2,1.0090027065562,0.7838829500886981,0.9628591442991367
39,059,Guernsey,OH,0.4085703917535436,0.27003960028846746,0.5211706061564011,0.8093370012470544,2.0,0.2873719434351893,18.65547030585158,35.969281264336956,1882.065,0.005634655226096953,334016.0,1.9280822554794896,0.7736282067256908,0.9626479018748864
39,061,Hamilton,OH,0.17052041084923775,0.12224383470678246,0.2460089511025439,0.8935612677813826,1.25,0.3410408216984755,9.968584390175018,10.60722016860088,2792.13235,0.010709708358393067,260710.40000000002,1.0640648414488318,0.7551726203944763,0.9666304069609303
39,063,Hancock,OH,0.9442631293273342,0.5686034009181302,0.5561011195822554,0.5223703434979379,5.5,0.029325491133338044,3.8075479488249306,2.4075903452734604,110208.4285,0.3240814332008093,340064.0,0.6323204271180566,0.7879193601361827,0.960672408136169
39,065,Hardin,OH,0.8980476202419708,0.5481426585157301,0.6250943620063911,0.5350344836134033,4.25,0.018855452422324174,8.854169385456345,7.50649508542406,124849.53289999999,0.4148023456936145,300985.60000000003,0.8477921257926301,0.7929738952077957,0.9608137511829461
39,067,Harrison,OH,0.10069266371300178,0.057166483915436106,0.09165441234511895,0.967211760819293,1.5,0.20138532742600357,12.639036341361361,14.311703714648022,2003.1499999999999,0.007756354855896711,258259.19999999998,1.1323413690815052,0.7910919580135256,0.9628746557742666
39,069,Henry,OH,1.0423177286161913,0.6001968198612461,0.6476284177000644,0.46803247275717086,5.0,0.004882733498920449,5.282320010293354,2.7025145556862697,53588.720499999996,0.20103811712184874,266560.0,0.5116150764096145,0.797985802756055,0.9713228899387103
39,071,Highland,OH,0.7592306957513137,0.4687450579823855,0.5289210149942192,0.661331510682252,4.25,0.0071089315225147,8.18488176372983,7.576153088686866,79795.741,0.22534854922010558,354099.19999999995,0.9256276764142812,0.7615320291674527,0.953548040138617
39,073,Hocking,OH,0.20727501732521897,0.13392227331176793,0.18866985146917162,0.8746665049721076,1.5,0.414550034650438,23.80720764389589,13.33658402920399,4266.825,0.01577034668835009,270560.0,0.5601910240247541,0.7184051101259987,0.888694100522467
39,075,Holmes,OH,0.7086314089572734,0.46082622670980466,0.5447567546114659,0.6565342105765933,3.75,0.013621412339263601,20.94838144421003,18.72972887464402,18207.53925,0.0672575712856687,270713.6,0.8940895469430539,0.7728223855915182,0.96588353835827
39,077,Huron,OH,0.9171280768027418,0.5607992034762403,0.5929818052107503,0.5152162197302061,4.75,0.0279301637099534,12.240305933913795,10.570236346380918,76224.10175,0.24173447600798678,315321.6,0.8635598165152333,0.7847539950267939,0.9669321312172146
39,079,Jackson,OH,0.7479947878443547,0.4863930107102963,0.5732778020471156,0.5931162300275687,3.75,0.029092359309943076,11.621568647381862,8.92140688766655,2626.35,0.009764137896164463,268979.19999999995,0.7676594406794118,0.7264717290644257,0.9148915797471185
39,081,Jefferson,OH,0.0,0.0,0.0,1.0,1.0,0.0,27.94959667231468,16.537182645942206,1035.7302,0.003950900704328507,262150.4,0.5916787580095215,0.7780814443816323,0.9425939580417023
39,083,Knox,OH,0.8892280054827069,0.5452042805075337,0.5745259002411727,0.5001806179650313,4.75,0.008668326473845538,12.45894968438159,6.890833504620742,59223.83625,0.1755525196172124,337356.8,0.5530830189690082,0.7762416819391684,0.955638535102537
39,085,Lake,OH,0.1832441696858752,0.10124125348162383,0.16679603129874798,0.9376947040498442,1.5,0.3664883393717504,50.99435844282317,25.61923824464394,321.35,0.0022002075938828275,146054.4,0.5023935789557822,0.5028155134800891,0.009408340470495033
39,087,Lawrence,OH,1.1246364482203424,0.6384226145044772,0.8559186664922949,0.45301240823193073,3.75,0.12655970367890912,233.2673460418354,96.003788874486,1436.3025,0.0049327911382319335,291174.39999999997,0.4115612000715616,0.7231174402914124,0.9065893840650425
39,089,Licking,OH,0.8309072414469918,0.5277738906860092,0.47196029617120155,0.5068284465951423,6.0,0.015595643318207087,14.89893361339104,9.78989803397113,69044.109025,0.15714700706709758,439360.0,0.6570871639546101,0.7705699631152985,0.9645206411005018
39,091,Logan,OH,0.8398340204674,0.5364474466429137,0.5425739476009754,0.516965174061949,4.75,0.011899667879721163,5.059181057824967,5.415258811241346,101186.639825,0.34487419231865135,293401.6,1.07038248865706,0.7850901210844646,0.9713693397277622
39,093,Lorain,OH,0.8692814128500674,0.5164753304788272,0.5401149097670837,0.614442847437837,5.0,0.05110393321542467,25.134172290963292,27.17165366426958,42406.777625,0.1345392691148477,315200.0,1.0810641921969653,0.7133641802622301,0.7937069281021266
39,095,Lucas,OH,0.9690774628473148,0.5710653001114019,0.7140377597702522,0.5449711158746753,4.0,0.09158694773524001,17.847477044727558,13.547054802493946,21260.371525000002,0.09757190421139782,217894.4,0.7590459294915284,0.7700083503103498,0.9502246509330472
39,097,Madison,OH,0.8177370445334162,0.5231018934356418,0.5898725894497785,0.5488211778427272,4.0,0.015250424778921724,6.148956097335102,8.046221026089,159462.8669,0.5353229836955354,297881.6,1.3085507358844464,0.7754579140546962,0.9566405065232547
39,099,Mahoning,OH,0.9178922667113415,0.5561739690379282,0.662119310627391,0.5282912681220797,4.0,0.034599426776660336,20.025661039271544,24.21158051832402,10004.0,0.03764298615291993,265760.0,1.2090277804484773,0.7669752346243287,0.9573838175991652
39,101,Marion,OH,0.8615352738107207,0.5319629908544197,0.701823876920477,0.5847492589198025,3.5,0.013314763513344558,6.503958859002518,9.723740887064361,107645.467225,0.4164917852096437,258457.59999999998,1.4950495687107783,0.7586637808085325,0.9412455951111803
39,103,Medina,OH,0.8261960478092787,0.5163925414912175,0.5772916274385771,0.5950157536583264,4.5,0.05051571579470743,32.4922960662343,31.112814349676977,23665.325,0.0877169263729095,269792.0,0.9575443448580764,0.7482862962669794,0.934908909695676
39,105,Meigs,OH,0.6920719854355507,0.4731641714556576,0.811103255902287,0.619199281047937,2.5,0.01415586957240907,12.970576404589636,6.085676711619118,2983.85,0.010857122688742955,274828.8,0.46919092273075097,0.7182960913479601,0.8924012796546297
39,107,Mercer,OH,0.917923340582594,0.5653792296776373,0.5703378387516264,0.5008160146355005,5.0,0.008797548083578093,6.120327686761781,5.236562639989862,122325.75135,0.4125757905419626,296492.8,0.8556016782102214,0.7820354546126091,0.965304599887176
39,109,Miami,OH,0.8050121664658303,0.5272756734412246,0.6945378777372494,0.5065714409068048,3.25,0.01634236402577539,3.465655410524999,2.924926807916176,73654.65165,0.2827373064149101,260505.6,0.8439750816060186,0.7792997704408148,0.962899501121428
39,111,Monroe,OH,0.0,0.0,0.0,1.0,1.0,0.0,4.907166530182338,8.074332577627404,155.06666666666666,0.0005318779177825583,291545.60000000003,1.6454164593691467,0.7285620375078948,0.9274960774697463
39,113,Montgomery,OH,0.8289274214031789,0.5261982975047034,0.6329065352998241,0.5328372305680622,3.75,0.059156053366045694,5.264169945286622,5.610818712485422,41077.364275,0.1390213604221268,295475.2,1.0658506033812944,0.7808468914623324,0.9431455345816587
39,115,Morgan,OH,0.44684301654634284,0.30473504004819885,0.6446582040272738,0.7840993523997352,1.75,0.3001441942694847,23.63331954845274,17.407738667687187,1486.425,0.0055608367152707935,267302.4,0.7365761137362891,0.7142030497192292,0.9070387633729682
39,117,Morrow,OH,0.8994283833761426,0.5545060860604517,0.6907605195957295,0.5435541278681568,3.75,0.012119571422610371,9.280491080265504,9.341266288872582,68253.90035,0.262534388500997,259980.80000000002,1.0065487061063303,0.7857192647880706,0.9654204889783514
39,119,Muskingum,OH,0.8354534099247591,0.522696003817783,0.6764250014418293,0.5780945956971208,3.5,0.06907557876206381,14.81448189554672,14.66954938236638,16385.786650000002,0.038521871779223026,425363.2,0.9902168355125597,0.7384075689926254,0.9271023834143107
39,121,Noble,OH,0.0,0.0,0.0,1.0,1.0,0.0,7.024123668678542,3.177177032901509,396.93333333333334,0.0015544068504594818,255360.0,0.45232361825702816,0.7275038866572294,0.912308609322251
39,123,Ottawa,OH,0.9364750827790049,0.5273160607374776,0.462552609030126,0.6367640239499149,7.75,0.03918406139265823,22.506971498816476,18.31630281088125,64285.181975,0.3939815526022259,163168.0,0.8138057495582828,0.756668498937984,0.93628105304291
39,125,Paulding,OH,1.0021921180904227,0.5922250940549545,0.7188359414687814,0.5444851012947496,4.25,0.02683025703872925,6.958202836829975,3.1976542190919655,103231.77515,0.3874973542302287,266406.4,0.45955173973467495,0.7844733108495763,0.9579485594645121
39,127,Perry,OH,0.7836717225887428,0.5044409039769271,0.6399935000056438,0.5946191764304929,3.5,0.021420297886680595,23.84616125502893,9.190161264493234,22043.0275,0.08405054045768462,262259.19999999995,0.38539373973893243,0.7558794400704103,0.9817739390830351
39,129,Pickaway,OH,0.9135770404732664,0.5607023241114765,0.6590065328803987,0.5099925309172513,4.0,0.009354527557198884,15.910885194026195,24.528635213771086,183670.16265,0.571785039430625,321222.4,1.5416260575483545,0.7580546071836203,0.9385942983427803
39,131,Pike,OH,0.7744053803676845,0.5038253116523157,0.5380777480238544,0.5800195744448304,4.25,0.04209414736142058,12.266928420541465,7.608319107350107,11506.4788,0.04072317181589617,282553.6,0.6202301706276913,0.7440008827471484,0.9629706750548587
39,133,Portage,OH,0.899862773034704,0.5594629386142169,0.6903601674791064,0.4822940659779196,3.75,0.028000416496146728,16.0457444138852,19.228108908458744,15635.701649999999,0.04961673435310425,315129.6,1.1983307481714394,0.7221418939969969,0.8975919418892678
39,135,Preble,OH,0.7690284257800157,0.5169463445740781,0.6999998395360557,0.5017321438879762,3.0,0.018173334290555985,3.222864237595339,3.0883378108289716,78830.69855,0.2899551941722575,271872.0,0.9582587360655499,0.7977943505421711,0.9669357064647138
39,137,Putnam,OH,1.080248034930544,0.6146633566612922,0.6540834044477365,0.5144449536122843,5.25,0.022158078556536127,5.391431575165535,3.4536558374446042,68942.041925,0.22262578896772378,309676.8,0.640582336860793,0.7828874745426134,0.9675903792465074
39,139,Richland,OH,0.887491418031121,0.5541563412698136,0.8078295019866027,0.5277114718150094,3.0,0.03512306107887374,20.464858945186176,15.29356904570725,33458.58275,0.10521461026178353,318003.2,0.7473087934136318,0.7986041232733255,0.979408803348131
39,141,Ross,OH,0.8880630770482394,0.5519092505783063,0.6143165159431112,0.5265652981766112,4.5,0.029628238554533184,10.465236335569312,17.438074935764856,81332.216875,0.18460160204992304,440582.39999999997,1.6662858225663013,0.7658360018414767,0.933556871019888
39,143,Sandusky,OH,1.0049771823395202,0.5761473599389973,0.4832918657225965,0.5247352310079799,8.0,0.024938091356544734,10.448542817073633,5.372546144305069,77444.608175,0.295730974811666,261875.2,0.5141909487633014,0.7668061923297984,0.9484331316664231
39,145,Scioto,OH,0.8433692043863404,0.48348103936363085,0.5240147494169788,0.6584364816010255,5.0,0.07451012442859391,17.5254990617944,13.937062421188877,12801.28282,0.03266860111756251,391852.8,0.795244824244217,0.7116256822405391,0.9214975272929741
39,147,Seneca,OH,0.9723346113196035,0.5795730638428778,0.521616711092953,0.5078652031728416,6.5,0.031541381559667035,5.384196987142047,3.9025930456733327,97586.585875,0.2769375405105205,352377.60000000003,0.7248236004353259,0.7775854978567298,0.9605631448502678
39,149,Shelby,OH,0.8485669483675775,0.5421792178085276,0.7327097082750527,0.4985741039183099,3.25,0.009596127910972562,5.474520295227643,2.3347458807671475,81596.25215,0.31151597718956925,261932.8,0.42647497038278187,0.7775555979878293,0.9728936580728481
39,151,Stark,OH,0.8895345378362647,0.5545637224114393,0.6416635332179176,0.509137480400154,4.0,0.007977617423150634,19.93251010541102,12.518670626127182,34258.85095,0.09291049850622246,368729.6,0.6280528924818544,0.743236212868661,0.9318104768596562
39,153,Summit,OH,0.20055219665391175,0.13103493397152255,0.18255047638057,0.8829875518672199,1.5,0.40110439330782344,15.635194009087925,6.771820289608233,2212.55,0.008376403796762938,264140.80000000005,0.4331139278266791,0.7250307597031107,0.9097102171912114
39,155,Trumbull,OH,0.8874352208451235,0.5498216722968091,0.6401491961117308,0.4987705243828179,4.0,0.018927138304806485,9.418672397904764,9.664081584757731,18102.775,0.04588240646492992,394547.2,1.0260556027946741,0.7030694959241096,0.8406259262755339
39,157,Tuscarawas,OH,0.7489534177331421,0.47023228485244084,0.5759355333494925,0.6495222029738411,3.75,0.02419115870256286,17.88897474546082,19.37600222933838,12617.0885,0.03473378339837556,363251.2,1.0831253610134857,0.751214217970514,0.9380255743129345
39,159,Union,OH,0.8489561202962047,0.5180699743027206,0.6910247776277508,0.6095202904961345,3.5,0.02592391126100544,5.424613743445127,6.444695017037004,108184.869775,0.3871266667203424,279456.0,1.1880468032999585,0.7644669539759983,0.9550312002784418
39,161,Van Wert,OH,0.9640232338535902,0.5713593141192418,0.5989813129203658,0.49995075725960003,5.0,0.020026007394907456,4.225125796744255,5.174562430409879,81561.282025,0.3107598409228767,262457.6,1.2247120392006385,0.8001790577418081,0.9674437598926466
39,163,Vinton,OH,0.1479219453298448,0.10050534945789213,0.21340625696601545,0.93033381712627,1.25,0.2958438906596896,1.4662382507319178,2.2225905594150706,1020.85,0.0038521013451506955,265011.2,1.51584543528693,0.725369233052924,0.8395176458037454
39,165,Warren,OH,0.8093523655344272,0.5136232044280566,0.6248120831646395,0.5907969613855939,3.75,0.04013808578237219,16.290420418532417,9.937357902675663,47876.060450000004,0.18718901096795787,255763.2,0.610012366001964,0.7836969278651718,0.935761135233061
39,167,Washington,OH,0.5223068909045496,0.3506988430130329,0.47542422043882515,0.7293644385210534,2.5,0.3502648900149236,21.403945998499722,17.726475998618113,6036.19875,0.014849343535975754,406496.0,0.8281872884495515,0.7094640427157851,0.9296303700060646
39,169,Wayne,OH,0.8309441055897462,0.5247521948575913,0.5370984397535515,0.5575960955734953,4.75,0.011874581949838614,12.624737844740864,11.389798089423849,53542.437075,0.1506411299511803,355430.4,0.902180958487668,0.7657033979261162,0.9485641286036691
39,171,Williams,OH,0.8899445677643396,0.5453967966691944,0.6813768178871495,0.5677293981867003,3.75,0.04905148266550317,10.879442627807737,9.30441138245645,51265.501675,0.18993300698816215,269913.6,0.8552286822740787,0.794605169509108,0.9729252443613863
39,173,Wood,OH,1.068008439577192,0.6131941291573219,0.616725090556715,0.4879061244951102,5.75,0.03607743123702594,9.944505799707684,6.347037692065014,128981.307775,0.3264648697570749,395084.80000000005,0.6382456624693791,0.7695265134575342,0.938174230853294
39,175,Wyandot,OH,0.8990683765239639,0.5571831112518026,0.7318239044180967,0.5340929181333556,3.5,0.0267883684590242,6.903142194248948,6.059359723824358,95343.31095,0.36728365513516675,259590.40000000002,0.8777683485750083,0.7717726355063516,0.9581302094838834
39,999,All Other Counties,OH,0.0,0.0,0.0,1.0,1.0,0.0,12.725567458851536,22.04132939387603,2783.366666666667,,,1.7320508075688774,0.5035351034771647,0.014089320927361043
40,003,Alfalfa,OK,0.19722191258175722,0.06880823752275864,0.11271775940755731,0.9647012378886952,5.75,0.05457365692026361,2.9632252604805434,2.1760179205395085,216214.54962499999,0.3898173816293342,554656.0,0.734341040338805,0.7014701779782647,0.9080184707695924
40,005,Atoka,OK,0.5086498901078098,0.26571468012515687,0.36691333700362677,0.8378966156309605,3.0,0.44143920658577446,32.80880774036654,5.025255932242459,4431.016666666666,0.007077107546501208,626105.6,0.15316789235408884,0.7787020631784234,0.70504637060151
40,007,Beaver,OK,0.5866946774357801,0.32342794784147705,0.4310967468218402,0.8057050042949774,4.0,0.0631416128274574,7.36884344131016,4.740452170474181,133435.937825,0.11491305631272875,1161190.4,0.6433102030501738,0.7144711602741559,0.9050746760560762
40,009,Beckham,OK,0.6237735810701801,0.32321385470998615,0.4499575260237493,0.8116904335142481,4.0,0.03285675275455481,6.751859541484507,3.5502651196605903,59616.367825,0.10329061433591973,577171.2000000001,0.5258203459131803,0.7116142075792801,0.9350627616720478
40,011,Blaine,OK,0.2186317725413509,0.07889960920574987,0.10731856259393956,0.9589450712397015,7.5,0.1257860421180672,6.660986438546464,8.734424787826892,139909.69705000002,0.23546083349377447,594195.2,1.3112809744337035,0.7003298440557445,0.9059896948109234
40,013,Bryan,OK,1.4464162179915778,0.7113981486348084,0.7193480782359782,0.42183688955719967,7.5,0.21014084720879553,17.825398752368155,15.050339605773857,16942.12825,0.02912860408299406,581632.0,0.8443199400391745,0.6971887696349705,0.656079296613668
40,015,Caddo,OK,0.789243339361249,0.37302066414407387,0.38352931513684696,0.7739102825617394,7.75,0.1944254928399338,10.51787088465333,7.054500382302997,133806.8372,0.16355180831631894,818131.2,0.6707156286350927,0.6966457403410595,0.849665598582525
40,017,Canadian,OK,0.36754559689934213,0.14694780388573053,0.18050106135181948,0.9220323477543297,7.5,0.12314886709556558,7.172843443561952,4.038396425448753,89115.32587500001,0.15476397581408174,575814.4,0.5630119292612543,0.7229966002729332,0.939338748567296
40,019,Carter,OK,0.0,0.0,0.0,1.0,1.0,0.0,12.706622039546957,6.3897652508516,1687.5666666666666,0.0032008435604543232,527225.6,0.5028689159844894,0.8408510934176513,0.9635235745080736
40,023,Choctaw,OK,0.24903915746154576,0.15081778193943945,0.22668521008759657,0.8760865708710307,1.5,0.49807831492309146,9.72928192764701,10.136487068844064,7417.7375,0.014975792182432522,495315.19999999995,1.0418535657847396,0.739491094678505,0.7625819690275011
40,025,Cimarron,OK,0.9389971357159994,0.5604444013146685,0.6054252616894498,0.5705677158331178,4.75,0.04826560589556235,10.491322761528718,6.419366914325389,176884.994775,0.15061404892315017,1174425.6,0.6118739324144105,0.7191693252527738,0.9477373584066312
40,027,Cleveland,OK,0.8649808332933856,0.4648872976455346,0.6041745129664126,0.6858012869027585,4.25,0.13514308531238925,29.292935713878705,7.404344868787504,3745.513,0.010916349373262949,343110.4,0.25276895907976193,0.55850803689587,0.26364061361751057
40,029,Coal,OK,0.0,0.0,0.0,1.0,1.0,0.0,12.605833956619298,20.8452358691834,3130.9666666666667,0.009440267486138446,331660.80000000005,1.65361815338188,0.8325094289104243,0.9727572429920152
40,031,Comanche,OK,0.5522187762873089,0.2759413957177209,0.2899916261896266,0.8195222744121721,6.75,0.19588620160081924,22.864335227839117,17.10766358031127,67035.41135000001,0.0979499978813064,684384.0,0.7482248405578551,0.7186263896056734,0.9207114549392728
40,033,Cotton,OK,0.4258247141548057,0.2121168313656578,0.2509938129521767,0.8790622853655216,5.25,0.20597107978810628,21.253068950671956,13.918898479189568,156594.07685,0.38432747718981686,407449.6,0.6549124040153973,0.690207400811209,0.9063288856055696
40,035,Craig,OK,1.1796298076681933,0.6609647800742048,0.7618284875382183,0.4262167310893331,4.75,0.05145977254224913,8.039053774407293,4.948218920625286,18343.373175,0.03766148586249885,487059.19999999995,0.6155225552014808,0.7524534028381888,0.9311514439656711
40,037,Creek,OK,0.0,0.0,0.0,1.0,1.0,0.0,19.641197475397632,9.885838344954815,412.34999999999997,0.0006742822046403567,611539.2,0.5033215697432765,0.7422806876391801,0.9158098838285667
40,039,Custer,OK,0.17789848994764917,0.05953598111971997,0.09282105724228802,0.9695904603115179,6.75,0.04896578854737713,5.348147693543978,5.036796071817063,148772.844075,0.23563630258911467,631366.4,0.9417832790775836,0.7033960479961142,0.9365861057428487
40,041,Delaware,OK,0.0,0.0,0.0,1.0,1.0,0.0,2.983627245882008,3.044360322115153,2007.1268666666667,0.004234301936362205,474016.0,1.0203554503388346,0.7704556404636302,0.9655034185581366
40,043,Dewey,OK,0.06674103610961335,0.02283937681396253,0.05266191484438472,0.988382912565545,3.25,0.07206846441588109,7.602325066024922,6.969666866631725,88621.1161,0.13845249508188937,640083.2,0.9167809592593494,0.7049329043170716,0.9052740524191533
40,045,Ellis,OK,0.0951048826534326,0.032636348497909806,0.07920874134966584,0.9834366123081402,3.25,0.04411415016681303,9.666433005756842,6.511973128361912,52152.6102,0.0662971292428039,786649.6000000001,0.6736686763859749,0.7395751456214039,0.8979014575539649
40,047,Garfield,OK,0.3003358785671074,0.12965882958298985,0.17092511481937034,0.9308169217239938,5.75,0.12071780634516692,5.5637577672961065,5.106184545877547,291113.92465,0.4297711687238399,677369.6000000001,0.9177582417214163,0.6970749194859742,0.9272783003554802
40,049,Garvin,OK,1.3125263541888856,0.6686673464708706,0.6745051177342807,0.4356784099089372,7.0,0.0842381209698397,18.62929819800562,11.820465874743217,12234.9675,0.02367476590267372,516793.6,0.6345094565080648,0.6848560674630213,0.8106110583183929
40,051,Grady,OK,0.5475766525564992,0.22097692926049461,0.27648019753612046,0.880453609986515,7.25,0.0859717901237038,2.27634925795069,1.5170131297968432,38969.876175,0.05530667010921151,704614.4,0.6664237152969014,0.7071750266796678,0.8561322980049676
40,053,Grant,OK,0.5359284042729157,0.2466229538863692,0.28825100860036357,0.8625897292042694,6.5,0.10249153174503099,9.070588346274645,4.262619683045234,336236.112875,0.5250748844319058,640358.3999999999,0.46993861040953555,0.7026983956044122,0.913167235493697
40,055,Greer,OK,0.48621770734861386,0.22593925901816106,0.2934726877386213,0.8751883939691796,5.25,0.09388338167833216,14.098982514141218,3.838823476029292,94471.382625,0.23087389788470108,409190.4,0.2722766321739153,0.6996061975299773,0.9463073381827469
40,057,Harmon,OK,0.9998431548513971,0.5758996272512351,0.7212343805854433,0.5295179329423003,4.0,0.2277559679608177,31.06394887578366,16.309912648657132,131864.05882500001,0.3830976756425244,344204.80000000005,0.52504312036683,0.7228197724576952,0.9583337172453196
40,059,Harper,OK,0.08870594230739806,0.03336937129315998,0.08491046896968592,0.9830069364697543,2.75,0.03987206558866465,8.262178456897816,7.834943519071109,85577.96304999999,0.1286964073778874,664960.0,0.9482902796090027,0.7240465503441021,0.8713846638982847
40,061,Haskell,OK,0.2730545339545396,0.1655803028914676,0.24854494781373163,0.846514352665495,1.5,0.5461090679090792,9.854596324238603,7.1502544510353125,2335.923325,0.006325286718736462,369299.19999999995,0.7255755807519354,0.7555259108241215,0.9195840183537646
40,063,Hughes,OK,1.333501335150585,0.6937050337568778,0.8285509648109438,0.42995421305226234,5.0,0.14845379588145446,38.498885880671445,24.73270445122682,7698.596299999999,0.01491088309440581,516307.2,0.6424264984676867,0.7399003863743847,0.606172393302844
40,065,Jackson,OK,0.7850835994918802,0.452312744755555,0.40591603776206103,0.6895663707974747,7.0,0.12441934648321226,22.571901077441403,14.959679169430695,266526.55357499997,0.5188216225157442,513715.19999999995,0.662756722090261,0.7090928975799234,0.9477735568079915
40,067,Jefferson,OK,0.11781637193628465,0.046258224675682386,0.10611604486000248,0.9761471251715156,2.5,0.10311963821451091,12.19541872068813,6.729433673727024,12504.967499999999,0.025751580518945633,485600.0,0.5518001331361678,0.7561093319783658,0.8560594661379288
40,069,Johnston,OK,0.0,0.0,0.0,1.0,1.0,0.0,3.14860027655574,1.9037655286599733,2068.2166666666667,0.005014101693819498,412480.0,0.6046386843180063,0.7943803885375949,0.8311512972245351
40,071,Kay,OK,0.912310277839645,0.4557176677655727,0.49834455585775495,0.7156936723441685,6.25,0.07693915530205005,10.839779308410954,6.716275190393886,247478.084325,0.4209040021310684,587968.0,0.6195951964799228,0.6873614853045869,0.91313615079568
40,073,Kingfisher,OK,0.3028753315946954,0.13005678170532461,0.1691260519498894,0.9309698345205804,6.0,0.058102589813693754,2.8793728471371103,2.213448327895185,135876.01525,0.2351121526335825,577920.0,0.7687258460105165,0.698175923902971,0.9375720516260369
40,075,Kiowa,OK,0.30804839009244706,0.1288471774940011,0.16641484885139513,0.9315404557405063,6.5,0.09802986380865837,5.741417652027227,1.4855384975143673,231004.025625,0.3557638681192463,649318.3999999999,0.25874071310416535,0.6929957668504221,0.939750297026687
40,079,Le Flore,OK,0.8186835422656367,0.4568930305473153,0.6442394768546721,0.6984444887369414,3.75,0.06644275900582575,7.75139825756727,6.495758285060948,19372.60095,0.019087720538506894,1014924.7999999999,0.8380111651106935,0.6553063644481726,0.7835247529147569
40,081,Lincoln,OK,1.1044250211070525,0.5654676324236706,0.6952578790287076,0.5844458146519442,5.0,0.1938591735168642,23.758653388602863,15.432148768362733,1444.819825,0.0023571438767958945,612953.6,0.6495380237234155,0.7710967142733749,0.9198392516939929
40,083,Logan,OK,0.27327248072092103,0.10461012866529407,0.16419307266233465,0.9455160766659926,5.25,0.05701391941073543,4.600791085777295,2.972540228484193,37528.39215,0.07876702630717308,476448.0,0.6460932854946158,0.710675161179011,0.904647513212538
40,085,Love,OK,0.8305382868994027,0.5115781688415821,0.7009547841497902,0.5758348368236528,3.5,0.18334671450873263,37.20487633753197,35.559443810506636,4052.0052,0.012284640702006286,329843.2,0.9557737401920771,0.6709990974164662,0.637619974982465
40,087,McClain,OK,1.2736540808372965,0.6523963916207829,0.6629432426440226,0.47070338488682606,7.0,0.10474662655794106,18.798570463854443,11.037406694352432,16083.64025,0.04411446607794864,364588.8,0.587140746450639,0.6853346061145961,0.8310950627482473
40,089,McCurtain,OK,1.0385183568143865,0.5722974530932585,0.7491326416241353,0.5809157178474014,4.0,0.18254847385451353,17.64835180504079,10.285036675858342,22264.196475,0.018781276382466554,1185446.4,0.5827760455750146,0.7348798526859832,0.9065328143995295
40,091,McIntosh,OK,1.3089746506274873,0.6915654684247208,0.8897271120213754,0.426716703804815,4.5,0.18305091217267075,20.211266158332236,15.819500080449552,3738.190925,0.00942069211837309,396806.4,0.7827070286701386,0.7491547422807372,0.7738802752108729
40,093,Major,OK,0.3571499002971773,0.14810226859619005,0.19069333697066446,0.9214101309010279,6.5,0.0597055227054876,5.759955209044097,6.4399637306822735,95325.831825,0.15567813477419884,612326.4,1.118057953049782,0.692860461645792,0.9071413937168056
40,095,Marshall,OK,0.19364856268974792,0.09909854697499487,0.13968791053388743,0.9400471900471901,1.75,0.38729712537949584,32.584904642091345,26.072102438945677,3847.4546499999997,0.016199099702581442,237510.40000000002,0.8001282411386039,0.7091526065155358,0.7248523998843657
40,097,Mayes,OK,1.111854022495525,0.6344320391682687,0.8020331422233699,0.46536131824129945,4.0,0.034132594443329646,10.481292404758042,5.355952731557507,6224.5323,0.014822799583549243,419929.6,0.5110011747335799,0.7393539266716876,0.9139755346982663
40,099,Murray,OK,0.0,0.0,0.0,1.0,1.0,0.0,9.73456408887686,5.183723790163171,823.6666666666666,0.003077057182705718,267680.0,0.5325070278274012,0.8418869460290832,0.9950953997315215
40,101,Muskogee,OK,1.1000204422118633,0.591443648011127,0.6485529496264126,0.5670026407959022,5.75,0.04936437234716689,7.955519874466207,5.966485681167848,30235.379399999998,0.05804851055169871,520864.0,0.7499806141290273,0.6261312245366111,0.6113781476685832
40,103,Noble,OK,0.5386549005263295,0.25325225424562525,0.30977138699386736,0.8576379809750146,5.75,0.1269583172931,7.669302504436673,3.7083610084823966,118784.05335,0.2535866694348613,468416.0,0.48353302094122885,0.7046692643509951,0.9101768895295976
40,105,Nowata,OK,1.1916638180241972,0.656967859177827,0.8596037403351587,0.45724707178402707,4.0,0.08913409820469108,9.42090530944416,5.1836374343618985,8304.36345,0.02296763942052394,361568.0,0.5502271028205182,0.7018777465207238,0.9039757653885755
40,107,Okfuskee,OK,0.9478574738006881,0.4829165926294021,0.5889369614557896,0.6031179509671244,3.6666666666666665,0.8209308709787857,32.91121581494924,16.521731894125566,2397.0533333333333,0.005994935388522526,399846.4,0.5020091626824954,0.7185805380594835,0.6712042751616075
40,109,Oklahoma,OK,0.7728757291785721,0.38939212177386695,0.5296015441184736,0.7614383733646205,4.5,0.1871895938718484,11.692731252492614,5.750015406404344,7389.638625,0.01628327906409976,453817.60000000003,0.4917598191764287,0.6490979159304466,0.6612909366343477
40,111,Okmulgee,OK,1.1689765938938859,0.6551257150056486,0.7954140505431989,0.4411975887178021,4.75,0.06291999807210406,17.58953921508071,9.092178571937614,9524.1474,0.02135167986068267,446060.80000000005,0.5169082862695045,0.6773022837768855,0.8265470804385365
40,113,Osage,OK,0.789234581505661,0.516016522724273,0.7183922750968684,0.5530657300583977,3.0,0.0621020673904265,10.755234444225334,7.914697392949296,19453.4653,0.01350454928525413,1440512.0,0.7358925957396335,0.7780972494398317,0.9266920100920267
40,115,Ottawa,OK,1.1265024519524718,0.6262666509618857,0.8125997504905444,0.4897881845942235,4.0,0.028869055838560417,8.245886029997386,7.7774695737304675,37806.466075000004,0.12533438691799098,301644.8,0.9431939206335275,0.7153019329969358,0.9325146630296155
40,117,Pawnee,OK,0.7887525266573128,0.5100829788759902,0.6779858202644693,0.5722648429793273,3.25,0.047242313381547614,11.885819122958562,6.664371752895141,14392.386225,0.039491611893373316,364441.60000000003,0.5606994085937492,0.6938337692627988,0.9114410266093528
40,119,Payne,OK,0.5172156151722862,0.24793536155573137,0.386161055226275,0.8592501595766353,3.75,0.19766033149550924,10.417767523649022,3.3719302934650277,6790.91855,0.015459991016660839,439257.60000000003,0.3236711018757639,0.7295044729260648,0.8613667225689466
40,121,Pittsburg,OK,0.49160714154919943,0.22156362834874763,0.30545269112350965,0.8740519974613502,3.6666666666666665,0.42638316407788357,13.353805418975568,4.34027041216111,7989.363333333334,0.00955892323409447,835801.6000000001,0.3250212412106625,0.7542320821514078,0.7671238855970581
40,123,Pontotoc,OK,0.0,0.0,0.0,1.0,1.0,0.0,41.727645943456814,22.336760220031902,666.7666666666667,0.001447700123209753,460569.6,0.5352988340223985,0.8179036975127808,0.9089873354810105
40,125,Pottawatomie,OK,1.1259813419218363,0.5877709886679273,0.7170944501731127,0.5711218948003565,5.0,0.227979664984302,16.082623684932496,13.158655149456832,6437.8227575,0.012770214623071919,504128.0,0.818190825529601,0.7107311558250877,0.8213412532088801
40,129,Roger Mills,OK,0.33235807673675194,0.15267124917952848,0.2648516496679654,0.9178725070429979,3.5,0.10208441364371681,7.8266778650693025,5.8997491925887156,27854.127225,0.03811473616879549,730796.7999999999,0.7537999256261041,0.7759245726158125,0.9471366616903479
40,131,Rogers,OK,0.9750510797584682,0.5735619271891079,0.6273852904443009,0.5074848163020903,4.75,0.08762090685406858,18.328493160001763,4.985927618186374,6804.422325,0.015752144429679975,431968.0,0.2720315071545082,0.6624937038529521,0.6069407444410246
40,133,Seminole,OK,0.0,0.0,0.0,1.0,1.0,0.0,64.2672745157855,54.69380244895943,1069.6306666666667,0.002642326471781737,404806.4,0.8510365946127899,0.7309513375523713,0.763219943892609
40,135,Sequoyah,OK,0.46798209884818653,0.28361009288257716,0.3823944210504925,0.757335126947496,2.25,0.5404847230544808,2.6055123832338767,2.542087863605587,9879.0191,0.02290814660257932,431244.80000000005,0.9756575635424273,0.6495852136231732,0.8987680645524342
40,137,Stephens,OK,0.27243818048396906,0.12290739052829996,0.22441232583613305,0.9342241251655272,3.25,0.1500632902144641,8.604984496939007,3.6164678473080207,14344.456325,0.02564323487233136,559385.6,0.4202759282825532,0.7722230976597287,0.780205455133675
40,139,Texas,OK,1.0364202055836902,0.5796422766121735,0.5723430447092143,0.5800928545150257,6.25,0.04259524267515283,11.062586158250056,6.602565974983698,342090.20645,0.2623828995160542,1303782.4000000001,0.5968374736733467,0.7016698216397967,0.9479986790130609
40,141,Tillman,OK,1.0637847898867352,0.5547688296857256,0.5371588042053128,0.5937223899911628,7.25,0.15748712733917636,29.911151014973875,19.934252308151716,276347.450275,0.4951923702130664,558060.8,0.6664488537459623,0.6893630326926956,0.9271311269038002
40,143,Tulsa,OK,0.6744402612297786,0.4455743848551813,0.6616603647186472,0.6584089409265057,3.0,0.05963457127468691,19.240918526844734,8.952668091761128,4979.60085,0.013643041080352445,364992.0,0.46529317606487736,0.6837394393145374,0.8497074195616161
40,145,Wagoner,OK,0.7012038154204024,0.37008091488969164,0.45545738072130354,0.7726155950529298,4.75,0.06409320968987514,9.58819142311531,5.6705863786254795,44364.7567,0.12314567576299942,360262.39999999997,0.5914135553191785,0.6650786184584575,0.8509273384931145
40,147,Washington,OK,0.7854769661786357,0.4993943285875207,0.7149719462276358,0.6048268883071023,3.0,0.08768542895012386,9.536700761302335,4.243866898096387,12674.48525,0.04751183533209779,266764.8,0.4450036762521679,0.7379665481797953,0.9184437178257776
40,149,Washita,OK,0.329925467227281,0.13883858938938978,0.17695723130661553,0.926383233135956,6.5,0.058405037360374175,4.517635279681682,3.3039441561413154,190574.619475,0.29677863450409875,642144.0,0.7313437122737618,0.7041229095078704,0.9420401024131216
40,151,Woods,OK,0.095885746421979,0.03266823402073521,0.062442028623058865,0.9833608455724545,4.25,0.07720394897738961,3.8232662705917786,2.7214572218181936,151159.15275,0.18357817776869895,823404.7999999999,0.7118147231207511,0.7078363065347629,0.917499233531025
40,153,Woodward,OK,0.11156731313311602,0.04151860526729717,0.09604148475253453,0.9788233186027926,3.25,0.043867091107558,5.424959361578982,4.407694615920813,58042.917925,0.07300334803011552,795072.0,0.8124843564980946,0.7328888880890875,0.8906489813359804
40,999,All Other Counties,OK,0.0,0.0,0.0,1.0,1.0,0.0,28.616639541191972,25.74086794422631,6454.8,,,0.8995070125957257,0.5128580189410352,0.3472821988285544
41,001,Baker,OR,0.0,0.0,0.0,1.0,1.0,0.0,2.048538279062823,2.1022909844138513,3833.730533333334,0.0019524021088918734,1963596.7999999998,1.0262395415796768,0.7987821955907692,0.8816242681685327
41,011,Coos,OR,0.0,0.0,0.0,1.0,1.0,0.0,2.029537951398633,3.0201870110434768,827.9375,0.0008082902277754174,1024307.2,1.488115562934977,0.6617858629130077,0.744274099208661
41,013,Crook,OR,0.0,0.0,0.0,1.0,1.0,0.0,1.310201854882706,2.269336180827832,749.6,0.0003931187025488524,1906803.2000000002,1.7320508075688774,0.8435001506246861,0.9627494992271003
41,019,Douglas,OR,0.0,0.0,0.0,1.0,1.0,0.0,14.809590973201692,25.650964004898743,198.9,6.17043275053508e-05,3223436.8,1.7320508075688772,0.681142404819354,0.7585592152891688
41,021,Gilliam,OR,0.40826815321827636,0.22319723074223682,0.3073332980923389,0.8719405852093545,3.75,0.0954252278429294,21.48633194718683,13.79072186488869,105392.945925,0.13676653185264354,770604.7999999999,0.6418369547108429,0.8020677976577792,0.9166176233858659
41,025,Harney,OR,0.0,0.0,0.0,1.0,1.0,0.0,18.6659369134542,17.339105950679873,504.8666666666666,7.783979470440243e-05,6485971.2,0.9289169909377567,0.8682576181097955,0.9998189470528438
41,027,Hood River,OR,0.5526891702885615,0.28543522002406646,0.5030793629284886,0.8368511587293339,3.0,0.02059409250636125,4.905968502318252,3.890459146795292,5836.1825,0.01745771064659711,334304.0,0.7930053250355981,0.611728076467421,0.8147143737144983
41,029,Jackson,OR,0.0,0.0,0.0,1.0,1.0,0.0,11.780763241720289,13.834318622117923,6433.936666666667,0.003609457897546188,1782521.6,1.1743142900219905,0.6372222270840292,0.8512388626507174
41,031,Jefferson,OR,0.7930181439683002,0.4430774369229419,0.6284018745015088,0.7022897963693714,3.5,0.2549819765455372,2.571433668048353,2.0343292017278647,4183.95,0.003671100234167051,1139699.2,0.7911264548666598,0.7483693755126214,0.8776884707989606
41,033,Josephine,OR,0.0,0.0,0.0,1.0,1.0,0.0,119.74645010458964,192.09257226087084,371.7,0.0003542234644026861,1049337.5999999999,1.6041608923946575,0.6300653724392247,0.9507031488314964
41,035,Klamath,OR,1.2722900851930525,0.6457952020810263,0.796737887061811,0.523601266871399,5.0,0.14094010573450372,16.33803995339583,4.975736724166027,21526.41675,0.005658470905518667,3804281.5999999996,0.3045491832777548,0.751371799741623,0.9144914148306436
41,045,Malheur,OR,1.86481010415333,0.8103180467254651,0.7936138657472801,0.3212168880532994,10.5,0.06413902133281746,21.06785684510585,24.609902785531453,42909.874575,0.006781234824750002,6327737.6,1.1681255937168775,0.7116316452910175,0.8022004522814927
41,047,Marion,OR,1.158633392784716,0.6325227702211237,0.8696782948895201,0.4940075436482323,4.0,0.23867168855041415,31.803530744132683,40.90156267204486,1531.05,0.0020205799442544027,757728.0,1.2860698707042344,0.5328108392526664,0.14509403247414596
41,049,Morrow,OR,0.5355527498755986,0.2301742882963029,0.29536097313072396,0.87300362799048,6.0,0.19190821212026365,32.496362427369895,17.76046918021806,178503.306475,0.13723389148052406,1300723.2000000002,0.5465371461163726,0.6755278426430187,0.5986909904742906
41,053,Polk,OR,1.0276978196010627,0.6128341126389534,0.9119673715131618,0.45744205711217584,3.25,0.25706976550849686,91.63527308820784,95.49913643475398,1429.9827500000001,0.0030151924306370866,474259.19999999995,1.0421656772150043,0.6720609354032404,0.7563578656023425
41,055,Sherman,OR,0.4143777895512869,0.24805556925634067,0.4749129196912355,0.8526033095438609,2.5,0.09602519461459509,12.29055986964037,13.295173068110481,109331.471375,0.20751743057474703,526854.4,1.0817386033773502,0.8123860986143737,0.9187878156397636
41,059,Umatilla,OR,0.7678199298349441,0.31011498490235234,0.3056321745437375,0.825040741155783,12.5,0.13256227068162219,25.95385595642266,10.707058391122999,300398.2699,0.14598268778224777,2057766.4000000001,0.4125421058474119,0.746410060980711,0.8614915747463578
41,061,Union,OR,0.6864056019873654,0.3093407144386159,0.3706110556965116,0.8233083424354268,6.5,0.12451297937879292,11.669426926641204,10.712678618400545,28499.093875000002,0.021865328216683855,1303392.0,0.9180123999014544,0.7546692345519265,0.8565447031662461
41,063,Wallowa,OR,0.7235793234689931,0.4464143954633425,0.5515465580233506,0.680358105561226,3.75,0.08385620925380752,5.294842468284589,2.6862886785750515,11643.307025,0.00578400657053371,2013017.6,0.5073406233831447,0.8596874253814196,0.983725491678788
41,065,Wasco,OR,0.4673220867885244,0.21817541358662962,0.27054448390893415,0.8800435619978455,5.75,0.04252482154399647,25.16183848539872,22.227421872423687,71058.725725,0.04663037691157788,1523872.0,0.8833782907128245,0.7318768509971321,0.9290861673126414
41,067,Washington,OR,0.49781774207655133,0.2823602594944654,0.41026847493678675,0.7723672836033689,2.25,0.5792959832677581,19.347560975609756,38.69512195121951,563.8475000000001,0.0012172873488773747,463200.0,2.0,0.5250082000634569,0.1547559570873965
41,071,Yamhill,OR,0.9707204194779468,0.5762558410563734,0.8428227260834281,0.5119150144723804,3.25,0.34588992420593806,129.9131508178058,110.00784345006421,1705.916,0.003725045768349265,457958.39999999997,0.8467798891610487,0.5383668160063148,0.163213161312619
41,999,All Other Counties,OR,0.0,0.0,0.0,1.0,1.0,0.0,20.13711934413744,18.45324629610789,4898.5375,,,0.9163796460033505,0.5081271683564457,0.031834437061069004
42,001,Adams,PA,1.4588998933895871,0.7202513413487035,0.6359658608721513,0.398517253259106,10.0,0.043577498133396224,42.033602947183326,21.5815784351552,40818.8625,0.1226504733683006,332806.4,0.5134363205141658,0.6205231108115037,0.8729404952802019
42,003,Allegheny,PA,0.0,0.0,0.0,1.0,1.0,0.0,60.51285292872478,78.6861404793335,198.26666666666665,0.000424273342737536,467308.8,1.3003211164413975,0.7445449699177563,0.8935593822513851
42,005,Armstrong,PA,1.124159455885673,0.539667102443876,0.5908962005795622,0.6499713317272265,6.75,0.07375206497834372,18.38737379877032,11.569119610518536,11859.75,0.028337680447448506,418515.19999999995,0.6291882536967969,0.7279370291417406,0.8665734416752908
42,007,Beaver,PA,0.22381866157456132,0.12582912938149537,0.1614510365560124,0.9124803767660911,1.75,0.44763732314912263,18.56126304683753,10.86138246386257,1527.2,0.005495612721954816,277894.39999999997,0.5851639749113481,0.7851930508018317,0.9684408313710096
42,009,Bedford,PA,0.5484958427678853,0.24645162532799153,0.2943061202186936,0.8631593111293311,6.5,0.0575833376173777,30.67475511529275,29.511609966902732,18176.145,0.027994033141615162,649286.4,0.9620813550420118,0.6859979605663932,0.8219529905324925
42,011,Berks,PA,0.8619669328587554,0.47302317782335923,0.40687571528148325,0.6737771707967966,9.0,0.12908786294898347,27.085941793722498,40.868262179419226,50281.830350000004,0.09147419886581945,549683.2,1.5088366685071646,0.6955313028685958,0.9223969567072554
42,013,Blair,PA,0.5969728686480187,0.2699190228180476,0.3069893462501178,0.8478723521468008,7.0,0.09088010825172256,21.751689764463187,24.940703833095053,16802.4125,0.049931094582065426,336512.0,1.1466099463151556,0.7097248904213032,0.9224189232693115
42,015,Bradford,PA,0.6422049271503205,0.3596451561111526,0.41841558553459407,0.7610338596574358,4.75,0.10189556906786292,6.88931546765257,5.486658017943465,18830.39,0.02556987179208635,736428.8,0.7964010421216726,0.6466830807778687,0.6086704761041389
42,017,Bucks,PA,0.8833166591756826,0.49712827398416576,0.4997808681879341,0.636412294288149,6.25,0.08163962974043783,19.53940734944988,28.537631968356475,19232.54625,0.04947619861639336,388723.2,1.460516762764554,0.6628115976898983,0.7861365758620382
42,019,Butler,PA,1.061227915150534,0.5120931190873723,0.5579127997266636,0.6703447065125471,6.75,0.07323331938494126,19.755466535674046,12.319244248272252,9771.939999999999,0.01936344368635309,504659.19999999995,0.623586602018555,0.7496841457668543,0.9104587143311358
42,021,Cambria,PA,1.1300607375454208,0.5816410376586925,0.6659005506384432,0.6008030631313426,5.5,0.0380412565922037,31.290399514574197,14.579405077510062,11108.8875,0.025228389754294936,440332.8,0.46593860429041123,0.7031861368531369,0.9145794446531361
42,025,Carbon,PA,0.673841503532977,0.33002196566161957,0.3899015581888085,0.7965895838261792,4.5,0.4497197266503228,22.071968683331747,26.40962480015128,3219.01,0.013199934718139827,243865.6,1.1965232997134159,0.7348902987699151,0.955024699795144
42,027,Centre,PA,1.0746586664563686,0.5324416043161754,0.5634989984264409,0.6430862929613771,6.75,0.04670543568290675,7.908369301690273,6.5912196781556975,11957.775,0.01686999308145152,708819.2,0.8334486449370722,0.7265303021313908,0.8910162924147493
42,029,Chester,PA,0.6034386064946282,0.3635182903603534,0.3619282357886472,0.7304775846867179,4.25,0.4028114686455925,6.202158855340944,8.453236288383163,21605.7675,0.04465654949105123,483820.80000000005,1.3629506250236916,0.7090959210354426,0.909440966384761
42,031,Clarion,PA,0.9149739923290451,0.4318321886486091,0.5150047398607905,0.7399711943306073,6.0,0.016441162487161314,10.464794362134423,7.440527240390659,8775.425000000001,0.0227601114841312,385561.60000000003,0.7110055852901702,0.7194045411291888,0.8241167239071618
42,033,Clearfield,PA,0.2587490799318265,0.11673179951298521,0.21626177632867596,0.9377943593409254,3.25,0.10601287605551388,16.464564084296082,9.67351274526389,3091.225,0.004209844735993446,734284.7999999999,0.5875353089056573,0.7039609472154589,0.8788775483907909
42,035,Clinton,PA,0.5474783762857911,0.31323052936049733,0.4983362938252952,0.7993412179219979,2.5,0.3733345161116781,15.329126326934826,7.367963157094767,4363.0,0.007652280916407556,570156.8,0.4806512125970617,0.6969535262308832,0.8635063201223893
42,037,Columbia,PA,1.1064385255127374,0.5673811075621247,0.50057349204958,0.5799288080063573,9.25,0.030736617235176355,10.738648230200479,9.174544908548683,23737.70375,0.07638793555632788,310752.0,0.8543482114207781,0.6903707303049947,0.9235861543911121
42,039,Crawford,PA,1.1939336515166457,0.6135852386237901,0.6399933246006551,0.5605758356161404,6.5,0.04069854458968902,16.926821028966316,12.583398841782069,24993.4261,0.03856172316262145,648140.8,0.7434000052489779,0.7192307025459025,0.8494815100330396
42,041,Cumberland,PA,1.1284538681227172,0.5223347845610808,0.4766544893573206,0.6617075253222853,10.75,0.0732364110675826,31.408108658262986,27.433344533017678,33278.04875,0.09451069882377265,352108.8,0.8734478357645515,0.6750300484243554,0.8394038057134564
42,043,Dauphin,PA,0.9821347700557127,0.5522213814161938,0.5368998870471778,0.575843177827755,6.25,0.030053287739538078,6.903262312389387,7.376381636855713,21610.8075,0.06428237110691237,336185.6,1.068535614475668,0.7157536575160215,0.9643973943449898
42,045,Delaware,PA,0.0,0.0,0.0,1.0,1.0,0.0,3.5536504424778763,5.025620651685363,1095.8,0.009294758699310568,117894.40000000001,1.4142135623730951,0.7362228054355529,0.9643087484340003
42,047,Elk,PA,0.0,0.0,0.0,1.0,1.0,0.0,15.616232487137102,11.592547462866495,565.4333333333333,0.001066179428387538,530336.0,0.7423395798195969,0.73660547216523,0.8938380435728981
42,049,Erie,PA,1.5999850581025228,0.7425411142806909,0.6614324867784903,0.3804745495537013,11.25,0.02761110198749816,34.2845385721263,10.083535842297763,33365.651725,0.0650088295034759,513248.0,0.29411321436000853,0.6359448838321813,0.7113259023717909
42,051,Fayette,PA,0.7688011907112756,0.37921596422659287,0.46642616843266804,0.7708564266586846,5.25,0.12899475419399742,12.664347957623777,7.491107649257655,6338.15,0.012533676785126686,505689.6,0.5915115151860703,0.7363875393999305,0.8927649795922505
42,053,Forest,PA,0.0,0.0,0.0,1.0,1.0,0.0,9.493261683955422,14.864210837471603,682.8333333333334,0.002492121562490268,273996.8,1.5657643634319731,0.7163030632233249,0.8654115648147933
42,055,Franklin,PA,0.8225506106298871,0.37830653889935695,0.3792102338652981,0.775418123136389,8.75,0.08249569943261109,35.775692702837404,40.118512487593335,47590.5709,0.09633157196503524,494028.8,1.1213902361256445,0.7012296910426007,0.9009951899669016
42,057,Fulton,PA,0.4974233836234696,0.21120002455041803,0.30906652551210917,0.8856925437243798,5.0,0.058868472069570396,22.67057068715634,25.290141177111796,7975.28375,0.02847859967405215,280044.8,1.1155493845348823,0.7373847446058113,0.9147258726596573
42,059,Greene,PA,0.0,0.0,0.0,1.0,1.0,0.0,18.64206956832133,17.665452520851357,885.5333333333334,0.0024027469060767083,368550.4,0.9476121981043591,0.7355440330994996,0.8296031051271608
42,061,Huntingdon,PA,0.5074812218443022,0.23505646704699618,0.3153158117648614,0.869644537320037,5.0,0.019345348541281823,29.168704456009195,25.761739119664146,18375.0876,0.032848320319203705,559392.0,0.8831979205150072,0.7309685639469016,0.9282101142965395
42,063,Indiana,PA,0.9954009601962686,0.512379511937656,0.6027169192560641,0.6571874189907007,5.25,0.027862416436060074,29.794620941228242,13.425920206463909,21871.255975,0.041209542683248515,530732.8,0.45061557362811827,0.6981669412876268,0.8327372608991681
42,065,Jefferson,PA,0.9706978434378137,0.5196381433250501,0.6734840010835923,0.6426357477123994,4.25,0.16989042297152185,24.931458641143227,16.08784283969072,4730.95,0.011277398814609142,419507.2,0.6452828561399011,0.7495840922952443,0.9339512711002518
42,067,Juniata,PA,0.6275686140214705,0.34771488551565166,0.40495392143939823,0.7839456728042029,4.75,0.09946581099653087,8.23763385789491,7.190572421843237,9639.1,0.038461384994509566,250617.59999999998,0.8728929381768803,0.7192837452584474,0.9397702937165741
42,069,Lackawanna,PA,0.0,0.0,0.0,1.0,1.0,0.0,72.21508137305968,110.24538540846375,529.8333333333334,0.0018050816198969394,293523.2,1.526625509690162,0.6446511175914575,0.679487673897503
42,071,Lancaster,PA,0.7322948782903255,0.3665815100671756,0.34443482948767945,0.7770350187675064,9.0,0.07735644845035895,17.82207542155525,27.830742263801355,47257.0875,0.07780245634496238,607398.3999999999,1.5615881767698576,0.6815428701859179,0.9220550633773216
42,073,Lawrence,PA,0.813640449369425,0.4476915651971042,0.5226076840903529,0.7000982503242126,4.75,0.0882221088910847,7.638962346024899,4.478591042360352,5970.55,0.025880775606169894,230694.4,0.5862826440937865,0.7684689600193629,0.9587715888585705
42,075,Lebanon,PA,0.5426333095386805,0.34079811421147077,0.39142719234631007,0.7526850459907838,3.25,0.3663025071328718,14.618879645951761,22.874447318163238,15676.7125,0.06769154723166418,231590.40000000002,1.5647195867364294,0.6881376511051016,0.9269595973397644
42,077,Lehigh,PA,1.0516905680883648,0.5712305234670176,0.5230340228304258,0.5627927142042248,7.5,0.01368902339062539,22.436348335671465,32.35030798854794,30324.38125,0.13668102954804418,221862.40000000002,1.4418704641483173,0.7198273241444872,0.8961388882791685
42,079,Luzerne,PA,1.148777527738417,0.5036464473113906,0.5367452721018611,0.6864260077391753,8.5,0.14734320768364245,20.205690508594458,11.935510339788616,7398.25,0.012976690455877238,570118.3999999999,0.5907004432593811,0.671281562345572,0.8756197256966394
42,081,Lycoming,PA,0.6633189743360912,0.3793019672981919,0.5724689558640743,0.759408345543573,3.25,0.04822645998821875,2.963887181870444,1.6772405520945965,8046.5525,0.010181591514151517,790304.0,0.5658921710495495,0.6428695299999518,0.8074602477173165
42,083,McKean,PA,0.0,0.0,0.0,1.0,1.0,0.0,6.706715499817278,3.771720431644384,645.8000000000001,0.0010280087003474026,628204.8,0.562379667327046,0.697622864795844,0.7365822632010464
42,085,Mercer,PA,0.8745428736367991,0.47195228590627303,0.4924381826706623,0.6815807226985005,6.0,0.04112467597673128,8.432092529738387,5.104418190568613,21683.4875,0.050430843408576696,429964.80000000005,0.6053560456750564,0.7673210290474367,0.9413715717726999
42,087,Mifflin,PA,0.29279909413012123,0.15642957663777474,0.3330640319324724,0.909234784356295,2.25,0.2101299412379553,25.4451377717939,21.514997319289673,4873.237125,0.018487915815598745,263590.4,0.8455445402673035,0.7476229800103004,0.9441215706391495
42,089,Monroe,PA,0.7750276357217072,0.4234628958958234,0.4365544680086818,0.6679958610045225,4.75,0.5213496276608621,13.546066380674247,12.550990785304702,3713.875,0.009536449774034512,389440.0,0.9265413613512784,0.7098953573081175,0.8958048862400344
42,091,Montgomery,PA,0.676244363629845,0.38760405408044496,0.39261909940389605,0.7093004148625793,4.5,0.4528382637712814,23.75150263771544,32.96423078908012,8614.8725,0.02786210109548352,309196.8,1.387879802465029,0.648033301073755,0.7226034465649424
42,093,Montour,PA,0.8740618282928792,0.5316750743687985,0.5290062694913417,0.5424376732335531,5.25,0.030154190257531157,6.3479239418378945,3.0032340116747913,8518.80875,0.10180220781548757,83680.0,0.47310491417218753,0.6626131479167325,0.7351362923030803
42,095,Northampton,PA,0.8881243956683322,0.5099042186914678,0.4879067604651466,0.6238717585649843,6.75,0.03791164507393462,22.99981360805651,34.78406582498863,33355.85975,0.13942892150715624,239232.0,1.5123629442285682,0.7190636040194905,0.9231844256817248
42,097,Northumberland,PA,0.958591314966571,0.5416694261503754,0.4849047513056682,0.576482581730845,7.25,0.05104044539771849,9.796010609039524,8.951775028481018,40812.18,0.13865545704594376,294342.4,0.9138184293329098,0.6927677981438725,0.9224250567569691
42,099,Perry,PA,0.9192638638882764,0.512859991439635,0.5423449535002886,0.6395070890912581,5.5,0.030219036185426575,9.98512356276808,10.908962849111676,16700.53125,0.047142976004706245,354252.8,1.0925215677639033,0.7177030765687988,0.9421590867650799
42,105,Potter,PA,0.88642877415112,0.4941701973168112,0.6872819741544526,0.668271229418,3.75,0.13553920553230517,9.414498701300424,9.493139782006761,3195.6,0.004618260773051416,691948.8,1.0083531883323191,0.69822824503214,0.8977579261192574
42,107,Schuylkill,PA,1.2439989048682594,0.5816500685412798,0.5204821176604009,0.5957104026625907,11.0,0.035224771684955206,19.51536098053563,20.27892973042211,25192.22625,0.05057152669153733,498150.4,1.0391265501390445,0.6693682771182068,0.7947920168334901
42,109,Snyder,PA,0.83069383292089,0.4776293413943332,0.4888884630467313,0.6611787859865706,5.5,0.07184417894120404,10.328983134135148,8.973270558560042,11204.805525,0.052860835243999094,211968.0,0.8687467529020589,0.7231297650576549,0.9218719346062696
42,111,Somerset,PA,0.8426644286502663,0.40096760377365137,0.4579066472917451,0.7536925257962775,6.25,0.22068771645733662,8.985262232735957,10.157493904425388,12350.075,0.017956369630859993,687782.4,1.130461598262391,0.7124439526402183,0.790436567561367
42,113,Sullivan,PA,0.0,0.0,0.0,1.0,1.0,0.0,5.038453131807742,5.946554677081987,2142.7000000000003,0.007440922678579366,287961.6,1.1802341952019761,0.6750730179836576,0.7385889106219039
42,115,Susquehanna,PA,0.05375183278286999,0.020632423982287096,0.07754750259453935,0.9895025664262754,1.75,0.047004467780023325,11.477107261930922,8.006093340178847,3122.65,0.005929490587706292,526630.4,0.6975706645815465,0.6022038748754698,0.5826861863701229
42,117,Tioga,PA,0.45257441622264655,0.2300725205839742,0.3763767090471174,0.8682652249328378,3.25,0.2170698603395072,8.5635665775966,13.06225007349473,3078.0562499999996,0.004242158971382075,725587.2,1.525328256064158,0.7371574011352223,0.8596565453653585
42,119,Union,PA,0.79880792225185,0.494441888343075,0.5690496074586525,0.6109784834470394,4.25,0.0694673580656193,7.723368960127299,5.29187472142022,7421.99775,0.036614376549032296,202707.2,0.6851769931930065,0.7247474873144605,0.9582730259606747
42,121,Venango,PA,0.6100904614323426,0.29730797594100633,0.44008724160105006,0.8273434402200798,4.0,0.13097511301257242,11.491962369394871,8.129257798222485,2289.875,0.005300322480890021,432025.6,0.7073863920640862,0.7550684477527448,0.9152443007012284
42,123,Warren,PA,0.07119611962049813,0.037838434768709905,0.10271428870703007,0.9793800539083558,1.25,0.14239223924099625,12.236758424648583,8.924744537197814,1682.025,0.002974887161129662,565408.0,0.7293389497026143,0.7513261861492451,0.8907818831450186
42,125,Washington,PA,0.5795399597023125,0.29222268911238214,0.3632514503256203,0.8231271521677901,4.0,0.3982303000721447,13.294335106953037,5.835149019033766,4161.6,0.007586717847600602,548537.6,0.4389199589215966,0.7410439290730053,0.842389451806575
42,127,Wayne,PA,0.06185681627510037,0.03152189055356441,0.08924052208526703,0.9830960854092526,1.25,0.12371363255020074,6.233933039027021,4.640651699782079,737.75,0.0015807772345794134,466700.80000000005,0.7444179574483176,0.7102109189069323,0.8247325534318553
42,129,Westmoreland,PA,1.049124156213238,0.5097568804928734,0.5219293094452049,0.6663161097257875,7.5,0.04251044392849444,16.416160861711795,14.46877164957502,15162.125,0.023102176846452393,656307.2,0.8813736519432649,0.6895921260035642,0.7111052679750214
42,131,Wyoming,PA,0.27724091069693585,0.13425675604565393,0.2640737320259955,0.9263014867963737,2.75,0.15194430147013832,27.313103594737612,40.48895189663022,4343.775,0.017087483478096677,254208.0,1.4824002609659923,0.6261493680982029,0.6820635414386301
42,133,York,PA,1.0604984003102167,0.5638723335281481,0.4605138395827706,0.5754794085603943,10.25,0.05633306738729827,11.930015751285582,12.898198307985316,65140.6575,0.11253499623389907,578848.0,1.0811551784074889,0.6994518794630522,0.9253286530921537
42,999,All Other Counties,PA,0.0,0.0,0.0,1.0,1.0,0.0,35.33917705719992,36.499577303160756,3969.175,,,1.0328360856870724,0.527386428464319,0.16953461629417674
44,001,Bristol,RI,0.0,0.0,0.0,1.0,1.0,0.0,93.71347229386004,161.48020159085658,190.53333333333333,0.012062736358725012,15795.2,1.7231268636007686,0.5037570807425558,0.024850784370758973
44,003,Kent,RI,0.0,0.0,0.0,1.0,1.0,0.0,8.06559877955759,13.970026879659274,214.26666666666665,0.001967395349748291,108908.79999999999,1.7320508075688772,0.528493280398438,0.7184911159848645
44,007,Providence,RI,0.0,0.0,0.0,1.0,1.0,0.0,102.07848388472921,127.11190706983999,437.26666666666665,0.0016532271073793567,264492.8,1.2452370199128295,0.5538820808416262,0.6974208618391465
44,009,Washington,RI,0.0,0.0,0.0,1.0,1.0,0.0,0.45725646123260444,0.7919914229440196,617.1,0.0028977272727272727,212960.0,1.7320508075688774,0.5822618115348009,0.4054886745997151
45,001,Abbeville,SC,0.0,0.0,0.0,1.0,1.0,0.0,1.8679502790513383,1.325976633143559,679.7666666666668,0.002090694283146009,325139.19999999995,0.7098564924420647,0.5156355187301972,0.09201185985172385
45,003,Aiken,SC,1.617360499315454,0.7372497790579923,0.766984502955891,0.4288921742680427,8.25,0.06982908407655922,63.83544554789332,17.355482053722028,11757.5,0.017126669914045455,686502.4,0.27187845098850083,0.6705915655046318,0.8543005736009333
45,005,Allendale,SC,1.4829615279206443,0.7426863603723636,0.8106185684513151,0.34041118061852627,6.25,0.06289018720603501,16.579771926637875,8.84276624417111,34806.524999999994,0.13323173765923566,261248.0,0.533346675895094,0.6619991549352415,0.8067526411271367
45,007,Anderson,SC,1.2371320537368062,0.5749016741128825,0.6080422953554999,0.511862613400263,6.0,0.8258969194211683,13.969991478380177,8.61783715655946,6008.7375,0.01307575324329406,459532.8,0.6168820625192465,0.6135357109596387,0.5561584976496275
45,009,Bamberg,SC,1.3700752131672242,0.6971062669211257,0.7646535356430931,0.42993702962001196,6.0,0.15654619311090295,22.278663603624437,19.528745964960017,21063.6475,0.0836921785600763,251680.0,0.8765672085368241,0.6898738738623779,0.9108583350333787
45,011,Barnwell,SC,1.431648821306897,0.719347074076504,0.8233247519277083,0.40185246019769266,5.75,0.09837862052715174,11.314911141164204,9.587112977591023,16231.0625,0.04624466212550829,350982.39999999997,0.8472990072995477,0.6768598459038936,0.8849359359943387
45,013,Beaufort,SC,0.0,0.0,0.0,1.0,1.0,0.0,8.828971800272276,8.207213779244366,959.3666666666667,0.002554289637505822,375590.4,0.929577527814877,0.5479019766467843,0.20964371777022192
45,015,Berkeley,SC,1.3707950532093955,0.7146559577600702,0.7856940219638661,0.3774617484943651,5.75,0.050770544536872804,49.65942558014344,22.38328393433133,7508.5265,0.010687673228373355,702540.8,0.4507358607724491,0.5746391274809736,0.33411780397327595
45,017,Calhoun,SC,1.1360863499046359,0.5860215762442265,0.6680596988708346,0.5935840360226161,5.5,0.11125128014089947,8.434674716019583,6.016126868060988,40035.0,0.1645223489032665,243340.80000000002,0.7132612780709658,0.676781471788878,0.8425732358295096
45,019,Charleston,SC,0.31610698052231523,0.19639463786432343,0.3472548369143197,0.8606134371957157,1.75,0.3950493890505496,26.494807651984733,11.572642350549673,1491.325,0.002536929714973163,587846.4,0.43678906835478626,0.5722675297380725,0.39011128051187954
45,021,Cherokee,SC,0.0,0.0,0.0,1.0,1.0,0.0,65.7311131414885,78.74704268671823,966.9,0.00384726183503527,251321.6,1.1980177867551471,0.6867682850828577,0.8211101956602401
45,023,Chester,SC,0.2634042752986601,0.1589153488224332,0.23976090383805493,0.8681997136721546,1.5,0.5268085505973202,10.167190429969319,9.920367776476072,2980.9500000000003,0.008023383130641494,371532.8,0.9757236126151724,0.7181744955122038,0.930025358315059
45,025,Chesterfield,SC,1.4066539008794456,0.6679596619009543,0.7228771079498908,0.513636317117951,7.0,0.09690251094245626,10.237102671952776,8.629304089077579,14679.052500000002,0.028720284912659655,511104.0,0.8429439818670391,0.7003390327109411,0.9139728791461642
45,027,Clarendon,SC,1.4251618889241184,0.7151807447398926,0.7030139368657133,0.3734764784844352,7.75,0.08066192597192537,16.768238172420425,7.1828188108518765,86436.36499999999,0.22242193032476407,388614.4,0.4283585870497608,0.7147309029632946,0.867688187992333
45,029,Colleton,SC,1.3480597262563867,0.6843110671036754,0.7523664584494548,0.4391830158187633,6.0,0.09940387452516883,21.343537776471322,18.422419588317073,14402.5375,0.021303310276562917,676070.3999999999,0.863138050554373,0.676160540010849,0.8354894229113818
45,031,Darlington,SC,1.3634805399734287,0.7065059618316455,0.746335409844179,0.38602756408451655,6.25,0.02978790190506426,8.286672545139565,3.538128494195491,96326.70112499999,0.2682226726089969,359129.6,0.4269661284336295,0.6800086139950268,0.8329613890082206
45,033,Dillon,SC,1.3504299948172545,0.6971663344488868,0.7748131240156877,0.4433396569713911,5.75,0.020027906936041787,10.68639254522603,2.9663333050408394,75093.174975,0.28982582229630843,259097.59999999998,0.27758041757187746,0.696861567793371,0.8706027612515117
45,035,Dorchester,SC,1.303417013288316,0.691667900824903,0.7112689446219829,0.3828380265427135,6.25,0.11085569971388944,12.85049857082583,10.442518903008951,20416.6725,0.05550615207358238,367827.2,0.8126158565330955,0.6992437746762219,0.8835062361187994
45,037,Edgefield,SC,0.25668934559947276,0.13900461763549765,0.18516222297269633,0.9039039039039038,1.75,0.5133786911989455,134.57051113365807,51.05542395264817,5856.1875,0.01823167022405308,321209.6,0.3793953335135877,0.6394549960880067,0.8380043818060201
45,041,Florence,SC,1.325461578277725,0.6394406169249525,0.669584406241412,0.552113032402273,7.25,0.08387263763217158,22.773966774166755,13.365393153275331,85245.2189525,0.16652787384136983,511897.60000000003,0.5868715488087972,0.6891205579565697,0.7766177982709865
45,043,Georgetown,SC,1.2922461404108523,0.6569338592746145,0.8029176710870878,0.51335313591812,5.0,0.06219493101976855,42.628478149439374,18.952044943682903,7022.1979375,0.013465611572160757,521491.2,0.44458647754780684,0.6283839083214187,0.5104681322168921
45,045,Greenville,SC,0.0,0.0,0.0,1.0,1.0,0.0,24.65484378072223,28.90900312384936,945.2333333333332,0.0018693386534696908,505651.2,1.1725486229384865,0.5290838827628437,0.6926591694128346
45,047,Greenwood,SC,0.0,0.0,0.0,1.0,1.0,0.0,0.01873536299765808,0.0264958044472711,206.25,0.0007074675645416228,291532.8,1.414213562373095,0.5684966843675916,0.25026642963682005
45,049,Hampton,SC,1.3309214358665955,0.6820679176517968,0.7286530068800378,0.447329357734987,6.25,0.13082941396401054,21.81026676074992,21.0721415716039,34880.05,0.09735981657972777,358259.19999999995,0.9661569848162352,0.6702315654603985,0.8553398427130915
45,051,Horry,SC,1.2748191461848728,0.6113470248767887,0.6074091893569206,0.5811726954523518,8.25,0.044702407098608336,71.13992325673152,30.1175799291942,75425.0555975,0.10395495145993025,725555.2000000001,0.4233569358868315,0.7095630512404657,0.8078311867101224
45,053,Jasper,SC,0.3111381808908477,0.17245301160687712,0.22443875530121962,0.8461722488038278,1.75,0.6222763617816953,23.273268591535764,18.04640796841723,2142.88,0.005103106139120892,419916.8,0.775413556434463,0.6928908511730767,0.901771343393761
45,055,Kershaw,SC,0.6404388610561118,0.3244148835344379,0.37689251268141344,0.7658272569847443,3.25,0.7406370351067607,14.710804088160403,5.649000540186221,4887.849,0.010515881450857818,464806.4,0.3840035192048182,0.6925540480799554,0.885556796338338
45,057,Lancaster,SC,0.0,0.0,0.0,1.0,1.0,0.0,1.8350342651481537,3.178372580866421,994.2666666666665,0.002829817786602063,351353.6,1.7320508075688774,0.7494133256193803,0.9093187316050229
45,059,Laurens,SC,0.0,0.0,0.0,1.0,1.0,0.0,336.9686810737434,196.33401015903306,1224.1666666666667,0.0026747778896486787,457670.4,0.582647650023198,0.6799281249818327,0.7285292390691401
45,061,Lee,SC,1.4430604472929631,0.7337804725856909,0.7610903074244412,0.36379484818319374,6.75,0.02605222808133144,8.072971765098838,6.036810191716175,84851.5215,0.323130641832196,262592.0,0.7477804168490444,0.6961371268647161,0.8699305788972477
45,063,Lexington,SC,1.2038783775801374,0.6701709631500947,0.7759490324064392,0.4072568182654931,4.75,0.07037777752215311,8.496637562777519,5.981029075974069,8088.0,0.018072935287808366,447520.0,0.7039289403347098,0.648992631791872,0.700976778296723
45,067,Marion,SC,1.3114391272700188,0.6505596552614011,0.8148429443212316,0.5367937692233378,5.0,0.11103447968368248,54.52131682611862,22.4570448744116,31414.747625,0.10036711888942562,312998.4,0.4118947630342904,0.7035234347059679,0.835921415496756
45,069,Marlboro,SC,1.061873348319445,0.5920359936831682,0.6090494661998028,0.5248812710995059,5.75,0.03866221743518227,5.3631903350032335,2.5106378005156937,55909.004885,0.18210548067126495,307014.39999999997,0.4681239418504024,0.6883818872704764,0.8245551438296004
45,071,Newberry,SC,0.31418551777944137,0.16605741076563243,0.19521443812906697,0.8684894222442162,2.0,0.6283710355588827,1.1726833405208705,2.0313081922116027,9831.6625,0.024354317193668058,403692.8,1.7321881551667282,0.6848483483798637,0.7891039437007487
45,073,Oconee,SC,0.29122884002919663,0.15790173411398356,0.21007720163698362,0.8820968962906889,1.75,0.5824576800583933,56.27758404367765,35.35803499487789,1309.05,0.0032704795654050945,400262.39999999997,0.6282791913639386,0.6643198700761285,0.5700524516171693
45,075,Orangeburg,SC,1.3929160794754,0.7203922775444789,0.71581726430258,0.3709170752038553,7.0,0.08064649656920492,14.453017388958635,9.21951061014259,95763.7525,0.1352705424904625,707942.4,0.6378952132989076,0.6857765303692989,0.8524921449443402
45,077,Pickens,SC,0.0,0.0,0.0,1.0,1.0,0.0,2.670850767085077,3.7771533778863002,160.55,0.0005048589728108838,318009.6,1.4142135623730951,0.5340947033949295,0.08676572237669605
45,079,Richland,SC,1.2511957934138636,0.6794107639969258,0.7774116564220646,0.421651490012436,5.0,0.13790412240785263,25.144546336892418,8.741153503321328,15432.48,0.03187854470459143,484102.39999999997,0.3476361587998186,0.726742772257459,0.8995667848755765
45,081,Saluda,SC,1.289976535343452,0.6495084573389633,0.7575750515197291,0.5220649072043113,5.5,0.13823094182407505,291.69341624326546,97.36189266126449,5175.575,0.017872250569085923,289587.2,0.33378159135435187,0.6598110284578683,0.9382451524840029
45,083,Spartanburg,SC,1.385181995801915,0.6741039954077476,0.7928971349198998,0.5066885696614061,5.75,0.08885096731133821,266.4040651920763,239.8163370983192,3616.775,0.006968802408962549,518995.19999999995,0.9001977388198358,0.6205938665699322,0.7087160849690257
45,085,Sumter,SC,1.4521982641299545,0.7304557272272483,0.7352599572005648,0.3461091498648683,7.25,0.08246024230466865,8.37510080179919,4.755247229266922,67040.14624999999,0.15742208340064773,425862.39999999997,0.5677838800752548,0.7025386714796589,0.8464790781834776
45,089,Williamsburg,SC,1.3707013010465716,0.7089629824104651,0.7862866018762915,0.39935874734268106,5.75,0.04103179937065471,30.898670513081104,7.0812752277624496,66498.7730075,0.11125852106672958,597696.0,0.22917734356125635,0.7004282573388881,0.8296096610270105
45,091,York,SC,0.23459681261438237,0.1230616493383743,0.16922582908356343,0.9208695652173913,1.75,0.46919362522876473,24.099776216298782,17.752173744682512,4658.15,0.010665044142428016,436768.0,0.7366115595993228,0.6604744358114368,0.8045194217210735
45,999,All Other Counties,SC,0.0,0.0,0.0,1.0,1.0,0.0,27.443534099620283,25.626756593339074,2708.625,,,0.9337994334225945,0.512165728076196,0.09166094826832699
46,003,Aurora,SD,1.2547050270597604,0.6445785782816423,0.578518310566301,0.4548409126219121,8.75,0.13414976776922335,17.753831000070065,8.823775829390302,167731.394375,0.37007583341938144,453235.19999999995,0.4970068617503163,0.7280879927713589,0.9650199726905557
46,005,Beadle,SD,1.1357589566569046,0.6204662780136683,0.5209128352077776,0.4513031972219105,9.0,0.0725451843919329,13.748606211437176,10.49098701308904,344838.90235,0.42806926584720345,805568.0,0.7630582221754092,0.733030228113916,0.9712984024962734
46,007,Bennett,SD,1.410548548684548,0.6712988950752152,0.6276197973139921,0.5127962889540877,9.5,0.130366393397513,14.77021708379416,15.859273245341843,104347.59082499999,0.13755545956184773,758585.6,1.0737332535716482,0.6781438977428016,0.9069416601509527
46,009,Bon Homme,SD,0.866172116837171,0.5359091975521565,0.4305105523373405,0.5027146438600049,7.5,0.05110143392597956,4.4093055162652055,1.6555213493948984,162924.974605,0.4518945447160019,360537.60000000003,0.3754607938343014,0.7416153312131758,0.9543060267589097
46,011,Brookings,SD,0.9481664749180538,0.5552691860668717,0.43881215450057526,0.5119833801412242,8.75,0.008242445178946399,5.600730862602498,3.9059901474665026,249718.24920000002,0.4911320448795408,508454.4,0.6974072211803267,0.723665985392863,0.9666638368030889
46,013,Brown,SD,1.20778415867191,0.6528515968196227,0.5166475324274497,0.42525729383788263,10.5,0.10997161771209148,19.99492656113664,6.256983888633394,599889.9045125,0.5471626820858349,1096364.8,0.31292857563152293,0.7418518644212034,0.9676264790182434
46,015,Brule,SD,1.3807227907245179,0.6974789456267518,0.6401385772351934,0.4023799040015606,8.75,0.09501841381054425,18.42482667540782,5.9294886184240685,184474.06355000002,0.35195946602627115,524134.4,0.32182059147065617,0.7132711789758164,0.9631399725512146
46,017,Buffalo,SD,1.5998458306621601,0.7661332772421752,0.7706680465890763,0.3149101732579069,8.0,0.09053642362697835,20.13138150849248,12.632818944962564,54063.691475,0.17950767744679552,301177.6,0.6275187293844375,0.7099532300406265,0.9449267359720501
46,019,Butte,SD,1.254425075079582,0.6489925314881435,0.6338694589105935,0.4950277033068453,7.25,0.07118259691529842,10.372274247208498,2.5956784474429777,31572.783175,0.021940073075475536,1439046.4000000001,0.25025162134924805,0.6773774305149488,0.7865244222467469
46,021,Campbell,SD,1.6635823451162983,0.7707332224576643,0.7481510179925555,0.3556950501514091,9.25,0.07270351894896454,6.244748576011482,5.455357546451331,143708.415675,0.3051745735769547,470905.6,0.8735912230970339,0.7216757685799464,0.9487282547061314
46,023,Charles Mix,SD,1.170706935257767,0.6322534821936571,0.5494418675269458,0.443995960304498,8.5,0.1254373003984998,15.154729735982357,5.785499708605052,297968.536975,0.4241878322325114,702444.7999999999,0.38176198516218707,0.7236208922914881,0.9612308515961061
46,025,Clark,SD,1.1903468635113497,0.6403817074917482,0.49376178142648497,0.46270294770918297,11.25,0.060384883805144694,10.052346024882238,5.033982760279482,264713.647075,0.43178456818386457,613068.7999999999,0.5007769079793942,0.7268302367876002,0.9671832217837102
46,027,Clay,SD,0.7564257945708468,0.5057824632396064,0.41029082414667284,0.5466337099922194,6.5,0.024634382795409165,15.096191078735854,10.376580695671706,184758.3726,0.7013725879190962,263424.0,0.6873641597109829,0.7448573643324962,0.9461716541753022
46,029,Codington,SD,1.2266597907511425,0.6538315358879286,0.5121615950650085,0.46255190748990366,11.0,0.02189558576342029,12.22710705375277,6.9356027376510765,205430.2712,0.46677156012331494,440108.8,0.5672317014287027,0.7139194493323026,0.9622585051823929
46,031,Corson,SD,1.2010417778523488,0.5735113710350934,0.5794466669867889,0.5960732333603372,8.0,0.14400361714057416,7.357271558835079,5.39908371685659,156161.41115,0.09866927285522639,1582675.2,0.7338432017468524,0.6931433355951527,0.9127623732584593
46,033,Custer,SD,0.5141251609735844,0.2607375265092977,0.31802894049541974,0.8336684295550607,4.0,0.3878370851246559,13.394998638684742,13.328858398028254,8163.441525,0.008188649463508463,996921.6000000001,0.9950623182248429,0.7517424173508616,0.8903637368838176
46,035,Davison,SD,1.0099061033948677,0.5831440960203219,0.48697247513911185,0.4620301140076783,8.0,0.07132393155846242,16.615408608894338,10.597520598153642,140633.29985,0.504637908817805,278681.6,0.6378128186676504,0.7380372308621314,0.9595929587141238
46,037,Day,SD,1.2278033647309083,0.6580546974662431,0.5242182882719147,0.46448208870927676,10.5,0.03504240908053487,11.148975666901405,1.9978789669780666,260953.15765,0.39641376749090973,658284.7999999999,0.17919843281291598,0.7348624916311645,0.971572550217976
46,039,Deuel,SD,1.0669685142669187,0.5981295866270168,0.5059352672910635,0.48014430013499654,8.25,0.03214656735731584,5.857708541240122,5.544175949169225,158630.264075,0.39749785521159087,399072.0,0.9464752146912861,0.7338854331800463,0.9619951909258176
46,041,Dewey,SD,1.3458986730127975,0.6464584652424967,0.6835194048495572,0.5199315010299834,7.25,0.18367310771948675,8.222202906111889,6.668064808628841,81122.64305,0.055047306468064924,1473689.5999999999,0.8109827603101603,0.6738095541127237,0.9096242155889908
46,043,Douglas,SD,1.0724760515491611,0.6018794305139895,0.5017343769567134,0.449475718122071,8.5,0.038573532600252494,9.986821204563048,3.963827515305196,143899.320475,0.5186323627942415,277459.19999999995,0.3969058255988498,0.7262059435485514,0.9659818553630792
46,045,Edmunds,SD,1.4461591173312223,0.7223938106539042,0.6568122024648342,0.39249023170869535,9.25,0.023793072365810818,8.94712955022475,1.8095338934259397,308609.12265000003,0.42092368419545123,733171.2,0.2022474228486481,0.7442454505824034,0.9714301363108618
46,047,Fall River,SD,0.8457068799348135,0.46213919461728936,0.590449267183667,0.6938497322945016,4.25,0.19007622219034956,11.550426636136173,13.340276768598475,17197.4824,0.01544438417458876,1113510.4,1.154959655504209,0.7381735770406704,0.9008556130600942
46,049,Faulk,SD,1.392919778632302,0.7057394149417205,0.6288511260260197,0.41428377259515897,9.25,0.04606484209355653,7.685438519638186,3.5010434324053756,253093.9411,0.3954039264190513,640089.6,0.45554244217286344,0.7372603019570492,0.971960158661383
46,051,Grant,SD,1.119177820843814,0.618752125552962,0.5049777150647292,0.49152047824585043,9.25,0.028052166056567494,7.802460219539315,5.828250473909147,198085.771125,0.45348642127267363,436806.4,0.7469759934582875,0.7281527804755209,0.9606966607328382
46,053,Gregory,SD,1.4751506245703392,0.7151138397982523,0.7359153817349129,0.42302536756107106,7.5,0.14743940588542187,19.169889416037392,12.061238681892469,101771.41789750001,0.15652440666664413,650195.2,0.6291762263272173,0.7178646678298795,0.9645973664160808
46,055,Haakon,SD,0.832604796793023,0.37315466918042783,0.4049926130746392,0.7731900759205883,7.75,0.31867524111432116,19.323268143645148,15.248651505739383,151503.41585,0.13057253416527853,1160300.8,0.7891341874668449,0.6872397950036822,0.9308587740951065
46,057,Hamlin,SD,0.9817595152187127,0.5737795615356285,0.46587581948323964,0.4933368677186614,8.25,0.01921707480831172,9.197757691417277,4.900616110852496,185037.625325,0.5704164652375656,324390.4,0.5328055244840184,0.719965944914586,0.964853632717472
46,059,Hand,SD,1.5272850564913072,0.7540532728742333,0.6879364949171882,0.3137321209243619,9.25,0.10062227391505608,8.208785034209885,3.386205558671811,327824.3064,0.356558965564048,919411.2,0.41250995665739726,0.7279569544462564,0.9632557948240128
46,061,Hanson,SD,0.978812085666892,0.5680687702407022,0.46639911991161564,0.472946891419343,8.25,0.03139945860032096,8.372331005645913,5.32066022189742,163133.29958,0.5862907824863142,278246.4,0.6355052396171882,0.7429019939070807,0.9687357608998453
46,063,Harding,SD,1.1046497773673425,0.5489934009656618,0.5910280930249239,0.6130093350692312,6.5,0.06931857371672304,9.379530753580635,7.824384947621206,87004.12125,0.05090580020712413,1709120.0,0.8341979095952372,0.690030821909191,0.8767655113431421
46,065,Hughes,SD,1.3454931515970359,0.6559927144326899,0.6327707415849351,0.5192389065137525,8.5,0.14217131665995217,11.116818740350539,8.939799121712602,193641.756325,0.4083642555981921,474188.8,0.8041688301765645,0.6843942265988866,0.9566373444020186
46,067,Hutchinson,SD,0.8676648863991903,0.537592407062926,0.44799679804665493,0.4994907487371595,7.0,0.045969320212713424,6.836344861272574,3.0036030820616846,312998.24765,0.6016827365875901,520204.80000000005,0.43935804044598314,0.7441248859851953,0.9607583249554033
46,069,Hyde,SD,1.4737555521638177,0.7173299276924668,0.6906849272971677,0.41521819534261445,8.5,0.17617391583603856,11.082555581437502,6.13865843688821,144642.590525,0.26249932947177307,551020.8,0.5539027881953535,0.703492421872324,0.9658455093102196
46,071,Jackson,SD,0.6038109013410473,0.2942497184789964,0.2938175898858088,0.7817557090280826,7.25,0.4223146976440641,17.947591461387546,15.897275642980198,66395.118675,0.055503027039150554,1196243.2000000002,0.8857609488817261,0.6877161528999548,0.9082690270056497
46,073,Jerauld,SD,1.4476509561883075,0.7043911033298131,0.6673734141281411,0.44272265238650754,8.75,0.09269431186185659,17.850662878327743,12.016703567516034,95245.1090625,0.280841053971724,339142.39999999997,0.6731796824254273,0.7218204606068603,0.975551068727904
46,075,Jones,SD,1.172519467169919,0.5696725558486935,0.6493928812844159,0.608834533118397,6.0,0.3354494807229477,11.00623115068503,6.99232960294644,72676.181,0.1170058657343486,621132.8,0.635306446613311,0.6865623117330593,0.9409212266336071
46,077,Kingsbury,SD,1.0045095285821835,0.5760824757811039,0.4719340485438422,0.5022663829248074,8.5,0.0952429363365515,9.83295648304891,4.2586311583993615,276316.003525,0.5149799676846887,536556.8,0.4330977326850617,0.7336256245427243,0.9654144144653168
46,079,Lake,SD,0.7825703155829146,0.5152642527320006,0.4123402789275722,0.5195586719141839,6.75,0.036108804398936704,5.864954242392345,3.5478035519441486,212825.855325,0.5904167017831303,360467.2,0.6049158109879782,0.7414031732474139,0.9615032943667776
46,081,Lawrence,SD,0.08153802010279937,0.03227695581051246,0.05066242038469316,0.9830815709969789,2.0,0.16307604020559874,7.00991007993662,10.771697191376974,1767.15525,0.003451302532529624,512025.6,1.5366384259631427,0.7654731003684401,0.8835713421881838
46,083,Lincoln,SD,0.7062505129884522,0.4978892460934624,0.4084911789914588,0.5392828022548312,5.75,0.007293229005213016,3.8918136526283638,2.0347181273478236,263594.713525,0.7124612774530134,369977.60000000003,0.522820029158812,0.7461164052397502,0.9461097311310188
46,085,Lyman,SD,1.392279107318518,0.6888051111200846,0.702621564735564,0.47433132161581265,7.5,0.09934085473640122,14.22938316818706,9.020355755972094,189741.2557,0.18077923365890022,1049574.4,0.6339245805214593,0.7027093961331591,0.957067225562514
46,087,McCook,SD,0.7484290372695306,0.5062011708189263,0.37376183506111654,0.5300524120592327,7.5,0.021691041536422484,5.187878465612562,3.565967007007487,216839.5559475,0.5897302203021109,367692.8,0.687365178395025,0.7536289211447524,0.9677935715963808
46,089,McPherson,SD,1.7192071300655054,0.7850157778820751,0.755057668976514,0.3200066913314582,9.75,0.06961447363405399,8.811027651906937,4.227373469758226,161868.00492500002,0.22245567725237259,727641.6000000001,0.4797821135929941,0.7365484165924188,0.9614681308883664
46,091,Marshall,SD,1.1149776204945308,0.63163579303339,0.5489797426179543,0.428397400391044,7.75,0.09195517695717423,17.183239738420948,4.806671340446294,210750.836175,0.39309329185928005,536134.4,0.2797302146520597,0.7369730963240926,0.9651012505528141
46,093,Meade,SD,0.7716601341704243,0.37618999500907113,0.352280342124731,0.7337008948254787,8.75,0.2964408678631651,12.840139473347596,3.953266802189545,118426.41665,0.05331633623164238,2221203.2,0.3078834782437823,0.6608563741910911,0.8418307261529181
46,095,Mellette,SD,1.2500132192287918,0.6106076688760583,0.6222231361080619,0.5412232572641364,7.5,0.20508559419185138,9.597681834431492,5.534904594881731,45977.910149999996,0.054987397231800475,836153.6,0.5766918189583417,0.6940679347637554,0.9366242922533428
46,097,Miner,SD,0.9694322251658358,0.5669765824158343,0.4832537007027251,0.4901519604474412,7.5,0.1317261474066681,11.838888284483836,7.895190134313046,157632.377,0.43184870263790015,365017.60000000003,0.6668861082725615,0.7506337021327301,0.969543658089336
46,099,Minnehaha,SD,0.7323081374500104,0.5045817265946599,0.41201941606050485,0.5219954985498843,6.0,0.005877637988147929,3.282679128473963,1.778491854233592,266184.14540000004,0.5136817804630281,518188.8,0.5417805958574968,0.7426917669720602,0.9497578316833936
46,101,Moody,SD,0.7625171659422744,0.5083457472527708,0.43722972524678777,0.5351005922781191,5.75,0.019478538172636943,2.8437283419421053,2.815565573493005,195003.03427499998,0.5863187042828862,332588.8,0.990096533472017,0.7319840581476736,0.9565181583733849
46,103,Pennington,SD,1.0402366779246204,0.46875485366947894,0.4705125939170426,0.6884333160686507,9.0,0.29598976772992447,14.044043257713835,8.002229213400973,99614.409225,0.056065959841529636,1776736.0,0.5697952552948501,0.6837366054065115,0.9095675103332861
46,105,Perkins,SD,1.2806568891496113,0.6113448013223688,0.6090510376018601,0.5526698454438508,8.25,0.1428393363810941,8.600970781266543,6.851718884887696,201880.878425,0.10984701058603245,1837836.7999999998,0.796621574370555,0.6535720964846095,0.8542914795698916
46,107,Potter,SD,1.4158595585179725,0.6935784518890753,0.6590482059261286,0.473540646440182,8.75,0.06917461890267168,6.855219025286894,6.535710843459533,271850.82365,0.49021559620206234,554553.6,0.9533919805262546,0.7096234957773767,0.9666624397327804
46,109,Roberts,SD,1.1221241265720718,0.6290353368880928,0.5012487606554834,0.5040552593418736,9.5,0.030696978920434943,8.378079866674181,5.129370176164188,293048.49655,0.41577825426719367,704819.2,0.6122369633366096,0.7352551572367362,0.9691843572710205
46,111,Sanborn,SD,1.0838046302927022,0.5864765804551795,0.5323946477916409,0.532521993488381,7.75,0.12956509694325838,21.928063027596828,13.222819710875365,120618.67472499999,0.33121857130421695,364166.4,0.6030090160829176,0.7285333912836386,0.9677929325895344
46,113,Shannon,SD,1.0116971422238032,0.5095138182905954,0.5312446858137105,0.66075942402841,6.75,0.21759413712939443,14.074299987961128,17.022541686624336,37443.03925,0.02794083177074378,1340083.2000000002,1.2094769687433886,0.658796940739938,0.8326941401006713
46,115,Spink,SD,1.1117594609406987,0.6178145418236887,0.4784127360272703,0.5047057552062517,10.25,0.09656715559564784,8.155656411180175,7.02266958124435,585996.3830375,0.6088420864144466,962476.7999999999,0.8610796270938204,0.7315717074339212,0.962430560979941
46,117,Stanley,SD,0.8847663643804349,0.4153661248658891,0.44033397227332394,0.7466820180448164,7.5,0.16497309488388665,19.49089055765711,15.344156619961797,144494.161975,0.15642988753806436,923699.2,0.7872475900765733,0.701062197531815,0.9451714020430705
46,119,Sully,SD,1.1907008838841096,0.6112339046064716,0.5434996928348301,0.5567050872626422,9.0,0.09639980884490987,8.413512762663911,7.638914866700653,389958.549425,0.605134803333561,644416.0,0.9079340677534073,0.6888470834262025,0.9595704952907897
46,121,Todd,SD,1.5516940165248767,0.7207782432817903,0.7075680555592534,0.4086569113453403,9.0,0.17473225874594722,11.962520240605977,5.056053491215271,36897.145975,0.04153228149290948,888396.7999999999,0.42265788391754056,0.6985389924973899,0.9422231974408635
46,123,Tripp,SD,1.6864187074942545,0.7804661446245242,0.7920344234673097,0.31914432841491913,8.5,0.10278081690543929,13.54867441177663,5.033428901139682,205939.948875,0.19942806418091347,1032652.8,0.3715071119256198,0.7081600002800046,0.9437856012101243
46,125,Turner,SD,0.7781511537141372,0.5126137200325861,0.3900640638391429,0.5208206250280472,7.5,0.021269300851912795,5.5007062499026,1.1186224440358399,260310.0942,0.6594055351439642,394764.80000000005,0.2033597856740027,0.7411321050269767,0.9576493295274108
46,127,Union,SD,0.7816657049047613,0.5160030712702453,0.4301858945326246,0.5117683895813503,6.25,0.033443598682317936,7.04777142760932,1.1443630236057114,196941.27725,0.6684059813700096,294643.2,0.1623723236997616,0.7304176469856368,0.9423103992741251
46,129,Walworth,SD,1.508340897270764,0.7279053363138912,0.7306847396045246,0.42408252705486627,8.0,0.07629211752868789,3.7967348622611783,2.1365365996968593,163702.94607499999,0.3613764332832081,452998.39999999997,0.5627299975391029,0.7221720003678431,0.9518106799993291
46,135,Yankton,SD,0.792532280215822,0.5174416360249255,0.4541058656329164,0.5146226238493119,5.75,0.04075145983963289,9.056173224806642,3.458190027851182,162626.3173,0.4872085529311667,333792.0,0.381859969106876,0.7486922043045916,0.9557007472310132
46,137,Ziebach,SD,0.9914073769705503,0.48762193689622935,0.49753753128888234,0.6757182488891624,7.5,0.16741859530326733,11.030306610725368,8.331623113381223,81105.07445,0.06457969802638955,1255891.2,0.7553392128991167,0.673438202481499,0.8936157522285654
47,001,Anderson,TN,0.0,0.0,0.0,1.0,1.0,0.0,105.28205128205128,182.3538619455849,9.666666666666666,4.475176044166593e-05,216006.4,1.7320508075688774,0.5857153267335284,0.2616027378034957
47,003,Bedford,TN,0.927098204523211,0.5655412695062545,0.6687599910413493,0.5183410837073876,4.0,0.06527532930807149,6.896377303671036,3.840107270822376,9000.738,0.029690825099752995,303148.8,0.5568296370296089,0.7561342952635107,0.9574559756516583
47,005,Benton,TN,0.5094491684874082,0.32023421656297707,0.4637206171296638,0.7620383517797342,2.5,0.3617295628338571,7.128356573333781,5.3754341919979804,6182.056425,0.024464246692489366,252697.59999999998,0.7540916530616263,0.7477725152492959,0.9743214019686247
47,007,Bledsoe,TN,0.0,0.0,0.0,1.0,1.0,0.0,4.500331299395822,3.51984615708008,1092.7233333333334,0.004202058004364376,260044.8,0.7821304528296896,0.7341012123170846,0.9804194484668987
47,009,Blount,TN,1.187068516968477,0.6620695149142009,0.856288931312919,0.43243802919899554,4.0,0.035324623280310816,17.251645896192194,6.902152479016357,1891.7275,0.005291865186819679,357478.39999999997,0.4000866074198642,0.6471918366822301,0.6562366603791168
47,011,Bradley,TN,0.0,0.0,0.0,1.0,1.0,0.0,69.12369076159284,46.416701471620364,609.2233333333332,0.0028958124188772608,210380.80000000002,0.6715020705666783,0.7369178288206394,0.9615137342434125
47,013,Campbell,TN,0.0,0.0,0.0,1.0,1.0,0.0,80.540666040943,58.065506718493594,114.75825000000002,0.00037350754186889413,307244.8,0.7209464432411806,0.6129831523227915,0.5939277044132094
47,015,Cannon,TN,0.7918753257809263,0.508202857612171,0.6412779886331148,0.5811078157046935,3.5,0.06123141029480919,7.865764718285343,7.653143967979727,8606.289700000001,0.05062237485412589,170009.59999999998,0.972968839277465,0.6858946916199361,0.796733858223233
47,017,Carroll,TN,1.2734711619399417,0.6941345918216806,0.7622495517157432,0.3870048302448273,5.5,0.026942691012670154,6.237381522220497,2.0189124522996638,55570.654475,0.14495200096355296,383372.8,0.32367948715456074,0.7269459426811911,0.9288223232280405
47,019,Carter,TN,0.7196948843376956,0.4357651903327109,0.6550945149268351,0.6439255478459032,2.5,0.4821358551559208,303.45605322668496,123.72961833948678,376.476925,0.001724806319637883,218272.0,0.40773488293891247,0.6275227041117799,0.5716533129693645
47,021,Cheatham,TN,0.8366785887169376,0.46500280025344976,0.6035360253799512,0.6398109017329942,4.0,0.20994405634486454,2.9943645237705634,4.139856904495413,1654.8012825,0.008543008669484735,193702.40000000002,1.3825494096097635,0.71730149458214,0.9220112978809922
47,023,Chester,TN,0.7500979237979255,0.4050251762808909,0.5142126447886316,0.7158004817744996,3.5,0.5144610228366872,5.001157840662397,1.5481797411678724,10148.76085,0.05496131577750243,184652.8,0.3095642630153057,0.6937851625573008,0.9610726410629031
47,025,Claiborne,TN,0.22781975305508587,0.1420488096746106,0.32867442794912066,0.8971616407998722,2.0,0.28761316568863043,299.91426391143796,134.9051476859725,1167.9329324999999,0.00420211662298805,277939.19999999995,0.4498123761322963,0.6773266309412481,0.8207521289211339
47,027,Clay,TN,0.5544484195722995,0.32942109281457993,0.5198057924070013,0.7187608685652283,2.25,0.5773852839858981,462.79591576144117,446.34597951817,329.7080875,0.0021819020232889327,151110.40000000002,0.9644553124108582,0.7305022672299818,0.8860011011532573
47,029,Cocke,TN,1.0274771237643014,0.5891342549263959,0.8205374905940763,0.5150694984805251,3.5,0.2163069454074842,221.97462136403388,180.56115865202145,2330.1564025,0.008381375181644222,278016.0,0.8134315425000987,0.6706251120858977,0.7993372369533335
47,031,Coffee,TN,0.8688181822187766,0.5412240626977645,0.5826060884112502,0.5440425028874452,4.5,0.02421645324189735,5.4359036038100506,5.148447041867472,27096.439075,0.09872723172905397,274457.6,0.9471189000222339,0.6457438667705033,0.6558401175780538
47,033,Crockett,TN,0.7211889541891622,0.3747232377653341,0.4692243363269646,0.7666571055886467,4.75,0.08789076080631968,8.02427310966682,5.156139604412443,74677.055125,0.4398646610352189,169772.8,0.6425678106844165,0.6851764115766685,0.8270666148332476
47,035,Cumberland,TN,0.0,0.0,0.0,1.0,1.0,0.0,17.5556179225978,23.6114713379753,482.8299999999999,0.0011068233667346427,436230.4,1.3449524500976027,0.6616458098106075,0.6838986630403511
47,037,Davidson,TN,0.0,0.0,0.0,1.0,1.0,0.0,10.546844754161826,14.915490891579186,941.1,0.0029277042766694536,321446.4,1.414213562373095,0.7632196963472246,0.9262200709123807
47,039,Decatur,TN,0.4531739007047565,0.3105471822586717,0.6537917392070598,0.7779610346554399,1.75,0.30359665338174663,10.24302542130215,7.10089268432513,3441.2457,0.01610346333108715,213696.0,0.6932417320333493,0.7223459314251749,0.9861069343015411
47,041,De Kalb,TN,0.8764971265524564,0.5422110552053484,0.7978220666137531,0.5713775904103591,3.0,0.13231909282840348,53.30904891330162,29.475697083926864,2607.0467,0.013374628061693535,194924.8,0.5529210834705423,0.5421882858441126,0.6020588786853233
47,043,Dickson,TN,1.199157951361691,0.6731430316871289,0.8650096148360402,0.41294538152600835,4.0,0.08630550776293026,87.09386271373496,89.22041498996228,1283.7832875,0.004094783078610141,313516.8,1.0244167867857348,0.6734976187180136,0.8984758589362188
47,045,Dyer,TN,1.1769595508665893,0.600534501524424,0.6568736323596268,0.5837576580480889,6.0,0.03612732564187763,2.5036411882304797,1.6343263564283494,168095.64805000002,0.5144945153342312,326720.0,0.6527797849433276,0.6351678623829408,0.7960682017877819
47,047,Fayette,TN,1.1372245027656445,0.6278689347240964,0.7065973120054788,0.46357394968553467,5.0,0.03734898102219775,7.259056058283521,1.8959187407053386,81392.765625,0.18051979601002485,450880.0,0.2611797905241206,0.6841888472835307,0.8484599426478281
47,049,Fentress,TN,0.8790499663049444,0.5545015275211056,0.9133826835288116,0.533148383987808,2.6666666666666665,0.21012415892297523,32.83708699696246,51.46416468551987,766.4866666666667,0.0024018037395047865,319129.6,1.567257311535596,0.6295932933592954,0.5796650210131008
47,051,Franklin,TN,1.1149675509592676,0.6323673719955394,0.6927682903113672,0.43284469524661273,5.0,0.09779477372941904,25.758356327282502,29.41736249422678,34203.1678125,0.09637605443812892,354892.8,1.142051228752852,0.6181510256619823,0.4877308263335342
47,053,Gibson,TN,1.25408757117745,0.6716647906174995,0.8100630340766792,0.4851572472481061,4.75,0.04723377524536756,13.998342822165043,13.509746671958629,163807.8171,0.4246929733000647,385708.8,0.9650961434211507,0.752232246386067,0.9357237069565515
47,055,Giles,TN,1.0598892604305203,0.624137510435967,0.6500760567942672,0.46567984944046115,5.25,0.02803842927287673,8.309704821262992,2.0341346975541814,17415.1719,0.04454062837600053,390995.19999999995,0.24479024722384946,0.7274748027233126,0.941880561187517
47,057,Grainger,TN,0.10897691362327615,0.04985883648232209,0.15722045285568542,0.9738288490457779,1.75,0.09846681689907158,471.87683852493325,135.4981332222551,351.4499225,0.0019589073731182895,179411.19999999998,0.28714724300903693,0.6888746556182908,0.7821965595971748
47,059,Greene,TN,1.1456161289945466,0.6282837376322487,0.7216356453515717,0.487211662054291,5.0,0.053120084209131536,247.94731348812138,129.344293858538,6128.962355,0.015403985394147404,397881.60000000003,0.5216603964726345,0.6613352660738123,0.7615808684277405
47,061,Grundy,TN,0.6521346965134946,0.4032660703181018,0.591580327735572,0.6621960622426882,2.75,0.45666752244069914,7.993343894742376,6.746428009075108,2319.41605,0.010051274623155648,230758.4,0.844005725002345,0.5336046172508642,0.20810193861871792
47,063,Hamblen,TN,0.8892493760760164,0.5370863105332266,0.8748058570568187,0.5808247766872926,2.75,0.2705161400870107,304.0305457372813,111.58002172516458,689.7200475,0.00669246459801745,103059.2,0.3670026689409789,0.6961591196937839,0.9168219169730114
47,065,Hamilton,TN,0.0,0.0,0.0,1.0,1.0,0.0,41.27110756548331,71.48365518805738,209.46666666666667,0.0006033693434604133,347161.60000000003,1.7320508075688776,0.7137199715588538,0.876615662582127
47,067,Hancock,TN,0.0,0.0,0.0,1.0,1.0,0.0,553.0917930510307,263.27185985179284,496.8635475,0.0034925066038452024,142265.6,0.47600030078099936,0.6697074970424157,0.7569400909566186
47,069,Hardeman,TN,1.203213330773302,0.657471064572174,0.7475984761372823,0.44231149501859307,5.0,0.023842224074130825,8.70693784563295,4.689075297124894,28923.411525,0.06769954386609617,427232.0,0.5385447077099265,0.689480443763566,0.9155311723804249
47,071,Hardin,TN,0.9952330456453057,0.49799307062438053,0.6183730592875892,0.6813483048495503,5.0,0.11364218378363893,18.20670521637382,14.992989678656507,24008.733275,0.0649182254217068,369830.4,0.8234872537603825,0.6923623175534447,0.9227060699187638
47,073,Hawkins,TN,0.16134449923308686,0.0737478474840626,0.2327709089182876,0.9615094565709755,2.0,0.04240696213143757,477.43902101768697,182.1051817561242,1560.1791625,0.005009205485156474,311462.4,0.3814208176113406,0.6805041871848182,0.777558216461707
47,075,Haywood,TN,0.7537433371808078,0.4061752102307434,0.4458623391657802,0.7421403852695696,5.5,0.10843945177878252,8.074811571883162,2.070440933516779,131039.52805,0.3840008675508721,341248.0,0.25640733719733383,0.6690064949023675,0.8365820112862363
47,077,Henderson,TN,0.9129550345058044,0.5142450396402694,0.6476800395864492,0.6339181133258971,4.25,0.127885312625698,5.782300824027907,4.464322368874462,11015.603425,0.033098496887739894,332812.8,0.772066778387474,0.7239269841601532,0.9664314012648912
47,079,Henry,TN,1.004777555706026,0.5723583561218819,0.521627035336164,0.5314772600218034,7.0,0.1411013963341538,20.95420716828574,20.569191435094396,48955.012725,0.13618467344896118,359475.19999999995,0.9816258505941438,0.7580057052343979,0.9688534208852485
47,081,Hickman,TN,0.0,0.0,0.0,1.0,1.0,0.0,9.286407211648006,7.972420938662951,2156.915,0.005502154521485013,392012.8,0.8585043447871947,0.7412121866577468,0.9661871731804279
47,083,Houston,TN,0.0,0.0,0.0,1.0,1.0,0.0,127.35404633647973,209.11520068497967,191.44500000000002,0.0014940952624744018,128134.40000000001,1.641998874008921,0.6891191849983552,0.8615941925899074
47,085,Humphreys,TN,0.1734859906845072,0.1233639675213421,0.15791375399125654,0.8904270535349408,1.5,0.3469719813690144,1.1697230796553142,1.2886452930419519,5490.57,0.01611930334260268,340620.80000000005,1.1016669803776813,0.7255650221882204,0.9461109018293816
47,087,Jackson,TN,0.49998385615625807,0.35547144175732875,0.7213242298011744,0.699423660680979,1.75,0.3343379608428945,473.40980339344725,450.0300264063226,382.5001775,0.0019349149421903327,197683.2,0.9506140835708594,0.7183852635144101,0.864551881850032
47,089,Jefferson,TN,0.8276426829559298,0.5318594111715393,0.9288735441111562,0.5635113769081805,2.5,0.20898058614258547,118.08721007346398,105.36938681507846,1216.2669999999998,0.006940642005405208,175238.4,0.8923014334027067,0.6859567020609199,0.8108965741480466
47,091,Johnson,TN,0.11276460667063265,0.051747699479051,0.16268493883151625,0.9728889936862066,1.75,0.09713293718699018,519.7080445706897,63.590494493855815,612.6328550000001,0.003207152598041679,191020.80000000002,0.12235811078580747,0.6194608003697817,0.6317877497839615
47,093,Knox,TN,0.6750807962488924,0.4821407497586643,0.9739357169476497,0.5831080385795523,2.0,0.020914891420895153,691.5611249031222,426.90402338712687,124.27333333333333,0.00038189254480850673,325414.39999999997,0.6173048310761107,0.536151982353926,0.17494037776554092
47,095,Lake,TN,1.1587105561399922,0.6107402263951983,0.6996081629400279,0.5641922076513588,5.25,0.09362295783893058,2.904710609418215,1.1500542523955095,70792.024875,0.6768604752612135,104588.79999999999,0.39592730809967125,0.663353238418957,0.8140428222302616
47,097,Lauderdale,TN,1.1358784804255486,0.633723137157955,0.6511967829045108,0.45129391387821016,5.75,0.04174770467044194,4.420030872781763,1.104006392187634,116485.764425,0.3868827865109204,301088.0,0.2497734572366965,0.6287554595907751,0.7669069515084213
47,099,Lawrence,TN,1.0498490040377897,0.5907593785791542,0.603063891772499,0.49835069583415254,5.75,0.05335140761632253,9.049687057217314,11.878056986449517,20255.6895,0.05128168064512209,394988.8,1.3125378713484372,0.7187291555370124,0.9641010579754737
47,101,Lewis,TN,0.0,0.0,0.0,1.0,1.0,0.0,9.284175818172075,8.468969140706632,548.9151333333333,0.003040447714677349,180537.59999999998,0.9121939638551625,0.7765314746493427,0.9606498134056097
47,103,Lincoln,TN,1.3143267654621023,0.7082722220618065,0.7741465017788786,0.39004338249650605,5.5,0.06936900312089747,9.450608373519394,5.25684989914509,31387.265349999998,0.08600494907208495,364947.2,0.556244602609371,0.7217420274605646,0.909313907411834
47,105,Loudon,TN,0.8770082093791189,0.5460730941886079,0.7448380245690348,0.5309560904205398,3.25,0.18292380504057404,11.480251938186512,9.352395843707328,1205.683875,0.00823086794253539,146483.2,0.8146507493096607,0.6992808195908936,0.9130261431206432
47,107,McMinn,TN,0.9933052935920912,0.5813154994809984,0.7532326733284173,0.5032537197319502,3.75,0.17056332583329706,25.76291289217635,19.790393256414188,4375.952499999999,0.015890642793646,275379.19999999995,0.7681737441430434,0.7045339497391293,0.896377798812737
47,109,McNairy,TN,0.724288170328831,0.40453385081173715,0.5013435811290023,0.7132181630813217,3.5,0.49159219205623145,13.074286189887605,11.872843838670928,15906.301475,0.04437825165110974,358425.6,0.9081064668642529,0.696158280496098,0.9716569225712612
47,111,Macon,TN,0.901603545217151,0.48576898451315287,0.5789804707339657,0.6842094509113639,4.75,0.14409770063948557,730.7169034028686,233.7432015348943,5256.8638425,0.026743886152138345,196563.2,0.31988202332035537,0.7248017363856863,0.9366128983384875
47,113,Madison,TN,1.0867785205105984,0.6056892808106087,0.6416150168367868,0.5099883280713914,5.5,0.05248217311886048,3.6890312779956234,1.7497880449841805,49834.606125,0.1397963591926616,356480.0,0.47432182411174895,0.6973338849418589,0.8855602283736803
47,115,Marion,TN,0.0,0.0,0.0,1.0,1.0,0.0,2.7631430969749142,2.762065716832704,5541.954333333334,0.01737559925723038,318950.4,0.9996100889080303,0.7137234940938476,0.9023374347636743
47,117,Marshall,TN,0.5282821760553569,0.36098495952266574,0.48086315937337076,0.6944410585600989,2.5,0.3532970220859263,11.6355393306293,14.254079361474686,3143.275375,0.013084419686267848,240230.40000000002,1.2250467259349433,0.7147228284711655,0.8552822711906628
47,119,Maury,TN,0.8359694817633693,0.5014981162377072,0.6030245128372649,0.6259478530576477,4.0,0.1169175366543982,9.42867528382446,14.306282533265819,8200.051739999999,0.02090621160419998,392230.4,1.517316282787809,0.7426731646150602,0.9387609238952319
47,121,Meigs,TN,0.24883166056870176,0.14438887996208094,0.17949410135931593,0.8910574875798438,1.75,0.4976633211374035,12.481246083448472,14.019505224457909,1400.10125,0.011226820297264701,124710.40000000001,1.1232456383541176,0.69860621168942,0.8804169684532511
47,123,Monroe,TN,1.1724354353836657,0.6555806601212254,0.8457333941952535,0.43144308485742155,4.0,0.1664624377854329,25.858322278671775,17.357278876704665,4378.0954775,0.01077439981035698,406342.39999999997,0.671245361150949,0.7123836804322723,0.8819651388195608
47,125,Montgomery,TN,1.2084962918699134,0.6422271464177854,0.6353435521859201,0.4402571972199616,6.75,0.05745985653991885,24.58138835579749,12.929230563622939,24932.8720375,0.07224004702305621,345139.19999999995,0.5259764166483134,0.724195101614062,0.918556534135466
47,129,Morgan,TN,0.0,0.0,0.0,1.0,1.0,0.0,495.3862915567026,695.9840873461347,177.85333333333332,0.0005323267054887238,334105.6,1.4049320685864628,0.6785820402474748,0.817233103617851
47,131,Obion,TN,1.0514339334412963,0.5881869897900742,0.6032553340599219,0.5489148300856009,5.75,0.03451287006152753,3.6802843394556053,1.9772740939815585,116326.222725,0.3335591620777973,348742.39999999997,0.5372612308194754,0.7342810712463371,0.9509691643325267
47,133,Overton,TN,0.8543519665803209,0.5099154477810994,0.7776646733271888,0.620747643130608,3.0,0.03113327239716325,64.71008493299338,55.73394927464599,724.0964,0.0026106433730213666,277363.2,0.8612869127332766,0.7069135941050704,0.8188639005498758
47,135,Perry,TN,0.0,0.0,0.0,1.0,1.0,0.0,6.097000404209928,9.109041563884558,3602.095,0.013565700396490637,265529.6,1.4940201672932218,0.7326280599763393,0.9436389472811098
47,137,Pickett,TN,0.10468648759231682,0.05331424690953149,0.15103067649751947,0.9710740494144907,1.5,0.1452326466170986,154.47716062497545,291.9708370960374,310.1625,0.002974643421617972,104268.79999999999,1.8900582837928752,0.6406932495937337,0.5926157450538675
47,139,Polk,TN,0.0,0.0,0.0,1.0,1.0,0.0,6.992676899320327,6.318028070764233,4804.666666666667,0.017256158295981303,278432.0,0.9035206633640304,0.6994828536982806,0.9049488170045396
47,141,Putnam,TN,0.5116479478350571,0.3668562108950779,0.7381519570226519,0.6710818740100382,1.75,0.34132378429069116,115.01602434816472,138.30880912015502,569.2890375,0.002217963149467024,256672.0,1.202517735280788,0.7032163696105006,0.8064558407491854
47,143,Rhea,TN,0.3312527937150963,0.1701294504697254,0.20581893290565798,0.8887518807199339,2.3333333333333335,0.5737466688636793,29.98059588115994,44.96868937839774,2193.38,0.010847490821041972,202201.6,1.4999264709964102,0.7250873223714923,0.9466782180449939
47,145,Roane,TN,0.0,0.0,0.0,1.0,1.0,0.0,62.224744776146,55.94206561036421,22.31566666666667,9.659324385469184e-05,231027.2,0.8990324638793815,0.552212696410592,0.16699148209089457
47,147,Robertson,TN,1.2016431397446012,0.6567661524603424,0.5979277898978383,0.4299663771131716,7.5,0.03426561654108361,6.870546340553812,6.199959778190481,42359.7158925,0.13891127685275304,304940.80000000005,0.9023969086118881,0.7503075803689295,0.9522491427694301
47,149,Rutherford,TN,1.0601271381854855,0.624215100503918,0.7090652966804747,0.4795310283776888,4.5,0.07512819825796356,5.82258677383177,7.684301091290782,10139.705375,0.025598697142456096,396102.39999999997,1.3197400725440527,0.7474791921037203,0.9523407525227042
47,151,Scott,TN,0.0,0.0,0.0,1.0,1.0,0.0,28.000391837424868,46.16193682685988,97.31,0.0002857540547651713,340537.60000000003,1.6486175298861563,0.5614591872239292,0.328943721360878
47,155,Sevier,TN,0.5223582450602167,0.34523809740077355,0.7536036497158366,0.7437404002331823,2.0,0.15834824843694853,106.52574753181857,74.46601452812861,129.73033333333333,0.00034223715719214126,379065.6,0.6990424029259789,0.5960680756858424,0.4694390965486901
47,157,Shelby,TN,1.09864061565882,0.6050465303536925,0.6769168583668838,0.525521977139237,5.25,0.07986108325173366,6.440177185813537,3.2014738889201464,61432.013725,0.12721498342718315,482899.19999999995,0.4971095975390822,0.6660555348811396,0.7723264180558862
47,159,Smith,TN,1.1095156548202894,0.659794077538504,0.8511066724279047,0.3953137760637217,3.75,0.030181310983264948,250.46393600699577,140.23346509157145,3227.0999650000003,0.016037478754850353,201222.40000000002,0.5598948388627677,0.7363687296170375,0.9181458947230844
47,161,Stewart,TN,1.0338783943716785,0.5808150503642004,0.6504976715398252,0.5191028237126986,5.0,0.03082561699553596,58.26974532697036,33.66999917736558,4724.587475,0.016101395763582927,293427.2,0.5778298667418631,0.7053187283759182,0.9494246511434666
47,163,Sullivan,TN,0.8375369957467241,0.5279470435113065,0.8427115683465024,0.5791133376998032,2.75,0.18657610234073607,169.42797698606932,88.55429527210968,1030.1730225,0.003897257633180597,264332.8,0.5226663084066144,0.639576054455121,0.6303638037631727
47,165,Sumner,TN,1.1671789654228768,0.6367410032029202,0.6688178127936648,0.4848721438594994,5.75,0.13791778685046055,32.916112801909364,22.6212642622948,4851.9462325,0.01432300394536416,338752.0,0.6872398450701205,0.7478934578418132,0.9097068159211499
47,167,Tipton,TN,1.0097932517282713,0.5820047000465074,0.6274198239813231,0.4943077259119114,5.0,0.08509273684734459,5.481192078755116,3.8624151003907703,100557.25820000001,0.3420352133084442,293996.8,0.7046669857386203,0.6645604711110388,0.8249180027174013
47,169,Trousdale,TN,0.7561781923960539,0.5076344041011511,0.9511620622157357,0.5793284554123382,2.25,0.1979921261580755,232.70168998157837,156.8161856464083,1824.7334125,0.02495751012807467,73113.59999999999,0.6738936260360744,0.7319894100842627,0.9043856011443522
47,171,Unicoi,TN,0.0,0.0,0.0,1.0,1.0,0.0,580.5760622841602,375.41139001058974,53.2203,0.0004467428749865693,119129.59999999999,0.6466187884729674,0.5083154682559793,0.23225628766263096
47,173,Union,TN,0.0,0.0,0.0,1.0,1.0,0.0,177.27599666917862,78.4967106987815,79.33985333333334,0.0005545201325520368,143078.4,0.44279379145314945,0.5878196222754909,0.4884869044221098
47,175,Van Buren,TN,0.0,0.0,0.0,1.0,1.0,0.0,85.24464426639791,102.24776268052203,157.67333333333332,0.0009009163436456278,175014.4,1.1994626003832884,0.5664814876803893,0.2615825465017408
47,177,Warren,TN,0.9422844818587977,0.5540835843991146,0.6797145745421569,0.5795716279372467,4.0,0.07890489180362707,16.048388385886152,11.95793355771996,7714.915525,0.027859565757961825,276921.6,0.7451174080654998,0.537743045434651,0.25389011932416744
47,179,Washington,TN,0.8600122178806365,0.5033895101281811,0.6924392658363642,0.6309972711723147,3.5,0.12600894111090666,165.32403821176223,107.39056172011138,5333.480975,0.025538794469790998,208838.4,0.6495762073181135,0.665429296607076,0.766130073079502
47,181,Wayne,TN,0.0,0.0,0.0,1.0,1.0,0.0,9.136369808591036,8.6838478859014,3711.407333333333,0.007901076296165094,469734.4,0.9504702707782117,0.7498804184564837,0.9788973371603253
47,183,Weakley,TN,0.982286253035329,0.581150153103121,0.4723798353291569,0.5133359075898418,8.0,0.026676033147896166,6.468629331281546,6.190766718028929,109094.12405,0.2937995636397128,371321.60000000003,0.9570445918258285,0.7522537546778557,0.9622812198968018
47,185,White,TN,0.8508983024473988,0.5025443128825817,0.774521012757809,0.6340119348186481,3.0,0.15507434113461457,32.80395654877944,29.933367773935824,1844.464075,0.007653022245439217,241011.19999999998,0.9124926052570808,0.7164698922826825,0.8797162810712129
47,187,Williamson,TN,1.0203450919864567,0.5945741516855796,0.7698232689051261,0.5075488363473081,3.75,0.20361327356111844,3.917407586769618,3.9770312077683814,5578.7908,0.014959944781011878,372915.19999999995,1.0152201729531878,0.707720409980888,0.7942037186134467
47,189,Wilson,TN,0.7114616110359158,0.47386635409293715,0.905680054310835,0.6083385188819873,2.25,0.14566121491835735,186.07595091520696,157.4244171725333,271.5947,0.0007437592560947823,365164.80000000005,0.8460223709632961,0.7453192608330214,0.8996974109867681
47,999,All Other Counties,TN,0.0,0.0,0.0,1.0,1.0,0.0,10.309385958383116,9.627191617606766,9624.699999999999,,,0.9338278396472661,0.5588973245199147,0.5755871962303398
48,001,Anderson,TX,0.0,0.0,0.0,1.0,1.0,0.0,74.19507859165104,2.8159229922378475,4435.223333333332,0.006471891274977665,685305.6,0.03795296191727082,0.7566216208052954,0.9205734350207981
48,003,Andrews,TX,0.9421788764133137,0.4922724715895109,0.6796383963159116,0.6827184995757642,4.0,0.09957759416127364,25.234366816091196,13.00916539705113,35617.1873,0.03708541366100463,960409.6000000001,0.5155336566145015,0.7135678461148535,0.9119269335916846
48,007,Aransas,TX,0.0,0.0,0.0,1.0,1.0,0.0,0.5922589879977157,1.0258226584513697,1209.452266666667,0.007503252468302496,161190.40000000002,1.7320508075688776,0.7195291917434636,0.9723342420281494
48,009,Archer,TX,0.07044404947645283,0.021924043944433036,0.050814640419907645,0.9889367060373024,4.0,0.03150385129672921,18.327958712740273,10.40404399497742,48833.324125,0.08387607886700285,582208.0,0.5676597245794361,0.7555733056112288,0.9582315792576095
48,011,Armstrong,TX,0.8075239523913071,0.48882533120069316,0.5417487467376415,0.6305982709941658,4.5,0.02124137802349743,10.619331012711221,9.537247335887399,65610.2986,0.11220744892626118,584723.2,0.898102462807819,0.6983372215159698,0.9365070191325233
48,013,Atascosa,TX,1.3810513079875308,0.7141753324760012,0.8114799046567422,0.3932105663313913,5.5,0.13982807549059229,6.216642688951977,3.9662806352848037,15274.50115,0.019370197746059636,788556.7999999999,0.6380100697010549,0.7113796038484,0.7207378210934428
48,015,Austin,TX,1.4243959006471467,0.7379648683485978,0.8850269337155743,0.3406534991783542,5.0,0.06130798726755667,17.111185478300992,17.250451152279528,11862.80145,0.028403173915666803,417657.60000000003,1.0081388676521064,0.7284871024344328,0.9115086908479196
48,017,Bailey,TX,1.2186961817268283,0.6039649073156907,0.529273026840524,0.571344414461077,10.0,0.07219719384028242,22.41312918217614,5.530503216898937,162091.65399999998,0.30636418654513775,529081.6000000001,0.24675283722975308,0.6817647056949153,0.8325854671446555
48,019,Bandera,TX,0.0,0.0,0.0,1.0,1.0,0.0,2.497777777777778,4.326278017127596,227.03333333333333,0.00044805626076229696,506707.2,1.7320508075688772,0.8559394946997214,0.9872334712893883
48,021,Bastrop,TX,1.2076720640086478,0.6397832983007044,0.7811140349362538,0.48915319793233303,4.75,0.1454528760372212,16.00044052078919,14.07265473302273,5108.988649999999,0.00898609192956042,568544.0,0.8795167054768455,0.756877221319213,0.9608503784934027
48,023,Baylor,TX,0.381442432314224,0.1629113450432826,0.22846363781171397,0.9126500077487213,5.25,0.10916991393792749,19.105821116547652,14.146926025572256,123405.33197500001,0.22143715471472086,557292.8,0.7404510876174555,0.7164929753185237,0.9320306450818687
48,025,Bee,TX,1.1081845820627538,0.6340431547902009,0.6842963507841595,0.45988228075323967,5.25,0.08261223699473573,10.491442505288408,8.141501270667765,57756.0026,0.10253340839241484,563289.6,0.7760135240281677,0.7215721376133775,0.9169820043461632
48,027,Bell,TX,1.0740497407816718,0.5624339931753854,0.5994385737748635,0.6051263166786485,6.0,0.10355421798586137,7.421627116990338,10.799455459853615,100765.171125,0.1485728115755223,678220.8,1.4551331250704325,0.7238306265204528,0.9746573105304133
48,029,Bexar,TX,1.2646408032227217,0.6771336237954019,0.7058094710489058,0.3933276317517811,6.0,0.02557721786333297,7.162638490895199,2.8452184098825057,28513.073425,0.035732244611541765,797964.7999999999,0.3972304917383741,0.5793653028502542,0.3569684499905776
48,033,Borden,TX,0.7063894815330395,0.4138938983224941,0.6429834153679663,0.7245790365286231,3.0,0.1581713564979275,47.54764413592638,29.03416686259877,44599.16335,0.0775324796777648,575232.0,0.6106331320979357,0.6938534516619389,0.8982509135738371
48,035,Bosque,TX,0.5879471946439596,0.31806968562668114,0.4033147118421917,0.7994035032807503,3.5,0.39888532946174243,6.28904616633254,3.120643449710401,4823.2678,0.0076187912589215315,633075.2,0.49620298009836455,0.7218213816966876,0.6957305355603239
48,037,Bowie,TX,1.3482793052098545,0.7019628270380007,0.7524890077967522,0.3816779536093129,6.0,0.06929532817079474,19.93223210160658,4.889740575767286,26590.4175,0.04679460657951051,568236.8,0.24531826394762696,0.6545582436863506,0.6904872968073305
48,039,Brazoria,TX,1.4949483674737065,0.7454088034204698,0.8343465700325146,0.3626791069751738,6.0,0.05879200369019675,36.27768312059212,15.029512015254259,52499.8927,0.059168409076565204,887296.0,0.4142908455673436,0.7178959244194744,0.8744510662585572
48,041,Brazos,TX,1.0638707782023709,0.5908339232662174,0.6845836030184961,0.5424200524381788,4.75,0.08477889080660124,35.34570444532945,22.642513187810057,16154.1425,0.04308929573602718,374899.19999999995,0.6406015537993335,0.7104598804218515,0.9003628700653816
48,045,Briscoe,TX,1.075292762325401,0.5905871200181085,0.5761407177520037,0.539421035027649,6.75,0.137825777825817,34.30541749064963,22.11812233885881,79979.2393,0.1388142864829214,576160.0,0.6447413836280342,0.7392591027218721,0.9293528988134435
48,047,Brooks,TX,0.6008071376029323,0.371581782230327,0.6316618230114652,0.7117718065338134,2.25,0.4328097128745238,45.821321296547225,10.313026042542289,2218.80625,0.003675350654763167,603699.2,0.22507046393966396,0.7714192978200095,0.9572476683642706
48,049,Brown,TX,1.275211987432931,0.643337243061088,0.7117093612918545,0.5279015742196931,6.0,0.10309898083256669,33.84117984479744,26.053702552203944,11727.21375,0.019413859706918474,604064.0,0.7698816256315987,0.6983922076495662,0.7802278452566537
48,051,Burleson,TX,1.399626373450965,0.7169218228705702,0.8256836699784589,0.4059672782532088,5.5,0.08045254823084129,20.952774775784135,17.415414519863592,30706.779125,0.07209084710582761,425945.6,0.8311746155927379,0.6882462955181579,0.889679655210048
48,055,Caldwell,TX,1.2548875897409737,0.6841250346733097,0.8424478018439443,0.42313361142620304,4.5,0.08804415217916792,6.415344115799988,1.9356021350706363,17662.640424999998,0.05057056724765451,349267.2,0.30171446770930826,0.7217477577599047,0.9423497898930439
48,057,Calhoun,TX,1.347841994085061,0.6975665449742012,0.8164126480872156,0.4503897359103388,5.25,0.04056922197938316,9.809363637195437,8.278476315634569,59355.5898,0.18102927731744453,327878.39999999997,0.843936122853474,0.709202998389181,0.9200361031443308
48,059,Callahan,TX,0.3911952315018689,0.16679693537668713,0.24664699807256196,0.9086316790571309,4.75,0.2135650738866329,20.771268504350637,17.36300020702809,27674.13465,0.048119155361137075,575116.8,0.835914292061235,0.732381283245473,0.8673244257464827
48,061,Cameron,TX,1.2987677686135841,0.6518832190997081,0.4924613260945858,0.44940683629007383,14.0,0.03166023110926738,28.213107492413517,14.538295263961539,201666.472425,0.3478889144630614,579686.4,0.51530287005325,0.6497974260400347,0.8099202107834927
48,063,Camp,TX,0.0,0.0,0.0,1.0,1.0,0.0,304.0953272577174,265.2628848363005,222.26666666666665,0.0017583497881963782,126406.4,0.8723017457334791,0.6938099507693929,0.9404871830260859
48,065,Carson,TX,1.2107534617804518,0.6236934219175927,0.6241452397182127,0.5310464506185855,7.0,0.06532484897259593,8.830170119312438,7.506853599442239,154749.97905,0.26191449459550575,590841.6000000001,0.8501369167309725,0.6728620734000876,0.9207469622542447
48,069,Castro,TX,1.3396357119086488,0.7092088919778565,0.6291157022286712,0.35093609342051946,8.5,0.08075565834834174,18.866607613898577,11.31932613315091,270063.832175,0.4697428925130941,574918.3999999999,0.5999661605731511,0.6869097969129387,0.8689616299309798
48,071,Chambers,TX,1.2084867427419959,0.6307573804591108,0.775113946486938,0.5069384377324813,4.75,0.1641075137651311,51.32542924689321,16.28079132428255,33041.5775,0.0861448413070865,383558.39999999997,0.3172071147416277,0.7580022311479783,0.9089336058403172
48,073,Cherokee,TX,0.0,0.0,0.0,1.0,1.0,0.0,164.14049563502635,82.25993895364961,204.16666666666666,0.00030317843860282705,673420.8,0.501155663234734,0.6186572116431169,0.36000751190665703
48,075,Childress,TX,0.8778350592638402,0.5409406160249712,0.6332241433592057,0.5229457867379623,4.0,0.05160714251763681,27.318631939001857,21.181331550936125,81761.542575,0.17984684837322618,454617.60000000003,0.7753437872815394,0.7038185703775941,0.9276151959792912
48,077,Clay,TX,0.2555115232498414,0.11129798635257707,0.1656405191958998,0.9401869726733949,4.75,0.13030203142579483,13.531350718996698,9.598240151447092,43979.706900000005,0.0625952269326939,702604.7999999999,0.7093334842006643,0.7282479636098886,0.9267519471011002
48,079,Cochran,TX,0.854571809178955,0.4117617527742432,0.4380089650880442,0.7469883118175051,7.0,0.1502529898809596,21.943819279135006,3.642317145279403,178525.413175,0.35982812374027695,496140.80000000005,0.16598373778727993,0.6801344482342662,0.8760224448376647
48,081,Coke,TX,0.9307526368321752,0.49677945347260055,0.6207424995635669,0.6587563516408296,4.5,0.19697757033671623,36.048300023015386,18.969685962641275,13844.498599999999,0.02406741031196805,575238.3999999999,0.5262296960059114,0.7594311034098159,0.9584057037316115
48,083,Coleman,TX,0.9945229520479923,0.5166489142419647,0.6732852491645003,0.6588947793187284,4.5,0.16164676980666423,8.550602623636433,11.452530776210503,51470.5573,0.06381744626348992,806528.0,1.3393828809857529,0.7283187977355488,0.8637680579159667
48,085,Collin,TX,1.2306798152112441,0.6636102628551407,0.6868554827515208,0.43088582378715173,6.0,0.1100493820367376,13.36015730120179,22.182849345162953,76805.398475,0.14159284902211938,542438.3999999999,1.66037336575128,0.6955739678697107,0.9122378676830638
48,087,Collingsworth,TX,0.8968462061375118,0.5001288699405515,0.6209319147475394,0.6506311017885974,4.25,0.1665277728136961,121.19719714239072,76.1561529222442,101577.675475,0.17274174785555887,588032.0,0.6283656282312434,0.708060085444816,0.9484858268074772
48,089,Colorado,TX,1.2415311662464568,0.6200826950318814,0.6787629547834522,0.5645287565501278,6.25,0.041961090610913285,34.86161352175693,23.299947264728047,48719.692275,0.0790534494830339,616288.0,0.6683553889491284,0.6953430657642365,0.8951311162977218
48,091,Comal,TX,1.0466280411251716,0.6349179444074704,0.9526818987197379,0.43533968118244565,3.0,0.03554293922919372,4.6817200628892275,2.54367286710024,3018.8725,0.008401439631757057,359328.0,0.5433201543303007,0.753289138196684,0.9549887555634301
48,093,Comanche,TX,1.0198635353933048,0.5122078961552186,0.5903913308587381,0.6384985676390796,5.75,0.2593062368847906,90.33430896314414,78.87764022453116,18406.88875,0.030671931738500992,600121.6000000001,0.8731747785518874,0.6794236680420969,0.6962916308466733
48,095,Concho,TX,0.999380642185269,0.5760038197785752,0.5908865081989176,0.5281197959801366,5.5,0.06377663707337831,26.1170548075582,31.290987290414773,83801.134775,0.13206845840530285,634528.0,1.1981055107852072,0.7063650996833977,0.9307590419945495
48,097,Cooke,TX,0.8180228738705555,0.401796989949623,0.5149778961429632,0.756679959791754,5.0,0.13557968225648653,4.2045341832843866,6.231848316733809,10744.082375,0.019215728115628293,559129.6,1.4821733026952773,0.7091019942150281,0.919980575888826
48,099,Coryell,TX,1.3440108678751796,0.7044888424884845,0.7348608989280344,0.41150566484816736,6.25,0.04904441570893976,5.015998535272226,5.523278668299425,21200.961625,0.03149625631233599,673126.4,1.101132432447903,0.7708404481799337,0.970586885107915
48,101,Cottle,TX,0.9741787954192204,0.5803359281866327,0.7166558522606019,0.4921390165906058,4.0,0.09818032718542744,29.90546492992631,21.413969315824968,40091.766924999996,0.06951262324986407,576755.2,0.7160553887392024,0.7286007275232944,0.8833563692162567
48,107,Crosby,TX,0.43990602325171896,0.21105672979059006,0.23905313300026246,0.8814922750229428,6.25,0.14925620740082995,19.44968651392197,16.290592278093982,247130.984525,0.4292805675537932,575686.4,0.8375760846547975,0.6588782877086726,0.8767252110224711
48,109,Culberson,TX,0.0,0.0,0.0,1.0,1.0,0.0,15.219198628669382,26.360425275337953,2223.0333333333333,0.0009110887939370731,2439974.4,1.7320508075688772,0.7956240918237734,0.9905946245034275
48,111,Dallam,TX,0.9788613418412498,0.5652990936749516,0.49839336001322854,0.5309909707363453,7.25,0.060999682947577204,13.910659151529202,3.818995851534518,272466.04925,0.28293416049360665,963001.6000000001,0.27453737525548494,0.709745472256539,0.8512748623742499
48,113,Dallas,TX,1.3704418884198242,0.71961794969996,0.8077401202991145,0.3632736638339469,5.5,0.08107142299367359,5.60563019770324,5.019944679250834,17859.70545,0.031725545436135746,562944.0,0.8955183453427992,0.6611104937730967,0.7902213248079751
48,115,Dawson,TX,0.611768072526464,0.3264457676528526,0.3994543867413372,0.7821451993834164,4.5,0.2906500505850687,39.30466308836631,29.938411819750907,368996.935125,0.639156720321057,577318.3999999999,0.7617012707230737,0.6636285978173554,0.8609669196191149
48,117,Deaf Smith,TX,1.344325136109083,0.6549967174660121,0.592111574567761,0.514066805496378,9.75,0.08396470432818232,15.271796348595359,8.476453242683515,278197.2463,0.2903036032856599,958297.6,0.5550396986182407,0.6842551854153415,0.863161727951309
48,119,Delta,TX,1.4173999914097775,0.7095440814912134,0.7742509327891968,0.4155362614484883,6.25,0.12004131895166184,12.476068851628872,6.807202724196514,31236.838900000002,0.17614970687617296,177331.19999999998,0.5456208045299275,0.6886503342852288,0.9416185129170616
48,121,Denton,TX,1.0047353416173466,0.5234833717769224,0.5267833906628048,0.6397259032787945,6.75,0.04102366954127713,11.968073057079287,7.981614051007711,41299.265475,0.07262487035438754,568665.6,0.666908867696665,0.642541171691352,0.7198808950176852
48,123,De Witt,TX,0.7782690434207405,0.3912285174358578,0.47167412414040844,0.7556957461199237,5.25,0.154635175883438,4.292120830658866,1.9357233329227372,8416.247000000001,0.014464007058558263,581875.2,0.4509946036690659,0.7771669973873302,0.9778816888338142
48,125,Dickens,TX,0.7904615736886663,0.48580227667137565,0.6014066012119527,0.6398165138536674,3.75,0.08725045552082343,10.961754287073639,7.001491839527692,38532.78915,0.06658573013666626,578694.4,0.6387200128891795,0.7091752670270226,0.8948605131185662
48,127,Dimmit,TX,0.0,0.0,0.0,1.0,1.0,0.0,125.20013240871562,57.81385598492067,1816.0999999999997,0.002132117310712219,851782.4,0.46177152429989,0.808481278351809,0.9706967020578723
48,129,Donley,TX,1.3122614849696275,0.6807501552833372,0.792450312740222,0.43590769181495936,5.25,0.0939037040712577,15.54441548213031,10.439070985352458,25100.782124999998,0.042182445196459875,595052.8,0.6715640737571059,0.6999388984365433,0.9418979101421429
48,131,Duval,TX,0.8316427348283512,0.4163378954499389,0.5293441022747352,0.7134295667688967,4.75,0.26887132873756725,80.9814738710197,118.67058744322462,21358.3777,0.018615651809969266,1147334.4,1.4654041445606791,0.7598847877724355,0.8602561649599652
48,133,Eastland,TX,0.9158330246464159,0.5267769702369732,0.5950424658159819,0.5823130238313018,4.75,0.10625358488931406,81.74415368136101,78.52840555550112,14026.46125,0.023667504349980023,592646.4,0.9606608181620562,0.7213359381709967,0.6776318421116195
48,139,Ellis,TX,1.4706688610835408,0.7499857201136647,0.8207959195087442,0.3294986110510113,6.0,0.041434616840076835,8.34466422647744,5.748195742041194,111396.51,0.185184801603345,601542.4,0.6888468590266691,0.6903659064181982,0.9047975545783168
48,141,El Paso,TX,0.8547279227589982,0.4890240719471987,0.6330763072872332,0.6238646156676824,3.75,0.34644548183113527,3.8555125466063993,3.4644641080693117,75487.824175,0.11642341431180966,648390.4,0.8985742015335195,0.7033802898636197,0.884626191914134
48,143,Erath,TX,1.075973512089888,0.56223289061881,0.6890683689077228,0.5952815033789567,4.75,0.18243658882245586,227.68922566964272,180.4054310125547,4004.4525,0.005759720371572174,695251.2,0.792331874650526,0.7244387889603724,0.8402955539121991
48,145,Falls,TX,1.2235465056367674,0.5705294166399301,0.6828743068755254,0.629023298122336,6.0,0.10779164438010264,15.040552498648253,17.415940370902668,103553.3067,0.21038115398555435,492217.60000000003,1.1579322217363957,0.7428944878282444,0.9725777975510004
48,147,Fannin,TX,1.1974033327521585,0.5884393344597274,0.5953482768981587,0.5984452820824155,7.5,0.05391777053999454,15.302082137996916,6.424245461554676,92151.231825,0.1615192099686606,570528.0,0.41982819093634977,0.6810123713269826,0.8299846868798987
48,149,Fayette,TX,0.6291321140032172,0.32132052785148973,0.4253990253303755,0.8070600909208577,4.5,0.09237557477705408,4.966768790940554,1.4814285779231968,10291.144375,0.0169256898055193,608019.2,0.2982680773514846,0.7609336098612868,0.9490982936928817
48,151,Fisher,TX,0.7966463906702295,0.5143418523753628,0.5746588985810159,0.5637334794931222,4.0,0.05104671521530836,32.11355741121503,27.07172715135381,144692.4005,0.2508787293946136,576742.4,0.8429999456210835,0.6949771440132153,0.8661334093268528
48,153,Floyd,TX,0.9764662772108702,0.5027228362791573,0.4519156121763842,0.665445476224898,8.75,0.14366757545238887,17.97012703116101,7.839788366953914,297548.7843,0.4685795820042028,635001.6000000001,0.4362678323508436,0.6787453408944214,0.8966720374548289
48,155,Foard,TX,0.7747048032998518,0.4281859006277188,0.5074475780641635,0.7020168372850122,4.5,0.33419443567539353,29.34301411226021,15.059124063360997,116084.17864999999,0.25666713242291417,452275.19999999995,0.5132098565521576,0.7739131910225021,0.9664407670685544
48,157,Fort Bend,TX,1.2111340641026516,0.6101318429506455,0.7134306396558115,0.567412448286442,5.5,0.06607276038201743,12.94147856531044,4.876630200789952,91536.575375,0.16352544935452015,559769.6,0.37682171910879886,0.6539362102499912,0.8450238538573352
48,159,Franklin,TX,0.0,0.0,0.0,1.0,1.0,0.0,7.753461343225067,11.020071342675287,1020.3137999999999,0.0055809014650283545,182822.40000000002,1.4213098969410052,0.8586942082951208,0.9665237523296061
48,161,Freestone,TX,0.0,0.0,0.0,1.0,1.0,0.0,105.51844986784745,126.88534757401209,146.56666666666666,0.0002610013524345722,561555.2,1.2024944237991062,0.8480246134030655,0.9937972355158788
48,163,Frio,TX,1.7634034770919031,0.7872335277144831,0.8132057487101139,0.3309017391768187,8.75,0.09121472580889016,128.90603526386587,103.75617421936214,34207.3015,0.04717384388073467,725132.8,0.8048977226471755,0.6677169134940807,0.8016971448485349
48,165,Gaines,TX,0.9299516580644851,0.4846331223321444,0.5317887092627853,0.6873786459817667,5.75,0.16804751062635367,58.46963533567496,27.222963281607424,425422.22585,0.4424549724702133,961504.0,0.4655914668412079,0.6936547149040528,0.892959831041691
48,167,Galveston,TX,0.0,0.0,0.0,1.0,1.0,0.0,56.822979827232395,27.715305187648273,2217.4166666666665,0.00869504239131344,255020.80000000002,0.48774818342711623,0.6767571309397794,0.7214485858192298
48,169,Garza,TX,0.28933747024738815,0.14449359549323404,0.27891893258197914,0.917526750928896,2.75,0.20939846459996964,32.73667503875581,25.53439442905808,46069.415375,0.08037815615194684,573158.3999999999,0.7799935209922448,0.6866488360765608,0.928021935465564
48,171,Gillespie,TX,1.561094322668619,0.7592546408198214,0.8187045847849214,0.34186901980674944,6.75,0.055414551492588726,19.324295123372103,12.289918607449279,10439.5095,0.01537305486376831,679078.3999999999,0.6359827630962345,0.7359895632238489,0.9362904260819175
48,173,Glasscock,TX,0.789042287831003,0.4589725354377904,0.6210423647130507,0.6504233978640337,3.5,0.3075711669866582,49.87367036739459,23.900740187674668,144903.060975,0.2513583489019567,576480.0,0.47922561166262223,0.6679624381111389,0.8965703067020139
48,175,Goliad,TX,1.0443182233113406,0.5348392147716107,0.648871394940562,0.6365911896580405,5.0,0.10281826982175932,3.1388691762590106,4.275011196346357,10106.14005,0.01850084805057292,546252.8,1.3619590229120129,0.7498787840376232,0.9482007037659187
48,177,Gonzales,TX,0.8907192577480697,0.48974847499191243,0.6425181279887193,0.6724427852021759,4.0,0.13651029107727872,14.259830614330065,11.214578396376577,7549.43115,0.011047516901779443,683360.0,0.7864454143730686,0.8010434764289385,0.9154377967295702
48,179,Gray,TX,0.9825497357856416,0.5452222340940206,0.5898314371309564,0.5988655462766758,5.5,0.13271544467277716,9.531137572651303,6.084756656169972,75073.9065,0.12636594444160168,594099.2,0.6384082287962777,0.669391600497432,0.9299103601228884
48,181,Grayson,TX,1.1583827642309772,0.6109750682992796,0.5855056571090945,0.5397995785304963,7.25,0.08598193315000105,10.290852387003566,11.427172210057654,60179.927525,0.10072858004500487,597446.4,1.1104203792184562,0.7045181963172711,0.913652203223664
48,187,Guadalupe,TX,1.1016897744557486,0.6327042762219734,0.6336048936447182,0.4430022987927715,5.75,0.06518310673723968,7.056559470467037,3.5973041807246444,51708.86985,0.11361350668029502,455129.6,0.5097816004782508,0.6904846235011226,0.8750500191931667
48,189,Hale,TX,0.8379717309788727,0.3866630186921679,0.39705075705842896,0.7723068539227493,8.25,0.07515797420885913,15.874991193224048,5.636718627292395,354112.80205,0.5507403107580999,642976.0,0.35506908688543565,0.6743573923607894,0.8845358976522504
48,191,Hall,TX,0.6633178159212787,0.3621805449591815,0.46362972299783023,0.7524313226994273,4.25,0.19742160171902673,47.409373514025596,42.596342265886925,106250.37275,0.18383129856589597,577977.6,0.8984793324317019,0.7108151531042992,0.931963895534303
48,193,Hamilton,TX,0.7959751383141969,0.449404339525157,0.5741746923583992,0.6651740666995358,3.25,0.5334974908646625,2.259738933829472,2.668098562206019,6871.3145,0.012847074830084598,534854.4,1.180710976061522,0.7906489567518448,0.9599089547763014
48,195,Hansford,TX,0.8849332446899664,0.4709255986362178,0.49740013036441544,0.6948388608015343,6.0,0.1044138878915269,17.901957813391398,6.955954488986198,267370.21045,0.45419216550133185,588672.0,0.38855831085597015,0.6683136780122378,0.9170974303135752
48,197,Hardeman,TX,0.5306870976105321,0.26742730990514996,0.3391340491824385,0.8469383708112346,4.75,0.1075613446673778,17.540712778904844,5.621563721380135,96875.841525,0.2176773884535254,445043.2,0.32048661831695063,0.7395533767120913,0.9570309243436872
48,199,Hardin,TX,0.0,0.0,0.0,1.0,1.0,0.0,40.01303480676836,30.081444872984154,2111.0333333333333,0.003688224238629289,572371.2000000001,0.751791135520062,0.8068655134658596,0.9475254306111172
48,201,Harris,TX,1.148157622419307,0.5581840060154635,0.6407989700280299,0.6313886607970318,6.0,0.07471197370697301,38.91296643409783,9.818818673412448,16203.587825,0.014644647522638143,1106451.2,0.25232768337107864,0.621570995612575,0.4397657215993866
48,205,Hartley,TX,1.2153490529556792,0.6056905459222953,0.575974458542335,0.549216246100058,8.25,0.07975006368811871,23.93373542849851,13.709323646139111,202395.454275,0.21627142917058473,935840.0,0.5728033422570163,0.7113937695109757,0.8510352713735879
48,207,Haskell,TX,0.9248631429281131,0.5438728048905983,0.5202925094691204,0.5577928015122046,6.0,0.022890804289042173,20.08180991128934,19.571016563470383,254361.322375,0.44014703280389983,577900.8,0.9745643769124711,0.6852742518528075,0.8755775340974113
48,209,Hays,TX,1.1916833904583015,0.6656903474138327,0.8037170200623197,0.4273183455125358,4.5,0.10850646502991125,8.469130752022615,4.605707321203993,8789.771225,0.02026054780276823,433836.8,0.5438229088745676,0.7230199893120314,0.9365202925343327
48,211,Hemphill,TX,0.24146206730109357,0.11662765075188064,0.26273903514868907,0.9371952479444545,2.5,0.14009697128836832,4.555277707288019,3.0834207196139545,11359.8518,0.019512101439517194,582195.2,0.6768897348850477,0.7938099761105738,0.9711971820871744
48,213,Henderson,TX,0.0,0.0,0.0,1.0,1.0,0.0,31.744952789321975,4.052444632209944,2409.250566666667,0.004305973200055668,559513.6,0.1276563445882037,0.7653961027900391,0.7410433424914363
48,215,Hidalgo,TX,1.8270581947691222,0.755302574773717,0.6268639007570782,0.3946614413064746,18.5,0.08435022367575729,52.67159084709302,28.79148214116916,296395.715375,0.2950267910644609,1004640.0,0.5466226039147283,0.6032115159160097,0.8181438236625701
48,217,Hill,TX,1.3658286658905645,0.7267434021904089,0.7523606293613798,0.3509227711295664,6.25,0.03855318840069875,8.998892016894713,8.760008742206118,149744.0172,0.2431263008385635,615910.4,0.9734541458837255,0.7196126574711633,0.9437163533056314
48,219,Hockley,TX,0.6312259112558601,0.33246749720589797,0.3343224219681055,0.7843650313275482,6.5,0.22411860000991307,29.996618706395136,16.749891752820478,338532.701025,0.5823725562068554,581299.2,0.5583926614118504,0.645821605625428,0.876800515494482
48,221,Hood,TX,0.0,0.0,0.0,1.0,1.0,0.0,48.643472684840525,21.480166342633794,984.9666666666667,0.003650317631618478,269830.4,0.44158373481686003,0.8369954620342674,0.9175502960735962
48,223,Hopkins,TX,0.0,0.0,0.0,1.0,1.0,0.0,35.15771776924233,11.347771460049518,3646.1233333333334,0.007281528257072257,500736.0,0.32276757935570827,0.8266297348860537,0.9615577839453389
48,225,Houston,TX,0.5810577604890741,0.3184050605236246,0.3911269799468827,0.7541751922937057,2.75,0.6718049687219118,65.06020387847941,30.364814177106783,6186.78875,0.007853551025579051,787769.6000000001,0.46671870616671773,0.7804154198732496,0.9188658046481358
48,227,Howard,TX,0.46914865656971944,0.267352072529072,0.42703751032904114,0.8233571972389171,3.0,0.30860466628654837,57.63740210934508,35.19711312860768,145368.72665,0.25158237937023725,577817.6,0.6106644616257084,0.6476664802046816,0.7835421590978195
48,229,Hudspeth,TX,0.16367976041357235,0.11551667081841457,0.2361399786425545,0.9094298728969217,1.25,0.3273595208271447,51.59607010068984,99.44440542143494,11477.927,0.0039234874070225335,2925440.0,1.9273639489862109,0.757235449228324,0.956608199529724
48,231,Hunt,TX,1.343653591708952,0.6830749509697512,0.749907347936517,0.4828891453324737,6.0,0.037117897192939474,9.503126598962773,5.335977099285264,43355.381049999996,0.08053495516979528,538342.4,0.5614970024568192,0.6874149439843185,0.8564516226573581
48,233,Hutchinson,TX,0.8457742846362458,0.44375373436581117,0.5510852724723798,0.7175453812519013,4.75,0.14830202056962377,12.014630462806572,9.12059333687488,84350.189625,0.14852561083771423,567916.8,0.7591239168869405,0.6835850076439298,0.9153237991886655
48,235,Irion,TX,0.3793779691765711,0.2161460988038166,0.3453247092625422,0.8571044641608812,2.0,0.45930058908121213,31.37462901215945,31.27588165371725,3849.038925,0.005719674478176,672947.2,0.9968526366190998,0.7802920748964345,0.9765245422803729
48,237,Jack,TX,0.0,0.0,0.0,1.0,1.0,0.0,18.905462001336023,11.102534197188666,888.8583333333332,0.0015151930983006224,586630.4,0.5872659550136392,0.8663619376648752,0.9894657483703175
48,239,Jackson,TX,1.5226303423000431,0.7598317011508176,0.8497961743470172,0.3188807206783517,6.0,0.03401590786180498,14.840418770237077,1.9356891866106802,135806.57085000002,0.2558171490350999,530873.6,0.13043359601770574,0.7117636054556566,0.9198411737436633
48,245,Jefferson,TX,0.7327791582071836,0.3495683521254708,0.46992447635373086,0.7946574500127738,4.75,0.18426099396252785,21.5095356222311,6.328891590444789,24954.600225000002,0.04315374118926733,578272.0,0.294236551713538,0.7240178700086076,0.8854048268672172
48,249,Jim Wells,TX,1.0655067013086494,0.5840041694203135,0.6444214768868428,0.5743937607337954,5.25,0.08962789825076475,11.64167567149823,7.174947955757866,90213.0443925,0.16304756612140986,553292.8,0.6163157399517627,0.707004998293862,0.8656754813161888
48,251,Johnson,TX,1.1147796007335962,0.5954807616794165,0.6421965864915563,0.5427326183767747,5.75,0.13135040876778295,7.315651703439562,3.973537888911386,21484.3496,0.04602190267609882,466828.8,0.5431556954854984,0.7320461359653464,0.9364991304185751
48,253,Jones,TX,0.9062691717305376,0.555266230136594,0.5630966965105871,0.5164335655595527,5.0,0.10722987333286953,32.09599282976263,25.860707672784056,257702.274875,0.43250712090590393,595833.6,0.805730104999382,0.672861317255144,0.8460590941575008
48,255,Karnes,TX,1.1501454386328795,0.620206673858052,0.7085539545598515,0.5115836051593465,5.25,0.10727696994144822,9.24744706339532,6.018849663696104,24242.55625,0.05048378577223717,480204.80000000005,0.6508660847079458,0.7209243673825186,0.9142609803553031
48,257,Kaufman,TX,0.9971793395866629,0.4998245219011307,0.5380258869441374,0.6547696704265431,6.5,0.2325769677723251,18.466446601797383,9.561571250460714,30148.001725000002,0.05992856940526246,503065.6,0.5177807867773578,0.7204053308634565,0.8444961197042358
48,259,Kendall,TX,0.0,0.0,0.0,1.0,1.0,0.0,6.878448450230355,8.423390225714217,265.23333333333335,0.0006256069732101522,423961.60000000003,1.2246061428914428,0.85310175804341,0.994956379919277
48,263,Kent,TX,0.8366956868056695,0.45784904594337594,0.5070412057712619,0.6954413852984671,5.25,0.135617192162831,26.293386237297284,17.197740905346578,18614.1989,0.03223287021516518,577491.2000000001,0.654070980060815,0.7542231655340955,0.9023212821493058
48,265,Kerr,TX,0.0,0.0,0.0,1.0,1.0,0.0,15.91801878736123,22.51147805519598,74.69999999999999,0.00010552087476946443,707916.7999999999,1.414213562373095,0.8147023270351303,0.9487068732139136
48,267,Kimble,TX,0.0,0.0,0.0,1.0,1.0,0.0,9.316436982833482,10.022710440460923,171.9,0.00021475473734708565,800448.0,1.0758093956873025,0.8403773656115907,0.9829552798537255
48,269,King,TX,0.5554210415027816,0.3111439922903616,0.40065159109072307,0.8121951444621256,4.0,0.03243585760378945,13.26692112548727,13.416275331913418,13830.087925,0.023687108685629024,583865.6,1.0112576388307022,0.7936364969724297,0.9680062635597987
48,271,Kinney,TX,0.0,0.0,0.0,1.0,1.0,0.0,15.481481481481481,26.814712502362617,1140.8999999999999,0.001307469525611688,872601.6000000001,1.7320508075688772,0.7912047306696932,0.9948058158600759
48,273,Kleberg,TX,0.7409296347411527,0.507910093589566,0.6024426768477585,0.5214923880145934,3.5,0.03161641419058602,25.44099951631903,46.54831365893147,80856.659,0.14505497283201488,557420.8,1.8296574247829074,0.7014380227210606,0.8958557363728299
48,275,Knox,TX,0.565337135211346,0.3091048318653842,0.3428134738838083,0.8151256602923408,5.25,0.05521035767519086,13.288419901106815,12.040816147850817,191655.86925,0.35272355206492934,543360.0,0.9061134610028327,0.6885587373644593,0.9036019806751419
48,277,Lamar,TX,1.437075231385072,0.7273396435084725,0.7697828065691991,0.36118523978883793,6.5,0.039652210427917195,11.298954119653175,3.800953686790136,59081.008475,0.10069052011015098,586758.3999999999,0.3363987185485454,0.6747205510047104,0.8855642519497149
48,279,Lamb,TX,1.0599186318166312,0.4905258469935824,0.43841953801728895,0.6922362171435371,11.25,0.11606686502828717,20.962640637727084,7.456799155933975,295307.90105,0.4540583101825656,650374.4,0.35571850344625733,0.6607305815450077,0.8592885023990411
48,283,La Salle,TX,1.3977821652084228,0.7045430622727445,0.8530702905237889,0.4446124865179172,5.25,0.11310729052811741,21.291030358279446,16.883667487681105,3793.025,0.003980657260637405,952864.0,0.7929943832481339,0.8003945398093192,0.9119656189293533
48,285,Lavaca,TX,1.033167237285935,0.5425484143542727,0.6390270488049454,0.6229485284516015,5.25,0.08056517507006672,10.973512737216842,5.467882650200615,7448.7173999999995,0.011999815380451593,620736.0,0.4982800659315047,0.7593021394353767,0.9501985177371446
48,287,Lee,TX,1.305723624515735,0.6756588181894775,0.8112917027914235,0.46726058010108845,5.0,0.09188896353677418,31.647075873685207,27.95638811497495,3527.57285,0.008769821126690534,402240.0,0.8833798176665322,0.7314354889701139,0.64751261707441
48,289,Leon,TX,0.0,0.0,0.0,1.0,1.0,0.0,34.681049203800995,29.470936479925477,764.0,0.0011135312115219582,686105.6,0.8497706141109336,0.8515373181277698,0.9905161400568631
48,291,Liberty,TX,1.3674894464390897,0.7169564363194636,0.8628106590818578,0.385597034276005,5.0,0.049878468101822684,40.757152902312434,8.765132333882773,53812.99905,0.07250518333990841,742195.2000000001,0.21505752266089878,0.7131028761287007,0.8131648665567156
48,293,Limestone,TX,1.3189006734525848,0.6686660894821608,0.7257237357214651,0.4903084422746161,6.25,0.08269183374583802,9.700364332626958,12.489914426858432,19117.1587125,0.03286524127308473,581683.2,1.2875716827303987,0.7419099094978344,0.9575897640024583
48,295,Lipscomb,TX,0.8043212761478082,0.44399610427295905,0.612962939845585,0.7143705493390898,3.75,0.08980864412210722,5.37123672362065,3.548019727642922,30796.913775,0.05162499895230981,596550.4,0.6605591803541416,0.727504914165864,0.8997230416020526
48,297,Live Oak,TX,1.1124590953728077,0.6136460471554179,0.8024696100430861,0.5306565360511768,4.0,0.11735870579637565,14.879905451330087,9.644471330737007,22829.597275,0.034421736699978285,663232.0,0.6481540734437198,0.7810967520060684,0.9288670521908226
48,303,Lubbock,TX,0.5560282466511234,0.2579799616051792,0.24147999930292313,0.8479074925390766,10.0,0.2136843902819853,26.359351364081892,19.709382817570123,318190.7062,0.5527276328113709,575673.6,0.7477188093644356,0.6738328734301287,0.8797477043013594
48,305,Lynn,TX,0.3869212027473858,0.22303045592978396,0.20689819197065792,0.8480404662385582,6.0,0.3066819466513306,37.47449274024164,26.72713540022021,365438.2024,0.640217508241019,570803.2,0.7132087306820173,0.6543128556931429,0.8950067858709064
48,307,McCulloch,TX,0.7614621542175418,0.373710159780829,0.466117144992119,0.7665387721896685,5.25,0.27231368743483014,17.568503104304785,23.76592193618426,55245.511175,0.08072599265969412,684358.3999999999,1.3527573632816179,0.721154046380901,0.9457765232681968
48,309,McLennan,TX,1.354802477882194,0.6775229920051463,0.7098921373931179,0.4679857671112613,6.75,0.08415242649072098,5.653100948932191,7.532121150158432,104310.199325,0.1564332614555539,666803.2000000001,1.332387519381052,0.7225341463283177,0.9480703476799714
48,311,McMullen,TX,0.0,0.0,0.0,1.0,1.0,0.0,30.983686192176027,4.494005508582154,4634.5,0.006506205076370171,712320.0,0.1450442494384989,0.8501217076486407,0.992587968146768
48,317,Martin,TX,0.5370811931856736,0.31049483086220747,0.4284251257229459,0.7687461853799878,3.5,0.4257265488314224,49.67895327651696,30.674667916256645,211730.972925,0.36164940772132376,585459.2,0.6174580157822375,0.629892345438417,0.768289712330014
48,319,Mason,TX,0.0,0.0,0.0,1.0,1.0,0.0,2.243899370825215,3.1943479790840428,1806.0003666666669,0.00302753610020349,596524.8,1.4235700676315497,0.7782835339645403,0.8278807799668353
48,321,Matagorda,TX,1.4347300631259747,0.7325256632019018,0.8007380944631484,0.36263432512487803,6.0,0.09145225458262997,20.18890079098886,10.444237784346345,113289.1116,0.1588340872485329,713254.4,0.5173257272633703,0.7140566109700058,0.9062750131734395
48,323,Maverick,TX,0.0,0.0,0.0,1.0,1.0,0.0,29.013044015825912,50.25206631764266,559.4666666666667,0.0006829000270816408,819251.2,1.7320508075688774,0.7757938887814598,0.9928115176188079
48,325,Medina,TX,1.501976645535413,0.7409827133812629,0.7599887732082024,0.353289182576001,7.25,0.08689432865837,11.174477870020338,10.516993267043716,69042.693825,0.08124902776221796,849766.4,0.9411619396785808,0.6773631225336986,0.867786688168712
48,327,Menard,TX,0.0,0.0,0.0,1.0,1.0,0.0,11.395487960305937,12.68623688536558,1483.8333333333333,0.002570644059089414,577222.4,1.1132684207605437,0.823031780365424,0.9751119452194354
48,329,Midland,TX,0.7006052724850697,0.4008185753776713,0.6074822234245858,0.7230603704383798,3.25,0.25285304999958175,41.8792413637129,20.736508942487827,44674.688475,0.07753868452339628,576160.0,0.495150061635438,0.6588491155085966,0.7645067479192847
48,331,Milam,TX,1.2160070504811913,0.6155657332025655,0.6523684579887115,0.5455090625841061,6.5,0.1147297968709749,16.80803221202884,18.0120808910455,75216.3572875,0.11559398280898067,650694.4,1.0716353148201947,0.7256133138435835,0.9662671059043602
48,333,Mills,TX,0.0,0.0,0.0,1.0,1.0,0.0,7.144185716458171,8.286632513484324,1740.4929,0.0036351875476200025,478790.4,1.159912807752783,0.7535548950537195,0.887044544865671
48,335,Mitchell,TX,0.7587763834989988,0.4423113170026026,0.6117513255576299,0.6921981260322391,3.5,0.09556970879352095,37.07067886577998,27.754226388045318,80877.341,0.13886295691672892,582425.6,0.7486840607514555,0.699586470048367,0.8448357187118956
48,337,Montague,TX,0.4264915478323642,0.2049958723671235,0.33080572427205257,0.8862599062085281,3.75,0.06543760494703195,17.231249253797387,11.723295890138573,5148.3714,0.008643683313454968,595622.4,0.6803508972255751,0.7631986099413093,0.8525197334105399
48,341,Moore,TX,1.2433060199012331,0.6404612818079687,0.6101992774466564,0.48596552512151864,7.75,0.05202735357745451,10.877887829913318,8.074688843041935,188583.51282499998,0.32752566390532256,575782.4,0.7423030067323538,0.6880989223236205,0.8952952649481903
48,345,Motley,TX,0.5677413359951301,0.2792992071751475,0.4095388049739245,0.8410896495513631,4.0,0.11828596367318533,25.158332451534108,24.672740446887314,37339.536725,0.05896927988519326,633203.2,0.9806985615766762,0.7214183908440205,0.9093501345779657
48,349,Navarro,TX,1.3750577768400452,0.7256934058653974,0.8543714337885948,0.35358176105176753,5.0,0.042245067232595204,9.011420951090535,5.197829442062531,49923.587775,0.07741262518948602,644902.4,0.5768046427165857,0.7166220262832248,0.9026485202435376
48,353,Nolan,TX,0.7112275389471922,0.39119606810019364,0.5312087096873471,0.7547563369257381,4.0,0.14108732047485315,27.72722562600194,23.532776106987093,69039.18655,0.1182851915440854,583667.2,0.8487245144685017,0.6924365182833628,0.8843582241260869
48,355,Nueces,TX,0.8759660981151758,0.5470707160029156,0.6531850381392436,0.5289791366040483,4.0,0.05097701769204179,12.652053377510963,17.417829333082835,312436.689665,0.5840759106046307,534924.8,1.3766800386760178,0.7012138544356068,0.9045271543520313
48,357,Ochiltree,TX,0.9256235874003249,0.4986988749662824,0.5817122782026543,0.6611425975748149,5.0,0.0888633354259795,12.321884254859839,7.727927680723775,233801.167125,0.3981367143650688,587238.3999999999,0.6271709359447867,0.6916292858873456,0.9160547208577071
48,359,Oldham,TX,0.6773354696455315,0.42849255652899,0.4525532526285214,0.6817461816835446,4.5,0.08065803954046578,10.09495156426129,8.03941096480049,47927.6659,0.04990369242834676,960403.2000000001,0.796379349977474,0.7521598046369741,0.9297873377572767
48,363,Palo Pinto,TX,0.0,0.0,0.0,1.0,1.0,0.0,24.094185700842704,10.171933134839541,1364.52,0.0022373757778640616,609875.2,0.42217376678074553,0.7938987818343021,0.9054553248964163
48,367,Parker,TX,0.6415444030219263,0.3987559360595658,0.7330350190529077,0.6970083801640641,2.5,0.3350720045518124,82.06137708683823,67.558517884213,1253.3739249999999,0.0021675429799476484,578246.4,0.8232681473614786,0.6072867125231343,0.31305464445728676
48,369,Parmer,TX,1.4845079911850683,0.7235693892476833,0.651899298845094,0.3892129687450505,9.75,0.08144704938657199,21.58763121318259,9.111026428871664,291768.534225,0.5170795258110411,564262.4,0.42204845630807203,0.7066843278963532,0.8814574661096602
48,371,Pecos,TX,0.7671130208203841,0.43121921805734487,0.5350539792558389,0.6718844929231491,4.0,0.403348734851512,37.50312474808765,23.171395397434818,9939.415,0.0032601688486373925,3048742.4,0.6178523937159761,0.727454700036577,0.9438801454369152
48,375,Potter,TX,0.7853731702176,0.44101303563077787,0.4752762880100124,0.6934870444114123,5.75,0.13023371686252827,10.428524733991749,9.732604882406847,15976.150725,0.02745450651952455,581913.6,0.9332676606388483,0.8036620039395294,0.9442179647932943
48,379,Rains,TX,0.0,0.0,0.0,1.0,1.0,0.0,31.132973816404927,30.959115886235175,333.9,0.0022483031674208143,148512.0,0.9944156336880949,0.8521703303949654,0.9262779967046667
48,381,Randall,TX,0.7626282740004925,0.39590575984758714,0.3800674882545617,0.7501737711858009,7.5,0.09596227910962817,7.041568303947669,4.559029505535743,111738.69675,0.19092955575809523,585235.2,0.6474451867462315,0.6926002268843756,0.8895069259413436
48,383,Reagan,TX,0.7061953005353734,0.4695071351558515,0.6634126320520026,0.6209208330953349,3.25,0.028424841985748957,58.28944729176079,24.98357330872173,62813.44585,0.08350719743097507,752192.0,0.4286122869491191,0.680409793563127,0.92907272040296
48,387,Red River,TX,1.578281378844047,0.7658305447920293,0.8808556092208175,0.31804115887289275,6.0,0.05075850136357313,14.870201034988067,2.0401283395204994,29247.582225,0.04351572799573644,672115.2000000001,0.13719574703262488,0.7175746002290887,0.9084952348449689
48,389,Reeves,TX,0.7655702129346758,0.4385167762583702,0.5507356975165322,0.6515635772622896,4.0,0.22008057115673443,88.06112777901608,26.792257406787346,7438.8925,0.004409635313917932,1686963.2000000002,0.3042461308696937,0.7657976338051544,0.9079928086677653
48,391,Refugio,TX,1.0475085685580314,0.6107638428368285,0.7284646409284832,0.4990829418384611,4.25,0.1020726585669004,7.539619218548506,4.752781732313079,79061.10982499999,0.1603887045111885,492934.4,0.6303742396725526,0.7079915320986349,0.9191298206447611
48,393,Roberts,TX,0.8931748346847961,0.49234221824945573,0.7197698672886272,0.6768641776937873,3.5,0.12015914797344719,4.722857770406516,4.702755620840478,14603.469875,0.024692315336912532,591417.6,0.9957436470579323,0.7484098731020428,0.9533595996004113
48,395,Robertson,TX,1.2010759381258824,0.6079836185992804,0.6561852871203623,0.5657768892965696,6.25,0.07936061257994713,83.27357037503327,100.9233192723028,32527.375,0.0594739087220324,546918.3999999999,1.211948987149003,0.7606323911599263,0.9501631972378737
48,397,Rockwall,TX,0.26970901773508993,0.16332930363016968,0.2454997277174722,0.8553884234577304,1.5,0.5394180354701799,11.580116892439925,7.438756812115453,10856.89475,0.13171750948734376,82425.59999999999,0.6423732058328222,0.6577769590630926,0.8171710435940768
48,399,Runnels,TX,1.0239027972892565,0.595553046635907,0.61218214871666,0.5046135708805118,5.5,0.05175607543358421,23.70290186494184,31.674009424707098,172488.013125,0.25650026220609723,672467.2,1.336292476135804,0.6963475841599686,0.9414923091281885
48,401,Rusk,TX,0.0,0.0,0.0,1.0,1.0,0.0,20.81678093701687,20.982505368010894,79.10000000000001,0.0001338246440365979,591072.0,1.0079610978995954,0.6534330460931849,0.8292047989183071
48,409,San Patricio,TX,0.8731483310145155,0.5455871859493892,0.7523737106247103,0.5270949342703886,3.25,0.05947594937154323,4.2112165338981375,5.4354592465274605,226809.3088675,0.512382773231358,442656.0,1.2907099890909897,0.7094424374579694,0.9111612267159142
48,411,San Saba,TX,0.43637290572700616,0.23409517574236036,0.42574588083592624,0.8383037932873855,3.75,0.16965197399114207,9.820201379868767,10.318326183956172,11800.58395,0.016252886741716394,726060.8,1.05072449991795,0.7311165588227101,0.9107852384984401
48,413,Schleicher,TX,1.181513322599684,0.6565536753125842,0.852281705629403,0.43304797357319685,4.0,0.1416701720303614,26.9872919383131,29.645433999649683,18849.651225,0.022472421268769888,838790.3999999999,1.0984960650150635,0.7483224518171645,0.9552518428980439
48,415,Scurry,TX,0.7958757265933192,0.47960983076874525,0.5741029819600411,0.6392249680913074,4.0,0.09177891126962254,28.298344045729774,20.367408226195252,92963.526075,0.1609479329553324,577600.0,0.7197385187374135,0.7013539085421054,0.8677316572568602
48,417,Shackelford,TX,0.5530586732076402,0.2791456254861328,0.3989475025786462,0.8386253038450251,4.0,0.12748667713430897,15.293539785742032,18.227717476711042,19566.291375,0.03345076894079271,584928.0,1.191857328785616,0.7784997458955634,0.9504677847849361
48,421,Sherman,TX,1.1292593202334322,0.599164384333297,0.5222957285915379,0.5326780168951937,8.75,0.06569850430648264,10.291889235513377,4.197235687853764,222229.286275,0.37618848770320307,590739.2,0.40781974930032355,0.6801735981794572,0.9132434354140375
48,423,Smith,TX,0.0,0.0,0.0,1.0,1.0,0.0,797.3003472222223,698.9110222192297,12.166666666666666,2.0476977817991197e-05,594163.2,0.8765969118842367,0.5495508072401954,0.3156133408419784
48,427,Starr,TX,0.764397974491668,0.40782162455224513,0.5513965835323489,0.7285617173058575,4.0,0.20505283989062692,35.29185483012644,4.181444555166535,62970.60075,0.080449676760703,782732.8,0.11848185864113604,0.7115284520019127,0.8378883497518367
48,429,Stephens,TX,0.4353696809168061,0.22408004545984853,0.3122299577918935,0.8669215662458273,3.25,0.334129197321592,24.5190452953326,14.86536624085132,4276.0650000000005,0.007468201245752482,572569.6,0.6062783465586673,0.8064575205216621,0.9698445063302886
48,431,Sterling,TX,0.0,0.0,0.0,1.0,1.0,0.0,24.202606273424987,13.391723109365797,4437.596666666666,0.007509254019739502,590950.4,0.5533173972288354,0.7949945406509737,0.980153029595693
48,433,Stonewall,TX,0.7392763538607923,0.37668005626619777,0.45206747698774824,0.7689920628360988,5.25,0.20037389469168224,24.848997842428528,18.110795311813142,47652.295625,0.0810483763637242,587948.7999999999,0.7288340329318951,0.7351529282278536,0.9071816763331423
48,435,Sutton,TX,0.0,0.0,0.0,1.0,1.0,0.0,25.443351104156527,28.577020587116344,840.15,0.0009029924987618313,930406.4,1.1231626081852044,0.7900073683208687,0.9989422873271823
48,437,Swisher,TX,1.1735950529999712,0.6287894297441545,0.5733514826689172,0.47689582802711494,7.75,0.14560243399889156,20.31768087917581,11.148437810062427,207261.533775,0.35965721546754054,576275.2,0.5487062168344612,0.7107726282160152,0.9081575588886894
48,439,Tarrant,TX,0.7514293490455961,0.4083028637481606,0.5557873430371092,0.7400580004262671,4.0,0.07904535662008012,2.6279623891204773,4.475058615004091,7260.095375,0.013138332472536542,552588.7999999999,1.7028625042467969,0.6014091049822137,0.45213129238906624
48,441,Taylor,TX,0.763202539358993,0.4201369626672462,0.5505342593635416,0.7306370091174601,4.0,0.14763373359524068,21.906618824801605,21.458921448573967,98122.27543750001,0.1674432416708646,586003.2,0.9795633739826259,0.6767944730765896,0.8678189693215758
48,445,Terry,TX,0.7079850584779431,0.35154267821968255,0.3675906514192562,0.7910917327810123,7.0,0.10943070200958446,30.947919485504706,15.232834070214249,331646.42335,0.5823229384685296,569523.2,0.4922086629231719,0.6822931175796229,0.8617931917151817
48,447,Throckmorton,TX,0.2901602877048858,0.13271534429364,0.22055055180021133,0.9291700788335213,3.75,0.04913448603509841,16.302785792910747,15.046122339152745,65289.930025,0.11181743172946765,583897.6,0.9229172566136237,0.7564420911862166,0.9356468503542363
48,451,Tom Green,TX,1.030026933678815,0.5845521500319526,0.5593244859376749,0.5354396016449781,6.5,0.0761594694084383,41.13346446060315,39.19709976761595,172939.621075,0.17752983242210596,974144.0,0.9529248333837328,0.6978040173606757,0.9497688482021606
48,453,Travis,TX,1.2671938334783166,0.6843149302132412,0.7873517975985935,0.4151538500697761,5.0,0.09034976718568018,11.765370978430067,10.967992271558712,34870.192125,0.05507396663834277,633152.0,0.932226641358507,0.6952326652471921,0.9034901591069123
48,461,Upton,TX,0.782031559183805,0.5159944170380679,0.6764679655386237,0.5416757678770062,3.25,0.06994755246437846,43.0385213560174,19.740827575797685,26524.077425000003,0.033377255795827024,794675.2000000001,0.45867810867618564,0.7076508558459411,0.9079460713043072
48,463,Uvalde,TX,1.6707906137822026,0.782268640064755,0.8445814595312249,0.30433628484351405,7.25,0.04634983450879232,22.27534917313232,7.2240986170129515,61426.08685,0.06166089152492692,996192.0,0.32430910783326283,0.653439388471157,0.8199124340548823
48,467,Van Zandt,TX,0.0,0.0,0.0,1.0,1.0,0.0,43.62846333909593,11.806855871721305,1332.4333333333334,0.002453251182283811,543129.6,0.27062277623564746,0.569987324658457,0.22601939669989482
48,469,Victoria,TX,1.4722215960228868,0.7516255645808949,0.8450160992992439,0.3251629866447504,5.75,0.022244028098934387,13.517529951313897,8.03215820080958,75358.255625,0.13342467355701135,564800.0,0.5942030999553183,0.7201113138584803,0.9342150294579256
48,473,Waller,TX,1.2010966321171577,0.6352021472158569,0.6717415356596537,0.4768459531122643,6.0,0.13190678834020164,16.624853999174384,13.227283348645608,17564.326275,0.05343196426355061,328723.2,0.7956330533370396,0.6474496322827997,0.5773837905934192
48,475,Ward,TX,0.0,0.0,0.0,1.0,1.0,0.0,180.80486556928565,57.01952812826896,2069.3333333333335,0.0038699844801653323,534713.6,0.31536500939140205,0.7510273625732857,0.928476164071214
48,477,Washington,TX,0.2128482695977063,0.13350345095135704,0.19374284430747676,0.8911226114649682,1.5,0.4256965391954126,19.27212254462982,21.224295521556027,2065.932,0.0052986092872853805,389900.80000000005,1.1012951724650681,0.7368285807222685,0.8123192475356448
48,479,Webb,TX,0.0,0.0,0.0,1.0,1.0,0.0,330.47530886827735,467.3626638309554,425.27,0.00019794996320933735,2148371.2,1.414213562373095,0.8291413402364539,0.9979827882617709
48,481,Wharton,TX,1.514315278053316,0.758725199456306,0.8451554486304624,0.33616574023174994,6.0,0.04735147201373266,15.172872570628796,6.72132860233204,238098.3319925,0.34126998040442996,697683.2000000001,0.44298326312599445,0.6861979848770099,0.8663564855047524
48,483,Wheeler,TX,1.1212034115521532,0.6096778372646934,0.6966428483447707,0.5025943609286309,5.0,0.07161055444436933,58.27435337539778,52.232577538098106,29280.2237,0.05004085219877277,585126.4,0.8963218725332028,0.7329647365092786,0.9548340845422639
48,485,Wichita,TX,0.5644930759104592,0.2858958955117738,0.3007912845263328,0.8320685545038606,6.5,0.12985925233754136,25.933683356844632,17.352780853686582,96895.372125,0.2412118327523062,401702.39999999997,0.6691213359442323,0.7118158193263363,0.935185940869831
48,487,Wilbarger,TX,0.8046521013579379,0.3968392902696516,0.42261785723077394,0.7573379803371708,6.75,0.026853441751138775,20.528744275760424,9.671548709818095,165691.374525,0.2666084203811428,621478.3999999999,0.4711222751816291,0.6884620981981039,0.939299112251555
48,489,Willacy,TX,0.9059068319817712,0.5461852919560795,0.4181586223466752,0.49648616969758075,8.75,0.022676906568443154,25.04865197064867,41.3661146097205,176271.814025,0.46159534325612145,381875.19999999995,1.6514307699349324,0.6751251213650886,0.8825869490857997
48,491,Williamson,TX,1.1868444981293083,0.6444813551319692,0.7374279485776091,0.5027728909893718,5.0,0.09038489909428801,9.051165418628381,9.936937717950984,145966.683625,0.2031341620848994,718572.8,1.0978627898568265,0.7072732849170951,0.9490614463280406
48,493,Wilson,TX,1.336152293360546,0.6794953720038586,0.7165923790007562,0.4496988193677061,6.5,0.05359933564014956,11.083155022011645,5.548770312925474,29759.3785,0.0576203285124351,516473.6,0.5006489850503189,0.6903411170888579,0.748806615528401
48,497,Wise,TX,0.879509816892484,0.45211828445270985,0.5846013542281633,0.714478850930053,4.5,0.1890785734907069,12.240530177871516,6.216595777625514,5668.82795,0.009791560641464277,578950.4,0.5078698134222898,0.7791304471979539,0.8694464803311387
48,501,Yoakum,TX,0.8623385637137541,0.42898201966899474,0.4569084789256641,0.7329011807969043,6.75,0.13260700553973961,32.060923429426126,13.714525485354706,189330.522275,0.3699017706216786,511840.0,0.4277645188711955,0.6829066314621006,0.8761012079213085
48,503,Young,TX,0.2473525192682482,0.10660832098654904,0.20623701113575105,0.9439055962222525,3.5,0.0717704973539825,19.24051963261444,14.485290206227653,52583.6844,0.08908092209404442,590291.2000000001,0.7528533783294377,0.7269373970983195,0.945694129929779
48,507,Zavala,TX,1.5864826134716532,0.7621368551664152,0.8854328054173246,0.3661562599028723,6.0,0.06401858941693696,32.69572574046459,16.28951995025363,21849.28285,0.02629189856842231,831027.2,0.49821557960077767,0.7061259074759171,0.8792758528262293
48,999,All Other Counties,TX,0.0,0.0,0.0,1.0,1.0,0.0,24.255980989574095,11.770154555193777,19080.575025,,,0.48524751731347915,0.5223825765131361,0.3378250376623083
49,001,Beaver,UT,0.0,0.0,0.0,1.0,1.0,0.0,5.5737704918032795,9.654053681531447,273.3333333333333,0.00016490022329903407,1657568.0,1.732050807568877,0.8305953598918037,0.9560389725556482
49,003,Box Elder,UT,0.7623780069649221,0.34180298788906543,0.39955662233259115,0.8003994290928942,6.75,0.18020026347553594,9.896262683140122,10.499541868646292,40545.94275,0.01106924200674344,3662937.6,1.0609603043918743,0.6994255593164508,0.7856985062602754
49,005,Cache,UT,1.2834342422012668,0.6493609151030397,0.7605969217436048,0.505168212908399,5.5,0.16634504918896909,5.658767149280708,3.3903945186072306,14504.027025,0.019460844147427693,745292.8,0.5991401358577172,0.6611476038394949,0.7841035417853144
49,023,Juab,UT,0.2887183852396216,0.17732607478793386,0.2628027996934625,0.8634135472370766,1.6666666666666667,0.5000749123142689,25.80726765367288,31.995473733937736,1797.1833333333334,0.0008279228237816973,2170713.5999999996,1.2397854032169946,0.8284741924167389,0.96190965516398
49,027,Millard,UT,0.0861787420739322,0.043523922233481505,0.07844327153704973,0.9761602610587382,1.5,0.1723574841478644,9.2018244013683,18.4036488027366,1014.725,0.00024062475812436541,4217043.2,2.0,0.8326735907939126,0.9205787159641221
49,029,Morgan,UT,0.0,0.0,0.0,1.0,1.0,0.0,6.912987749509095,11.973646014250983,962.4716666666667,0.0024688686801941566,389843.2,1.7320508075688772,0.8023390213911443,0.8596084651262413
49,037,San Juan,UT,0.8988935987122701,0.509028874421719,0.6287626558647266,0.6463895349100561,4.25,0.10374397783050832,7.992340459615506,4.602147692358973,36245.97765,0.007242076279334363,5004915.2,0.5758197758983321,0.7778568808508295,0.9058635464454574
49,039,Sanpete,UT,0.2005184174720059,0.11476784599996248,0.18251972924415596,0.9253909355950172,1.5,0.4010368349440118,6.636164855552611,13.272329711105222,1188.4875,0.0011693218471957234,1016390.3999999999,2.0,0.8148263930389247,0.9423825717727338
49,049,Utah,UT,0.8426964637677489,0.4009671593262809,0.4899598274911453,0.746351335171537,5.75,0.3379964938459182,95.85030168098051,67.34885298916501,9617.34,0.007519825929651259,1278931.2,0.7026462286297528,0.6948160642775247,0.8691977259783006
49,999,All Other Counties,UT,0.0,0.0,0.0,1.0,1.0,0.0,5.462428057303201,4.777377079643763,4050.1000000000004,,,0.8745885583346891,0.6105242470406438,0.2847104058545688
50,001,Addison,VT,0.17058794677598393,0.07877232577400389,0.22208554721051038,0.9588067598652936,2.25,0.040935980094994946,8.270393435182939,8.738542419090155,17163.775,0.034820948917785456,492915.19999999995,1.056605406692706,0.6213034564507797,0.7365095660319091
50,003,Bennington,VT,0.0,0.0,0.0,1.0,1.0,0.0,1.128757054731592,1.9550645681969212,1403.4333333333334,0.0032425874034532564,432812.8,1.7320508075688772,0.5231511424279495,0.9443794932180801
50,005,Caledonia,VT,0.0,0.0,0.0,1.0,1.0,0.0,0.2323668517376105,0.40247119320436586,1264.7666666666667,0.003037547328834852,416377.60000000003,1.7320508075688772,0.6039992113031821,0.6799370427537684
50,007,Chittenden,VT,0.006786680514992239,0.0020884909224057058,0.009791110323077059,0.998951355921181,1.25,0.013573361029984478,3.808899366883474,2.6144090167117406,3157.925,0.009153787868247255,344985.6,0.6863948781222089,0.6380706603802515,0.866155312324422
50,009,Essex,VT,0.0,0.0,0.0,1.0,1.0,0.0,0.6151568975725281,1.0654830012220624,848.7333333333332,0.0019936046802966523,425728.0,1.7320508075688772,0.6219617628158715,0.7495547027731518
50,011,Franklin,VT,0.0,0.0,0.0,1.0,1.0,0.0,4.587597059141883,3.6995019922663617,16968.675,0.04161796142888536,407724.80000000005,0.8064138904471176,0.6689862363845106,0.8839213205833709
50,013,Grand Isle,VT,0.0,0.0,0.0,1.0,1.0,0.0,0.34908583147881483,0.6046343963237343,2549.5666666666666,0.04821711349148713,52876.8,1.7320508075688774,0.6431626947365143,0.8364343895722965
50,017,Orange,VT,0.0,0.0,0.0,1.0,1.0,0.0,3.1995350062010672,2.9416416759998905,2050.675,0.004653450225833624,440678.39999999997,0.9193966217899321,0.628665455616852,0.8494086087802039
50,019,Orleans,VT,0.0,0.0,0.0,1.0,1.0,0.0,11.603474065381263,9.350817738961679,3182.325,0.007126820714490469,446528.0,0.805863630691403,0.7189629380863556,0.8432027797180087
50,021,Rutland,VT,0.08703468564671973,0.03702906006273937,0.1255645093678524,0.980919561301131,1.75,0.07031283438259199,3.6196767166622084,2.4003889963596476,2538.675,0.004253675149861131,596819.2,0.6631501054528164,0.6255775342003355,0.7624030861865477
50,023,Washington,VT,0.0,0.0,0.0,1.0,1.0,0.0,4.658139940481103,3.672282683030552,1469.2333333333333,0.003331075182224028,441068.8,0.7883581708477548,0.5389527638797241,0.4716337069240296
50,025,Windham,VT,0.0,0.0,0.0,1.0,1.0,0.0,2.829261323046149,4.9004243594054735,1074.5333333333333,0.0021287127666768098,504780.80000000005,1.7320508075688774,0.5510327758587449,0.6707831003879579
50,027,Windsor,VT,0.0,0.0,0.0,1.0,1.0,0.0,3.431670492828855,2.9913333619618427,645.1,0.0010381156278322485,621414.4,0.8716843205700597,0.5544135415599741,0.5210640031907241
51,001,Accomack,VA,1.349203319547413,0.6745137956984811,0.6000175691736085,0.456372125278031,9.5,0.004667692575210228,25.16881950595532,7.153729542049811,64650.5,0.22189703508039718,291353.6,0.28422984003509305,0.6640690175631613,0.845088627772226
51,003,Albemarle,VA,0.0,0.0,0.0,1.0,1.0,0.0,86.50669497592963,57.28697331975,3968.0,0.008580008580008578,462470.4,0.6622258928709508,0.6535790165398846,0.8718514326069742
51,005,Alleghany,VA,0.0,0.0,0.0,1.0,1.0,0.0,9.382133920542971,16.14675902668996,289.7,0.0010180515259879,284563.2,1.7210113566312748,0.6483069213604808,0.8496421064438096
51,007,Amelia,VA,1.2656801981898007,0.6586328547076504,0.6530739407225402,0.4522106420450758,7.0,0.10591034185314446,4.798786614194082,3.4181885448606204,8255.2515,0.036151430685958524,228352.0,0.7123026755868114,0.703804247024012,0.8970234620187622
51,009,Amherst,VA,0.0,0.0,0.0,1.0,1.0,0.0,255.48719451539105,245.38895747805606,232.0333333333333,0.0007629784151970482,304115.2,0.960474586381954,0.574226931114088,0.9654876909739559
51,011,Appomattox,VA,1.4150196507501778,0.7109597862854021,0.6934415898215438,0.35561187416076506,7.75,0.08194633103154966,17.31190234675474,20.600975843312437,2393.825875,0.011209065089416824,213561.6,1.1899891433464713,0.6974216368957123,0.8883812448066464
51,015,Augusta,VA,0.7481758423287985,0.3727048005762138,0.503316908779952,0.7786592975329808,4.5,0.044586362570250525,15.814401352877674,21.620523737715335,10558.5275,0.017001627456562512,621030.4,1.3671414589323767,0.6959180293174233,0.8388995904509845
51,017,Bath,VA,0.0,0.0,0.0,1.0,1.0,0.0,27.641134347082133,29.962775026696956,147.1,0.00043215084796751024,340390.4,1.0839922360082122,0.7359459629590717,0.9941638981374471
51,019,Bedford,VA,1.1692254038196965,0.5580832672132646,0.6022566163294297,0.6286767808121404,7.25,0.10022268501942758,51.632327625948875,29.380206267341944,2997.44125,0.006207424722498344,482880.0,0.5690273442674764,0.6971332627049294,0.7914937443822782
51,021,Bland,VA,0.0,0.0,0.0,1.0,1.0,0.0,32.76526599720516,29.072457889074666,32.15,0.00014005736470850641,229548.80000000002,0.8872950365046484,0.6393752542589424,0.5006180663656465
51,023,Botetourt,VA,0.1509994785160403,0.07278696952908587,0.10892309941595545,0.9587368421052631,1.75,0.3019989570320806,22.918478281654338,26.56843408538879,2755.175,0.00793307215844175,347302.39999999997,1.159258208982232,0.6692083416621996,0.8501654282256348
51,025,Brunswick,VA,1.230535453908984,0.5839765434322878,0.5917624656641802,0.6063646983795685,8.0,0.0750596754487679,13.942320993624497,5.973566924405207,8357.97216,0.023067318154520084,362329.6,0.42844852927549026,0.703653979774863,0.8355437098896065
51,027,Buchanan,VA,0.0,0.0,0.0,1.0,1.0,0.0,1120.9775777351228,432.3862513374384,28.975,8.984964177978884e-05,322483.2,0.38572248002591847,0.6984755444484113,0.8122065248805699
51,029,Buckingham,VA,0.17590888983844177,0.10221561418685116,0.12689144150910145,0.9338235294117647,1.75,0.35181777967688355,36.79764864731806,40.766894670933624,1013.34375,0.0027258713104276414,371750.4,1.1078668384944441,0.7244628293227894,0.9644714800609754
51,031,Campbell,VA,1.6318563024273969,0.7632840160528543,0.744237159442913,0.3526460532364253,9.0,0.05408826274875315,27.339493129330354,20.974314797513852,5964.3618750000005,0.018473111777845504,322867.2,0.7671800899268388,0.684499036732589,0.8486499480866757
51,033,Caroline,VA,1.2130631264433325,0.6594863325464437,0.7644975395046945,0.4741855733053163,5.0,0.02746644823872973,18.964775485282168,21.93972511920959,39054.92375,0.11459347697621686,340812.8,1.1568671158926278,0.7212082833312498,0.961206999646842
51,035,Carroll,VA,1.3334383985694953,0.7147937772572059,0.8607254274556667,0.35223925043631155,4.75,0.07313411255020229,177.71939863840942,95.32433974499325,1103.7325,0.003620485433198976,304857.6,0.5363755474940674,0.6042008572880425,0.8669423258078172
51,036,Charles City,VA,0.2834297332502008,0.16433990928590847,0.20445133530027323,0.8549660508447813,1.75,0.5668594665004016,4.703228274782515,2.414686967980519,9841.55,0.0841399752407529,116966.4,0.5134105399322082,0.7268943465898775,0.971378761822208
51,037,Charlotte,VA,1.4982126023415425,0.7323465522990256,0.7105474867645478,0.3829769631039058,8.25,0.08083791760864946,26.919749573880246,14.40904942779256,5154.73225,0.016956713068959347,303993.6,0.5352594157032354,0.6829318747265801,0.7824928200179045
51,041,Chesterfield,VA,0.26161391920618843,0.14298348817396245,0.18871455193314698,0.9001061571125265,1.75,0.5232278384123769,6.12350349765889,5.514285661308637,2250.31125,0.008258629073693482,272480.0,0.9005115557485734,0.7314874428313788,0.7905960731758352
51,043,Clarke,VA,1.0227611600019044,0.5179799666420785,0.635477238419896,0.65543166845539,5.0,0.14194468114807648,8.042039633516561,12.999852833208347,4934.7,0.04365569442871702,113036.8,1.6164870388140418,0.6794088492158672,0.8281961308541218
51,045,Craig,VA,0.0,0.0,0.0,1.0,1.0,0.0,27.02942519736413,46.816337741217104,482.5333333333333,0.002280506740066342,211590.40000000002,1.7320508075688774,0.7252282213747335,0.9462178312963575
51,047,Culpeper,VA,0.9553263033632501,0.5534984212512832,0.6365910192468359,0.5363441715287672,4.5,0.11775827154281658,3.6585615662523625,2.977856091943709,13153.95625,0.05394503055282152,243840.0,0.8139417741148108,0.6600649118276795,0.8348033920692315
51,049,Cumberland,VA,0.23111910112997563,0.1249075351151624,0.1289900263396118,0.9161874640598044,2.25,0.46223820225995127,12.69839223604296,9.172283771894527,1824.7625,0.009553330227006199,191008.0,0.7223185109891338,0.7279880771627003,0.9296034485879463
51,051,Dickenson,VA,0.0,0.0,0.0,1.0,1.0,0.0,972.3974558155786,532.0823992890041,23.660666666666668,0.00011145214695567414,212294.4,0.5471861285802427,0.7047936261402277,0.9123239716763466
51,053,Dinwiddie,VA,1.4584809744602723,0.6941374243423238,0.691953200050739,0.4809486377883526,8.25,0.13119039692915144,2.3412139166492008,1.2651916454219687,18928.6409,0.05872099074046499,322348.8,0.5403998483114862,0.7305446623620196,0.8684312219664092
51,057,Essex,VA,1.195562472416794,0.6668030276650312,0.8624160250143285,0.4262124542614212,4.0,0.02560264777167986,6.950327173648549,12.212454173390022,41935.3327,0.2541954352475075,164972.8,1.7571049345262892,0.7239342565184271,0.9245785611781978
51,061,Fauquier,VA,0.9103144892592898,0.5003079794507996,0.5888177871773819,0.6302718809769815,4.75,0.08787222999673815,6.9834166228397185,9.796272259965516,13508.58125,0.032487545333423115,415808.0,1.4027907525846546,0.6777407965646595,0.8983649154455785
51,063,Floyd,VA,0.0,0.0,0.0,1.0,1.0,0.0,8.093832519321284,6.727608970087373,1026.6333333333334,0.004207844770298864,243980.80000000002,0.8312019002156871,0.5321210712535821,0.13700281046537077
51,065,Fluvanna,VA,0.24629508123649002,0.13522113047705658,0.17766434614761428,0.9051094890510949,1.75,0.49259016247298004,9.20625947461406,2.7095150513640167,1717.9875,0.009341112394300032,183916.8,0.2943122620903104,0.708820520681119,0.8971773616443827
51,067,Franklin,VA,0.7737067533583007,0.3648796194026168,0.43482920029725447,0.7868873026756773,6.0,0.04860682402725809,33.15368190841376,17.69494778331429,6777.324375,0.015301076950551237,442931.2,0.5337249670246628,0.7101410308243252,0.8647938091739618
51,069,Frederick,VA,1.1874415039223645,0.6121898123070341,0.6503871929769943,0.5224352792378164,6.25,0.13284640820341168,27.63302620140482,29.80031962556377,6640.525,0.025024287467139375,265363.2,1.0784312730846963,0.6060038472401638,0.7016290713890733
51,073,Gloucester,VA,0.633099075232091,0.4004757289868622,0.4960695568031065,0.6399134720164616,3.0,0.42350994308096507,3.2816236325984054,3.210140492641168,10685.790875,0.07708115157281518,138630.40000000002,0.9782171425000871,0.6974054655207664,0.8661993693497082
51,075,Goochland,VA,0.32876008996570794,0.1759680649313105,0.20427012898465524,0.8431292941911306,2.0,0.6575201799314159,24.73899388197743,13.53670299091501,8051.9625,0.044232997244488974,182035.2,0.5471808213177423,0.7259318895621235,0.9509906677950702
51,077,Grayson,VA,0.615016577853252,0.4249643725267684,0.8872813669333879,0.6735586138833017,2.0,0.06330367009753025,213.0848173758415,123.81841246935552,720.1860925000001,0.002542225667655996,283289.6,0.5810757143291122,0.6840127974846022,0.8312295245444261
51,079,Greene,VA,0.0,0.0,0.0,1.0,1.0,0.0,13.799305129777233,23.901097593920007,671.3000000000001,0.006698852024524204,100211.20000000001,1.7320508075688772,0.6808597660671614,0.8748678992160315
51,081,Greensville,VA,1.2176003656231191,0.6539032146962191,0.6848316653570239,0.4683907658714774,6.0,0.015654134570568357,10.831551198709871,6.4362299526399,20050.989425,0.10604410701517229,189081.6,0.594211284659441,0.7153319926175699,0.838756270036426
51,083,Halifax,VA,1.3768710856827753,0.7223858055010693,0.758483972650255,0.39318087793105333,6.25,0.03810980387036165,42.375116633888425,8.968341245587052,10154.959232500001,0.01936668351126724,524352.0,0.2116416887550192,0.7002163380140836,0.6818422633607107
51,085,Hanover,VA,1.1711703581515556,0.644762599245502,0.6262916305290185,0.4830353777930286,6.75,0.025784959582593362,18.636882195457645,14.905608182945373,28677.595,0.09479720357853091,302515.2,0.7997908677331398,0.6893809957532113,0.9293515900134556
51,087,Henrico,VA,0.2522630320424474,0.15086432665977187,0.22961970719285837,0.8841755997958142,1.5,0.5045260640848948,29.203708608135347,26.24479355430201,5719.95,0.03754272819877342,152358.4,0.8986801610186911,0.720426253495241,0.9835500883404911
51,089,Henry,VA,0.0,0.0,0.0,1.0,1.0,0.0,30.120388187969485,31.450541234123055,226.96666666666667,0.0009275151475524171,244704.0,1.0441612185690505,0.7112595616574958,0.7391752241556993
51,093,Isle of Wight,VA,1.3449480621929764,0.7029747961750991,0.8356632162087497,0.3889933639732599,5.0,0.0396254308476502,4.342425128492147,1.1038777796644117,21334.305475,0.10553345460058727,202156.8,0.2542076712898259,0.7376289335584985,0.8581188937896642
51,095,James City,VA,0.0,0.0,0.0,1.0,1.0,0.0,7.493322653859377,6.521382982576341,3177.556666666667,0.03473924077572536,91468.79999999999,0.8702925636356462,0.7135995819495662,0.9511007791330284
51,097,King and Queen,VA,1.0892923738409612,0.6173081532233337,0.7296775083158445,0.4529252088098493,4.5,0.05137651072880563,6.411206613847196,9.53788780743631,29340.3575,0.14495765697132107,202406.4,1.4876899750564854,0.7121671273114006,0.9433425223075353
51,099,King George,VA,0.9935720285530842,0.5891524034794042,0.7649558081129901,0.4949504526259365,3.75,0.047415840959699994,10.752390353434775,13.600405622466175,6884.625,0.059762369791666665,115200.0,1.264872756235233,0.7026761956275346,0.9512390179598934
51,101,King William,VA,1.1999731292193059,0.6593273392663483,0.7746808159071927,0.4357722118093304,4.75,0.045284543921935115,8.777397864349778,8.093378804739045,34147.130000000005,0.19371488445340013,176275.2,0.9220704051266787,0.7003727997420282,0.9506736292113783
51,103,Lancaster,VA,1.1547826000472048,0.6460376082062438,0.7175067712309084,0.46414532983863366,5.0,0.03354441236423112,5.925111362518802,9.079386996469934,15602.6631,0.18310921656714738,85209.59999999999,1.5323571897575659,0.7339355490104185,0.9572380242145319
51,105,Lee,VA,0.05956620686947439,0.02823141906554777,0.08593587125515681,0.9850798252976206,1.5,0.10582652295179668,324.63506796018373,95.65319929347895,775.5985025,0.0027723392587016447,279763.2,0.29464838747861566,0.6752512485466163,0.733376910640841
51,107,Loudoun,VA,1.0461927930565746,0.6233358599867467,0.7984560823128887,0.4447986165781515,3.75,0.09248347649313061,10.64758636530502,9.989825362574795,11032.7,0.033160707415600656,332704.0,0.938224403149851,0.6761471885478857,0.7745398861352942
51,109,Louisa,VA,0.8382944840672317,0.4815415841939132,0.5737503540737462,0.5677829991457142,3.5,0.5656963717172655,16.855680308178297,18.253809703650845,4432.9,0.013932506436818603,318169.6,1.0829470759951576,0.737652540418714,0.9695155197248055
51,111,Lunenburg,VA,1.0630741565806068,0.5761268635626474,0.6095597969837914,0.5653266819430154,5.75,0.04050121092556271,22.248331021033344,12.234555432958828,3640.423125,0.013176189791087561,276288.0,0.5499089087353296,0.6915237529441182,0.8013312640326912
51,113,Madison,VA,0.9706459812116375,0.5372091939529084,0.5963109973044972,0.6005090304049034,5.25,0.01544317349854131,8.628292605712844,14.169299692149346,9017.44875,0.043835989272213924,205708.80000000002,1.6421904471306141,0.6870947695269121,0.8601080399415294
51,115,Mathews,VA,0.0,0.0,0.0,1.0,1.0,0.0,1.4885137465513931,0.8979365701745632,1918.2666666666667,0.0349823957360722,54835.200000000004,0.6032437202914072,0.6456564187106736,0.7207955705140101
51,117,Mecklenburg,VA,1.2855376714478641,0.6544618457766731,0.662037320382237,0.5126976354373116,7.0,0.095382149155527,9.299439711166004,6.672974832141707,12005.001250000001,0.030063972646170247,399315.19999999995,0.7175674061448397,0.6970287230475533,0.8343400448726754
51,119,Middlesex,VA,0.28661693533202276,0.16137834220224406,0.20675041561915097,0.8640884172055102,1.75,0.5732338706640455,4.267991169151136,6.351904640949734,12803.1755,0.1535300208653108,83392.0,1.4882656475161051,0.7172867442007821,0.946324759142152
51,121,Montgomery,VA,0.0,0.0,0.0,1.0,1.0,0.0,6.882061542801009,6.770220108360826,1585.8,0.006382495749832569,248460.80000000002,0.9837488470940551,0.7131462144904455,0.9426522920849312
51,125,Nelson,VA,0.0,0.0,0.0,1.0,1.0,0.0,52.330705403586535,48.06535053721311,945.4666666666667,0.003127536078472884,302304.0,0.918492310900875,0.5709328185394665,0.7993442188703183
51,127,New Kent,VA,0.25238860669285296,0.1505775167110482,0.18205989562632702,0.8750474743638436,1.75,0.5047772133857059,6.383175995389977,4.36280403644163,8006.3625,0.05969907614531138,134112.0,0.6834848419646443,0.7120123463977339,0.9728266198809277
51,131,Northampton,VA,1.67418109167596,0.7389854826308895,0.7206026049896854,0.42467900591006347,10.25,0.07199944968266807,39.95674378281062,4.055980678285269,44945.07,0.3386539609152722,132716.8,0.1015092896541322,0.6207468117976901,0.8068490719474923
51,133,Northumberland,VA,1.122086365208836,0.6439460916637592,0.7806792484320745,0.4347640405370088,4.25,0.022489887506651367,4.252110062837609,5.221419887127059,29014.057975,0.23574865099291473,123072.0,1.2279597211654933,0.7367462595877969,0.957031804634233
51,135,Nottoway,VA,1.0217744479845152,0.49575001126969337,0.5550199523567412,0.6460019845550186,5.0,0.6813268810167601,8.827543146506065,11.89190066077323,2593.7557500000003,0.012880163226998252,201376.0,1.3471359429695946,0.7047738339618906,0.8395512252521823
51,137,Orange,VA,1.009263551549623,0.5741077410690195,0.6749505850807207,0.535423323005658,4.5,0.07932907243312855,10.418968361393908,17.765355490252627,8880.928750000001,0.04061004147461224,218688.0,1.7050973641574507,0.6826975219510564,0.8811648850070475
51,139,Page,VA,0.5037076178819297,0.25903337460883735,0.3924803435336175,0.8474087366526457,3.0,0.34874201599102245,19.397629904939404,30.503414220631026,3017.275,0.015152804896666986,199123.2,1.5725330553328916,0.7041666734031213,0.9485266047053783
51,141,Patrick,VA,1.2576428990093491,0.6598927583509653,0.8107603331411624,0.4836509429964938,4.75,0.06879462182578923,39.15115606220721,29.659660918151967,1736.76,0.0056167725710974045,309209.6,0.7575679469343327,0.6588367055758784,0.6785617973360891
51,143,Pittsylvania,VA,1.4160394054422778,0.7218941210906995,0.6925919670832117,0.3733759543595263,7.75,0.03334395439896592,32.93714815419593,17.592171621166333,14008.724685,0.022547933907775864,621286.4,0.5341133828225875,0.7109757041420965,0.7862318478203005
51,145,Powhatan,VA,0.25951141503007435,0.14441167756081097,0.18719791575898295,0.8928571428571428,1.75,0.5190228300601487,14.169911813354712,15.682821960116568,2991.7475,0.017891172185969077,167219.19999999998,1.1067691998856326,0.7065692433786752,0.9383536680576442
51,147,Prince Edward,VA,1.2196693255134343,0.5678370800429158,0.5626678180894747,0.6155432978979154,8.75,0.07979294861613118,29.967944449773114,29.260965746411983,2671.695625,0.011833893905381846,225766.4,0.9764088356294827,0.6758823647708239,0.7130559295996948
51,149,Prince George,VA,1.236560223577629,0.6521953626803833,0.7265539620654977,0.49986883192604753,5.5,0.13013698033329685,1.439571906363348,1.6961234251959045,15226.75875,0.08957085515727356,169996.8,1.178213757644561,0.7134746678496539,0.8567079527487347
51,153,Prince William,VA,0.2649547120881878,0.1500255521944854,0.19112442459489584,0.8771405273172057,1.75,0.5299094241763757,2.4528630934837032,2.6305864545591975,5024.2625,0.023241192954733852,216179.19999999998,1.0724554752149176,0.6764354283877522,0.8428930686724683
51,155,Pulaski,VA,0.0,0.0,0.0,1.0,1.0,0.0,3.5631172386819205,6.171500090721608,448.3333333333333,0.0021852351540485176,205164.8,1.7320508075688772,0.7150043237547447,0.9284830299816547
51,157,Rappahannock,VA,0.0,0.0,0.0,1.0,1.0,0.0,82.77632513153631,47.65682732228928,762.35,0.004468514367708295,170604.8,0.5757301649542893,0.6150280289603991,0.6146659724920138
51,159,Richmond,VA,1.1475648343204776,0.6380236186288154,0.6868840562515921,0.434522568725424,5.5,0.08766428099655271,5.002957763191265,6.1446009415311895,22640.723149999998,0.18477034326687033,122534.40000000001,1.228193647114002,0.7107753026994825,0.859208505459659
51,161,Roanoke,VA,0.0,0.0,0.0,1.0,1.0,0.0,113.40876162611421,129.22980807489674,107.39999999999999,0.0006689221509148164,160556.8,1.139504622234932,0.5356940077702279,0.20138960784990395
51,163,Rockbridge,VA,0.6326029845121917,0.3205767887621581,0.45632659430364836,0.8113691189011135,4.0,0.12183871200399936,21.02470442484333,26.457846279302466,2346.5525,0.006114584462501876,383763.2,1.258417038578635,0.7215690831837188,0.9305134807385427
51,165,Rockingham,VA,0.8968931261310906,0.4372797863472714,0.5136146773337124,0.7299168571699448,5.75,0.17612506747334772,24.598326333147654,34.47570569527962,14295.151025,0.026242346797347705,544736.0,1.401546805597974,0.6663078780844345,0.8767160130393763
51,167,Russell,VA,0.2475061627131215,0.12733342882417853,0.3570759135356773,0.9311664467678084,2.0,0.05893733991804671,1204.0359378971616,293.9761716489803,958.4559125000001,0.0031550738703098003,303782.4,0.24415896768198395,0.7109252405530574,0.866245205518043
51,169,Scott,VA,0.09429600858568365,0.038038957748247004,0.11662987512426926,0.9805019214123653,2.0,0.06569080948172333,1010.1613234935451,256.82137385505496,1586.0452,0.004618501667971225,343411.2,0.254237979501,0.716608448153809,0.8863247068772175
51,171,Shenandoah,VA,1.120030370708034,0.5845803494739196,0.6425300271215465,0.5893818620308539,5.75,0.05019484393442893,17.93180424463625,26.981716015619497,10360.8125,0.03160634426249512,327808.0,1.504684952362797,0.6804429199521234,0.8514848362752773
51,173,Smyth,VA,0.5995766202358439,0.3570969636594454,0.6074545127912121,0.7717209833774892,2.75,0.10529607307977931,107.02709682705148,30.436068061955808,1755.9100025,0.0060687238799934755,289337.6,0.2843772181463394,0.6713165186602754,0.758911703408889
51,175,Southampton,VA,1.2559427484892753,0.6648501892779817,0.7418751701175367,0.46621004240069813,5.5,0.06279429333336006,4.734737106919038,2.5805118030449714,68618.6213,0.17882546497639937,383718.39999999997,0.5450169132461397,0.7210200798389604,0.838847122031383
51,177,Spotsylvania,VA,1.1130485331115385,0.6189251424431116,0.6915759374825298,0.48799680549084223,5.0,0.09425019361632266,14.59437315890877,16.546088194307284,5464.175,0.021298641514493837,256550.40000000002,1.1337306518168024,0.72931318200679,0.9660460739501897
51,179,Stafford,VA,0.17977283864317897,0.11387612378021367,0.16363628961507845,0.9180112948769665,1.5,0.359545677286358,14.99543525007417,25.534008833791905,3266.6775,0.018879909723506567,173024.0,1.7027854415673336,0.712946333934866,0.9691590523867891
51,181,Surry,VA,1.5286957139208566,0.762514285866987,0.8757192027432446,0.32805570894508085,5.75,0.06964387808354483,4.46869485955088,1.1728581183820046,20780.26625,0.11633941028207748,178617.59999999998,0.26246099929496663,0.7382830182292632,0.8614458315371375
51,183,Sussex,VA,1.4556525207093947,0.7254559733599752,0.7629252628377811,0.3992811334213878,6.75,0.07591193030509176,3.6211954927826806,2.8389887354632197,33602.457,0.10699129676706132,314067.2,0.7839921211438436,0.7248016872638231,0.8437339160493393
51,185,Tazewell,VA,0.0,0.0,0.0,1.0,1.0,0.0,27.68646364209481,13.950913349623146,356.0625,0.001070434556220418,332633.6,0.5038893204263191,0.6891001154772269,0.8024705569499441
51,187,Warren,VA,0.0,0.0,0.0,1.0,1.0,0.0,8.36449864498645,14.48773663295756,305.6666666666667,0.0022349282483231946,136768.0,1.7320508075688774,0.6752998986643782,0.8101782959182742
51,191,Washington,VA,0.6634203367815241,0.47066818937193966,0.9571132298995908,0.6157652924068306,2.0,0.019797064595304132,512.2658123736389,225.6430696348897,2076.0133875,0.005763015524231158,360230.4,0.44048043844532236,0.6953642587194531,0.7686868619392353
51,193,Westmoreland,VA,1.2268888888492009,0.6624985990920969,0.703569958170654,0.44025721891127406,5.75,0.0664425226228431,15.725937161285389,15.4615677110176,32827.025,0.22380760346670736,146675.2,0.9831889541744692,0.6729307749193061,0.737345971861693
51,195,Wise,VA,0.0,0.0,0.0,1.0,1.0,0.0,1954.934371481444,511.47997960865104,24.656666666666666,9.535204847704848e-05,258585.6,0.2616353710232497,0.7187507068025456,0.8710959008233207
51,197,Wythe,VA,0.0,0.0,0.0,1.0,1.0,0.0,26.228047568827687,17.911616956482057,828.4333333333334,0.0027942903966266587,296473.6,0.6829184257607571,0.736338266899723,0.9111521787650639
51,550,Chesapeake City,VA,0.19973660212683694,0.11563364516517166,0.18180809024900438,0.9236674164356332,1.5,0.3994732042536739,5.102220650666379,3.207632519480123,14716.871825,0.06748976352008247,218060.80000000002,0.6286738146185794,0.6777432344194247,0.868049996477105
51,800,Suffolk City,VA,1.4559664741213623,0.7459447126853846,0.8353149243616139,0.3317261163369679,5.75,0.03507505826636633,5.97868082148883,3.403252987270457,30817.163825,0.1203735275150305,256012.8,0.5692314222626403,0.7007361706814621,0.7749364546757249
51,810,Virginia Beach,VA,0.0,0.0,0.0,1.0,1.0,0.0,17.003929540282474,3.8239854200872405,6852.066666666667,0.043120359928578135,158905.6,0.22488833601834105,0.7220857292837142,0.9721115202698702
51,999,All Other Counties,VA,0.0,0.0,0.0,1.0,1.0,0.0,118.43931751249642,59.189445533049245,7751.5875,,,0.4997449054601672,0.5327980455639215,0.3550689478623757
53,001,Adams,WA,0.5651932463182244,0.21316460563921427,0.23592356770288553,0.8853082512429797,11.0,0.06169265003388026,7.766884309678565,6.438800969867088,254414.8408,0.20650984371103817,1231974.4,0.8290069367768862,0.7089020496056211,0.7895135288927525
53,003,Asotin,WA,0.5677941527281131,0.35303139481746015,0.5168285104624779,0.7690691125765005,3.0,0.05740417618038852,11.102376175490171,11.139624801784182,28559.52435,0.07023681304006515,406617.60000000003,1.0033550138911922,0.7885458278343054,0.9195932420627477
53,005,Benton,WA,1.7007489161536227,0.715456412382885,0.674177358301904,0.49219563174016073,12.5,0.04132401584549124,15.475895691572706,10.322744550829356,212305.311125,0.19477951760201315,1089977.5999999999,0.6670208145981842,0.6301514739181323,0.6973325800865916
53,007,Chelan,WA,1.0461684874087496,0.5847805824782449,0.7546510443594554,0.5716774464378223,4.0,0.0554351177392254,15.356078754388239,11.16453485120053,11943.2225,0.006387854039799821,1869676.7999999998,0.727043344187727,0.6697515478006116,0.9005721335466516
53,013,Columbia,WA,0.700789925037177,0.37461065879724553,0.4279261828995052,0.7711459686037232,5.25,0.06511565451198584,2.3461889623728482,2.1210963286111846,62037.424775,0.11157039653196615,556038.3999999999,0.904060313396917,0.810623873717654,0.9323836423608894
53,017,Douglas,WA,0.3141349709943659,0.12584966117161633,0.15779370848096794,0.9338102087389615,7.5,0.05547238512376955,3.046459711058232,2.4376246355642683,171534.90435,0.14722267034702807,1165139.2,0.8001499664400696,0.6967626353823821,0.8546103216545049
53,021,Franklin,WA,1.4736956428921308,0.6437040247183173,0.5637647765917191,0.5546598948043718,13.75,0.09142793707742435,41.32361385379848,34.09113510840181,113520.140525,0.14276820635086324,795136.0,0.8249795196764511,0.6457476059094416,0.760385583235338
53,023,Garfield,WA,0.5938312764671594,0.39672245384088906,0.4796993391785189,0.7194949877650841,3.5,0.0830833272373744,2.708640764988019,2.162138446555934,84738.815,0.18634071977693337,454752.0,0.7982374312990514,0.7933109131013345,0.9253078939570801
53,025,Grant,WA,1.7967019043659538,0.7268683151003028,0.6498515432711229,0.4789762749993783,16.0,0.0399087738262061,14.52908356967611,9.859185035791581,235485.09612499998,0.1372388020765341,1715878.4,0.6785827191722436,0.6410585228639686,0.8006944740132835
53,027,Grays Harbor,WA,0.0,0.0,0.0,1.0,1.0,0.0,5.1807850067175645,3.3844517362025948,2092.133333333333,0.0017053447685226241,1226809.6,0.6532700607753865,0.5140688834418762,0.07942365506014666
53,037,Kittitas,WA,0.15596024431111336,0.08343349054177532,0.14196113216628042,0.9508303061754022,1.5,0.3119204886222267,13.363291097558353,9.566492711504155,1716.175,0.0011673058987284465,1470201.6,0.7158784944265771,0.6244828068439313,0.6422684694099996
53,039,Klickitat,WA,1.136519057264668,0.4729380752768807,0.522447420852925,0.7134250003882063,8.75,0.22535598925441805,11.004839365292932,10.04053905944941,35087.859075,0.029280953980616815,1198316.7999999998,0.912374885826618,0.6887420095624955,0.93061300163551
53,041,Lewis,WA,0.0,0.0,0.0,1.0,1.0,0.0,3.2755552472858382,3.5731498311597285,551.1483333333333,0.00035768190877096803,1540889.5999999999,1.0908531718768841,0.566063306983335,0.23525467463523178
53,043,Lincoln,WA,0.5744114028088577,0.3280463885632398,0.33040939111632256,0.7943752060227867,5.75,0.11331566162140062,2.7350738794906473,2.3825437800458067,301941.83115,0.20412862144585522,1479174.4,0.8711076501119991,0.7911766491945706,0.9017210779899467
53,047,Okanogan,WA,0.9105474496998631,0.4915481722352317,0.5689795522044665,0.6687214073153184,5.0,0.11375469893047763,55.39024483552528,49.038528386250114,22763.132700000002,0.00675150384177697,3371564.8,0.8853278863789855,0.6634712299781143,0.8016511203218734
53,049,Pacific,WA,0.0,0.0,0.0,1.0,1.0,0.0,21.55314793750391,31.888036496502156,839.3666666666668,0.0014057369654615545,597100.8,1.479507150833167,0.5305194077829306,0.18941850395450116
53,057,Skagit,WA,1.083107344254658,0.5950818670038615,0.6729724308635029,0.5304342452614367,5.0,0.04895558325191551,32.2230013485337,32.01921512730112,13569.15,0.012219069858916283,1110489.6,0.9936757529496286,0.6486859155785476,0.7507337876754442
53,061,Snohomish,WA,0.32068598082464544,0.17431186978668045,0.2313260371091646,0.8576169405815424,1.75,0.6413719616492909,36.94291464742239,73.23713985370205,1251.75,0.0009362389663293539,1336998.4,1.9824407617175384,0.6173350092016758,0.7923769048358531
53,063,Spokane,WA,0.8721231656872838,0.49640433236841564,0.5699564457944144,0.6606141830713382,4.75,0.07980123706396187,1.9874893149910975,1.1310266456830154,52658.3912,0.04665279549681341,1128729.6,0.5690730698031861,0.799705333474116,0.946832382627762
53,065,Stevens,WA,0.0,0.0,0.0,1.0,1.0,0.0,12.366282413597965,12.003177735695248,969.9494333333333,0.000611526445379225,1586112.0,0.9706375234077262,0.6794492904214275,0.6373852692606822
53,071,Walla Walla,WA,1.0542284156476467,0.41414166811690645,0.420985223363378,0.7598063629973265,12.25,0.020947946680494448,8.451439940662667,3.9160050347313833,235140.8542,0.289181182900961,813126.4,0.4633535897108126,0.6713844694993757,0.8482315546125696
53,073,Whatcom,WA,0.0,0.0,0.0,1.0,1.0,0.0,0.930173775671406,1.6111082393310503,1487.7666666666667,0.0010967692916196829,1356499.2000000002,1.732050807568877,0.6756340971156656,0.8127651443628972
53,075,Whitman,WA,0.8693626643647143,0.4729775679922187,0.48520054130885243,0.6934067435798053,6.0,0.03881465462237734,2.084109161320908,0.9789463035594966,450245.775175,0.3257936452349239,1381996.7999999998,0.46971930344523827,0.7973709309398422,0.9165340989104578
53,077,Yakima,WA,1.8273816311035929,0.7787158431946608,0.7083445032953619,0.38605678966642815,13.25,0.04830497402377001,38.64723401131406,21.824694037544432,86812.45139999999,0.031572903525300094,2749587.1999999997,0.5647155506951728,0.6355800799390352,0.8096811141748366
53,999,All Other Counties,WA,0.0,0.0,0.0,1.0,1.0,0.0,6.9260091748591055,10.745940360848738,2734.30975,,,1.551534237040242,0.5429646769155108,0.48450540726125
54,003,Berkeley,WV,1.2596850202584726,0.6709334230408379,0.7624239422694327,0.41700561962096355,5.25,0.04224512696514008,32.443263647089005,22.368908109232436,6239.125,0.030356333102385256,205529.59999999998,0.6894777403579588,0.5914073676749088,0.6179844629662475
54,011,Cabell,WV,0.35891156277626757,0.2094100507137655,0.5177999317350291,0.8776504362714294,2.0,0.11818480623085309,315.2331033938233,115.6747664486771,132.59517499999998,0.0007357504206026494,180217.59999999998,0.36694993388484226,0.6013899711369959,0.5462053701898131
54,023,Grant,WV,0.0,0.0,0.0,1.0,1.0,0.0,36.98701994888793,58.33142529676302,633.3333333333334,0.0020736852399013714,305414.39999999997,1.5770782663045242,0.6469675191366584,0.9062565733375252
54,025,Greenbrier,WV,0.04489333753101437,0.01624619754315837,0.0647673954249488,0.9917778133700701,1.75,0.033592518720377725,11.585546202172589,19.3306902165856,825.5,0.001262992528836927,653606.4,1.6685178134251968,0.7023915029310424,0.7551793044223387
54,027,Hampshire,WV,0.9827115129480186,0.5759379038167277,0.8002087046080605,0.5551751993680955,3.5,0.03604214431879645,136.99801501654662,66.52770338716294,1603.68425,0.0039047507333806013,410700.80000000005,0.4856107103385967,0.6312335597911426,0.759697852739657
54,031,Hardy,WV,0.28872174250922955,0.16075343931714547,0.41653742611488576,0.9094012548354374,2.0,0.1369424293094975,22.025294443236337,37.53547212452521,4516.325000000001,0.012096124055091792,373369.6,1.7041984260987635,0.6770639615024632,0.9114835625881031
54,035,Jackson,WV,0.4754496957201974,0.2518678234326193,0.4708627229449099,0.8557078153236327,2.75,0.14089138106648588,58.20409712104319,27.992178076054813,265.57,0.0008908588097640566,298105.60000000003,0.4809314027815145,0.7228782813954592,0.8797913467678629
54,037,Jefferson,WV,1.1181042564543933,0.6143436175189112,0.6640769509435804,0.5138406794827002,5.5,0.09120525607920908,4.905308779992512,6.519736524372399,20522.06,0.15303640886746528,134099.2,1.3291184748582434,0.6750545028442573,0.8628482801823607
54,043,Lincoln,WV,0.014659708885352823,0.005232824554055271,0.02114948930977439,0.9973556166701925,1.25,0.029319417770705646,1482.7188281366919,477.1293293586633,330.11654999999996,0.0011791763467869144,279955.2,0.3217935324651295,0.6666510779444627,0.7529667540982236
54,051,Marshall,WV,0.0,0.0,0.0,1.0,1.0,0.0,67.94222222222223,66.98479440501018,206.0,0.0010484869213980912,196473.6,0.9859082057386858,0.6639005655097135,0.6214278249358431
54,053,Mason,WV,0.8720662433675911,0.5373034086415669,0.6290628223165458,0.5248868027410292,4.0,0.05792130387706043,18.05103162660187,11.316111947379472,6937.6877724999995,0.02510162589911138,276384.0,0.6268955803447199,0.7091635229856573,0.8844103701660765
54,055,Mercer,WV,0.0,0.0,0.0,1.0,1.0,0.0,133.68767593949434,92.44609030276321,51.75,0.00019232541683514499,269075.2,0.6915079468103205,0.6284344234468712,0.3868960054317076
54,057,Mineral,WV,0.0,0.0,0.0,1.0,1.0,0.0,37.32113292551477,62.63479265427739,439.3,0.0020944260519329934,209747.2,1.678266112105531,0.6861306315281621,0.8577118871085333
54,063,Monroe,WV,0.8322434557152888,0.4609997514711749,0.6265377491919439,0.6915453108171533,3.75,0.18940720351985424,45.04328463554926,15.540771569548644,880.5925,0.002906660289519826,302956.8,0.34501861254770677,0.6799691704028973,0.8209506083804009
54,065,Morgan,WV,0.0,0.0,0.0,1.0,1.0,0.0,6.7541736985103284,6.391471318739311,458.8666666666666,0.003131186857658602,146547.19999999998,0.9462995184960946,0.6177074077510417,0.7152034585999307
54,069,Ohio,WV,0.0,0.0,0.0,1.0,1.0,0.0,13.031621576593318,11.299028716928376,161.0,0.0023692079487662456,67955.20000000001,0.867047024847857,0.5969451103805337,0.20209359894422016
54,071,Pendleton,WV,0.0,0.0,0.0,1.0,1.0,0.0,28.700554807265835,55.449172248594024,1572.075,0.0035198062497313254,446636.8,1.9319895598170287,0.7148708149554429,0.9246425928571463
54,075,Pocahontas,WV,0.0,0.0,0.0,1.0,1.0,0.0,31.654886280484064,32.523536881324105,250.744,0.00041666666666666675,601785.6,1.0274412800963237,0.6617105863460547,0.8299633587291851
54,077,Preston,WV,0.0,0.0,0.0,1.0,1.0,0.0,0.31420279554607916,0.5442152057659853,1310.0666666666666,0.0031573592773116153,414924.80000000005,1.7320508075688772,0.7510614395648832,0.9401257968080725
54,079,Putnam,WV,0.8088825805237839,0.48166512570904657,0.7986135974980105,0.6436357418639325,2.75,0.259280611305027,78.21281292623053,43.13493948064206,928.578335,0.004190577501769055,221587.2,0.5515073281065401,0.673500378873494,0.7829875150186891
54,081,Raleigh,WV,0.0,0.0,0.0,1.0,1.0,0.0,89.48307291666666,8.697045123812664,70.3,0.00018098256800619513,388435.19999999995,0.09719207041439004,0.6372999552588106,0.7804498210352423
54,089,Summers,WV,0.0,0.0,0.0,1.0,1.0,0.0,21.262758204349318,35.68345992104155,364.4666666666667,0.0015767620972579853,231148.80000000002,1.6782140669662728,0.6433247096112205,0.6979701084872763
54,099,Wayne,WV,0.0,0.0,0.0,1.0,1.0,0.0,15.335877349322994,18.632877063791025,189.31666666666663,0.000584842111680078,323705.60000000003,1.2149860512945208,0.6254936261806426,0.7154743357124264
54,105,Wirt,WV,0.0,0.0,0.0,1.0,1.0,0.0,12.405770125639831,17.544408363362827,53.1125,0.0003561881679471222,149113.6,1.4142135623730951,0.5036254807652072,0.021383814726210416
54,107,Wood,WV,0.0,0.0,0.0,1.0,1.0,0.0,30.767704035078566,34.768827591198146,386.00049999999993,0.0016420969295379672,235065.6,1.1300429681577104,0.7010080432743999,0.9560980270386471
54,999,All Other Counties,WV,0.0,0.0,0.0,1.0,1.0,0.0,8.864352544610263,7.506460291200126,1876.6275,,,0.8468142770070931,0.6414445887167777,0.33652889683411286
55,001,Adams,WI,1.8197976795065267,0.8059528690283538,0.801352538314871,0.28558357941480506,9.75,0.06535007523236394,18.040707782097247,18.296022051765046,43231.681375,0.104284901578469,414553.6,1.0141521204573338,0.69528447351189,0.9246182196843454
55,003,Ashland,WI,0.6551301778747799,0.3579339819286409,0.47257652937832484,0.7525074967441664,3.0,0.5724154000752797,2.571194147761928,2.543857421992502,1653.9333333333334,0.0024757820633187076,668044.7999999999,0.9893680818334076,0.7328371757270467,0.909611267509968
55,005,Barron,WI,1.2843029760639164,0.6111710330479704,0.5642704483224567,0.5676773109689779,9.75,0.02412144371871292,20.014568948818628,22.807067547135308,85704.10250000001,0.15519987501303834,552217.6,1.139523294528984,0.7371805103960977,0.9207495251202575
55,007,Bayfield,WI,1.1798911403235948,0.6272192065177956,0.7914501759285065,0.496953782365689,4.5,0.20509314881492421,9.809706611628105,16.80665151452086,4939.70125,0.0052283036092294665,944800.0,1.7132674992133612,0.7168827033055056,0.8649763691798997
55,009,Brown,WI,1.4074593352479134,0.6942375689841065,0.6153063897019686,0.43156503695556364,10.0,0.00949344690922179,29.93077699352034,27.022365961280574,93603.472675,0.27664263080632423,338355.19999999995,0.9028287493883168,0.6846990596852777,0.8772096463951381
55,011,Buffalo,WI,1.0306619476346746,0.5754529876504905,0.5752233853569171,0.5832340505728354,6.0,0.03134598569916364,9.19849942401239,8.895259953948171,42632.78,0.09732160467222814,438060.80000000005,0.9670338110504609,0.7425715798045524,0.9096436927760696
55,013,Burnett,WI,1.0858022949312864,0.5491840294128547,0.5547306577273416,0.6214955317909204,7.25,0.059208334948313186,17.170025468098927,13.644657832735973,16064.725,0.030554499966525463,525772.8,0.7946789512972525,0.7298318431130391,0.9382813696843207
55,015,Calumet,WI,1.3941508966919633,0.6915638523327898,0.6362092846169031,0.4476851718370534,9.0,0.07697878706652045,28.081576446220573,25.989915817177945,41476.8075,0.20262478651435095,204697.59999999998,0.9255148430484877,0.6989041886728335,0.9100244039242329
55,017,Chippewa,WI,1.0397637662618975,0.5608966062727602,0.5087731194520345,0.6048508331257876,7.75,0.027566308273652314,12.357180230766428,15.387232083792032,96583.5016,0.1493539594529062,646675.2,1.2452057667235037,0.7293922658616188,0.930305716339099
55,019,Clark,WI,1.1626727798837242,0.60556723139682,0.578100649305554,0.55624226887118,7.5,0.029636766635164555,15.094982890605468,19.520477969335783,82754.11624999999,0.10636644618523985,778009.6000000001,1.2931765548064695,0.7025682890499139,0.8599291788907372
55,021,Columbia,WI,1.041258984237367,0.5367185826944376,0.42652884988969536,0.616488950096021,11.5,0.06903115354842705,15.669374928303435,16.87374762163153,103029.39194999999,0.20804536750523397,495225.6,1.0768615658785883,0.7401701920971236,0.9433084558813628
55,023,Crawford,WI,1.072006056061342,0.5803128515116829,0.5756842635100411,0.5715064031963413,6.5,0.10132141460113947,7.0545064340015315,4.8676832673996095,18966.894925,0.05174836878645078,366521.60000000003,0.6900104653584547,0.7562479473033705,0.9439836296442455
55,025,Dane,WI,1.0256440489677094,0.552304468500717,0.4062953135212845,0.5951128681825962,12.5,0.02428210225012713,7.450495138859793,6.512183611883156,175358.8471275,0.22797277507652008,769209.6000000001,0.8740605141686953,0.7537939378523015,0.9161299997538898
55,027,Dodge,WI,1.2100035706841674,0.6054950011638609,0.5094625667673114,0.539698198930169,10.75,0.06275354615346117,19.256596057215482,24.701722386872742,107582.6872,0.19052675879539377,564659.2,1.2827668147308393,0.7276266090263075,0.9348037713249278
55,029,Door,WI,1.8244541349622194,0.7983193151551528,0.7923503632996626,0.3189570556681952,10.0,0.044044101891068485,18.11757642453905,17.221764482888776,27093.0275,0.08769650204828885,308940.80000000005,0.9505556416234041,0.7032478281356179,0.9008665858994348
55,031,Douglas,WI,0.49615492386766863,0.2562354982671681,0.3579001240882634,0.8451386212534278,3.0,0.43633778138696,3.3478381579392154,3.2938280918506955,900.9333333333334,0.0010753006449575927,837843.2000000001,0.983867181285201,0.6905279337013027,0.9406068854060864
55,033,Dunn,WI,1.0866215454492898,0.5801876175851165,0.4888560607639341,0.5648613015354754,9.25,0.03564284923849963,11.18872967116949,8.293455778572689,86495.703425,0.15862063143499935,545299.2,0.741233010566232,0.73307602341205,0.9204048207079448
55,035,Eau Claire,WI,1.152308249676924,0.6125102631535444,0.5731754957390439,0.5365873681174331,7.5,0.11165068434061892,7.204887215971009,7.264507120401629,43674.2011,0.1070211078645474,408089.6,1.0082749254281818,0.7259050062942632,0.9070296347714057
55,037,Florence,WI,0.0,0.0,0.0,1.0,1.0,0.0,12.483939856492073,14.606116391070314,1215.4966666666667,0.003891591790805211,312339.19999999995,1.1699925311218666,0.6859536506884483,0.7511910533432341
55,039,Fond Du Lac,WI,1.476045090025695,0.694319313621715,0.6410382376385478,0.46662320838176047,10.0,0.05982868853596757,22.220185100235923,27.974494438645916,87320.70425,0.18873525112479425,462662.39999999997,1.258967659920569,0.7054354525262718,0.9069036565440514
55,041,Forest,WI,0.48466471933191607,0.25603834903651496,0.3885628852361762,0.8441966631619783,2.6666666666666665,0.4334961550011728,2.318238169867131,1.119933773895842,2521.5666666666666,0.0038853586279440524,648992.0,0.4830969433826683,0.6983975894961227,0.8256966670937955
55,043,Grant,WI,1.0329040688180369,0.5623236991724666,0.5417707939474069,0.5952615292005552,6.75,0.034118397357118864,5.88677526886257,4.6243018974678085,95589.0939,0.1301197536426798,734624.0,0.7855407564014766,0.7809464183593973,0.9474793299996094
55,045,Green,WI,1.091431654188297,0.5946687837366686,0.500518454636983,0.5513313681635558,9.0,0.04564128201960964,8.494302750044117,5.743980756352067,105876.899875,0.2832799466680722,373753.6,0.6762156854277691,0.7578891984078533,0.9319699676842537
55,047,Green Lake,WI,1.3017413477102073,0.5930832834726333,0.5786788189221554,0.6009074162699863,9.5,0.02613359502459363,17.991988036115366,19.091226351483492,33278.775,0.1467711582293666,226739.19999999998,1.0610959896794963,0.7083082579041865,0.9131663509411458
55,049,Iowa,WI,1.1843605074126902,0.628150527829553,0.5474725051187314,0.524492710105019,8.75,0.05844482858434496,5.2524748307508125,2.963643536471805,70188.05565,0.14379592347034104,488108.8,0.5642375512436617,0.7654192099970215,0.915690487021217
55,051,Iron,WI,0.0,0.0,0.0,1.0,1.0,0.0,1.5991038155783472,0.5961788189574059,590.8,0.0012190813887458236,484627.2,0.3728205843482314,0.7536295183320112,0.9490611958058842
55,053,Jackson,WI,1.2141198587629707,0.6374072844655823,0.6400688655538133,0.5140248944446697,6.75,0.03197240600169933,14.387307684892235,17.726261146932792,40510.61875,0.06411076631373314,631884.8,1.232076322767929,0.7011114655129878,0.8310479565355117
55,055,Jefferson,WI,0.9529872572426306,0.5460816747441286,0.453047790898669,0.5552557883386086,8.25,0.05779289804923007,13.148531844424276,16.23417139632155,72155.61624999999,0.2024077671686774,356486.4,1.2346755963636928,0.7339540762399136,0.937846705305518
55,057,Juneau,WI,1.1506727030837522,0.6092310894359617,0.5642736877445442,0.496367897905192,7.75,0.054512454120817365,18.71240215115477,20.944313710442195,48077.154925,0.09786291810986372,491270.4,1.1192744545173048,0.7306153459267242,0.8720441471876693
55,059,Kenosha,WI,0.9036100715036433,0.5514522516794289,0.5827247167750313,0.5114581266142034,4.75,0.06019040651308905,9.38448476446187,6.320053603107325,37278.8375,0.21349625625389437,174611.19999999998,0.6734577083060278,0.7413749653095875,0.8592667882551752
55,061,Kewaunee,WI,1.4132683994927961,0.6874402516323677,0.6432061674852355,0.44698351030287775,9.0,0.04753436780089472,25.42930584207388,24.4686334158171,47772.153375,0.2178496078929416,219289.59999999998,0.9622218383693625,0.6737396755114368,0.857208850668337
55,063,La Crosse,WI,0.8658710306198745,0.49152082802039165,0.578731657222616,0.6578869311082717,4.5,0.08974272496937281,18.841216875232075,19.433832421076932,9276.46,0.03201499480938287,289753.6,1.0314531460345264,0.7611110340685873,0.9431799462754994
55,065,Lafayette,WI,1.0167057868030769,0.5781896189968998,0.4889321322213036,0.553315499672366,8.0,0.028284292202272323,7.201027297309907,7.017125498144049,132846.551025,0.3276239973113665,405484.80000000005,0.9744617272545879,0.8112490725789835,0.9428971820199188
55,067,Langlade,WI,1.6012070588173895,0.7716105072211528,0.7839111038313039,0.3077920373008443,7.75,0.12438765168414552,13.225748448375565,13.90122892567691,21399.8375,0.03831602563827106,558508.7999999999,1.0510731381243161,0.6086734797176235,0.5638142090853115
55,069,Lincoln,WI,1.1842420238518914,0.6321086304410907,0.6609380579202961,0.4562812486374429,6.0,0.09208111436941407,17.15829164983443,28.109439521138235,7852.400000000001,0.01389038265594928,565312.0,1.6382423200860723,0.6862623038270483,0.8165296942265148
55,071,Manitowoc,WI,1.426016960024275,0.684377562446778,0.6264661499574453,0.48061696475494287,9.75,0.042209569275380616,26.84428315786431,19.896735813760277,62966.46875,0.16632310689546603,378579.19999999995,0.7411908038949188,0.6854219381234297,0.8757407272598154
55,073,Marathon,WI,1.1956224914932085,0.6105647138008957,0.5593943925494242,0.5519913879474515,8.5,0.02113706643749797,11.20616797846401,13.824000780549962,107301.9225,0.10852012602672562,988774.4,1.2336064216703604,0.6831923532716003,0.8550247851727284
55,075,Marinette,WI,1.285850927909132,0.6399307087673436,0.5935415823433685,0.5214190728008994,8.75,0.01863450583542278,23.453256047877698,21.945720057759438,38328.27125,0.04272337905784514,897126.4,0.9357216760418783,0.679976056093298,0.8927637386352529
55,077,Marquette,WI,1.1548926113727787,0.603338888768261,0.6046282814047124,0.5613923771572513,6.75,0.10398491108047145,29.79819609373803,27.353266085977552,30260.67,0.10380534561680828,291513.6,0.9179504020958412,0.721066744803453,0.940329550867861
55,079,Milwaukee,WI,0.20915290452083296,0.13467364114385524,0.19037917805779975,0.8715643462625224,1.5,0.4183058090416659,29.078383935202936,9.123073766623513,3558.5,0.023017702641165757,154598.4,0.31374074250319384,0.7117929854589604,0.8449999744388956
55,081,Monroe,WI,1.2160595445194047,0.6408415572211841,0.5848010247679456,0.5190827000278178,8.0,0.03457607243545935,10.97786204662279,10.979531920550155,34079.851200000005,0.05911583145531045,576492.8,1.0001521128540578,0.697237698151071,0.832638298633571
55,083,Oconto,WI,1.3409124604804212,0.6385224326399987,0.5969354348789746,0.5367889768526628,9.5,0.07314342681440013,23.73505224427403,28.370111955799576,62320.393775000004,0.09757368986386114,638700.8,1.1952833161613845,0.6836825399705122,0.8809054499543912
55,085,Oneida,WI,0.43955713685370124,0.23575259509408272,0.27311220486220483,0.787248352239609,2.3333333333333335,0.7613352938601167,14.078169093187702,24.20546507570275,4248.599999999999,0.005903457092040907,719680.0,1.7193617234939702,0.6207796565932866,0.826128858465437
55,087,Outagamie,WI,1.2835567706096245,0.6551922686887536,0.5581517703751782,0.48863164347069177,10.0,0.04891382663590466,27.71273718045386,32.6778010496671,115008.223575,0.2806327097103687,409817.60000000003,1.179161799748715,0.6899755242688358,0.8749364148582478
55,089,Ozaukee,WI,1.3361792551240868,0.6706890436619468,0.6425663950354097,0.44348646101057504,8.0,0.03901109465140706,29.200135142586067,35.474167219913234,16469.475,0.11094440477473594,148448.0,1.2148631178140334,0.7195396665219741,0.9102698627488195
55,091,Pepin,WI,0.8768803125900618,0.5119360785452807,0.6226912851602882,0.6320390389418233,4.25,0.07349700122617332,5.520471544800962,5.64459279500669,20339.7795,0.13682153206797829,148659.2,1.0224838130580751,0.7296073351074271,0.8792362825468168
55,093,Pierce,WI,0.9859049319882256,0.5300917075552735,0.5283932429720369,0.6331985791020326,6.5,0.009598151258144751,9.925371102461096,9.18692751173831,69722.1382,0.18897264642491632,368953.6,0.9256004049521451,0.7686664148672323,0.9582735402837054
55,095,Polk,WI,1.1943669723534056,0.5864673783388421,0.5435798346118005,0.5884294851017673,9.0,0.04106395973001819,16.832555280773718,20.456101092613196,66597.23994999999,0.11344335628754346,587052.8,1.2152700972251267,0.7428916899888502,0.9431944313736589
55,097,Portage,WI,1.6461251793564011,0.7368847898181325,0.6941038390305845,0.40106250920199055,10.75,0.13504453776237058,18.474179916290744,14.550954008947993,32971.455,0.0638934137459538,516038.39999999997,0.7876373443844614,0.6560900512005704,0.8716587347392926
55,099,Price,WI,0.8064370779459493,0.4485436419737584,0.5217166010092998,0.6862807754547493,4.75,0.022598270226827765,2.641491285205639,4.8773136688881245,12759.974999999999,0.01591736997628856,801638.3999999999,1.8464242892659886,0.6672942123194525,0.8421294091562246
55,101,Racine,WI,0.945518761955032,0.5677873778036342,0.5277040686506825,0.4929795758699393,6.0,0.022839780434569558,12.53933382733525,7.6602836775244505,53406.306899999996,0.25051742579180425,213184.0,0.6109003702274307,0.761787635283645,0.9235776748484265
55,103,Richland,WI,0.9701654272770763,0.5165374434237499,0.555353954586947,0.647308346993488,5.75,0.06567838765386275,15.30231547185516,7.2368849353942695,15416.7119,0.041092822149010576,375168.0,0.47292744347773624,0.7533694557588251,0.9392295111917593
55,105,Rock,WI,0.8930982101044482,0.5241680484954633,0.37288979509342424,0.5722708918600713,11.0,0.016548329362811254,9.587158074622783,7.609290310370377,147347.63941,0.3195562432552708,461100.80000000005,0.7936961350947342,0.7539505201806677,0.9335129628349782
55,107,Rusk,WI,1.0147568480847622,0.579238131787087,0.5840551500092088,0.5136247639312504,5.75,0.09801923651659723,16.93609648122191,22.48735106448296,23180.6325,0.03966547838889315,584403.2,1.3277765091510945,0.7148800382068852,0.8879974675162597
55,109,St Croix,WI,1.2291353370954008,0.6113542673901862,0.5594035993287173,0.5549631490133679,9.0,0.07112693974735634,9.172056040186682,9.618691997778305,98371.149775,0.21294079067279584,461964.80000000005,1.048695293141987,0.7472627862682237,0.9484038747353841
55,111,Sauk,WI,1.2439847185189599,0.6244176451168277,0.5290841445952157,0.5355238873242151,10.5,0.059437284652051434,15.631615652596619,14.699877401316616,51722.432425,0.09648209909394662,536083.2,0.9403939892083242,0.7442858981847217,0.9312116479581876
55,113,Sawyer,WI,1.125014911708762,0.5818478927880936,0.6061170546092007,0.5412974844045141,6.5,0.08952110524826312,25.169676031717838,35.39399408001822,8132.6375,0.010113852130457967,804108.8,1.4062157190826015,0.6938855341443974,0.8664704175822848
55,115,Shawano,WI,1.365030565917152,0.6581573782298501,0.6074057394282384,0.48080797497248795,9.5,0.07585722770700443,23.56134752271254,23.37109980486693,66680.58374999999,0.11673640867819407,571206.4,0.9919254313590419,0.6922382611071373,0.9052368540635944
55,117,Sheboygan,WI,1.5064594263779072,0.7020440980971154,0.6542470160870631,0.4616351075673537,10.0,0.03293235112047009,17.776679567044965,21.32617123679788,45165.3575,0.13739631854399081,328723.2,1.19967124098547,0.6979156493253449,0.9004907386510878
55,119,Taylor,WI,1.1499825844598954,0.5970546078428446,0.6153704486514762,0.5699878225527126,6.5,0.05972389023789925,17.832596314714092,22.635210155972423,35077.71125,0.056222353802725514,623910.4,1.269316579397672,0.6858163590139816,0.8940565040109687
55,121,Trempealeau,WI,0.9902218485372116,0.5688560292244194,0.5526533363118374,0.5760575116704976,6.0,0.03995597072635947,9.019364915727314,10.088751406820663,59805.873999999996,0.12729767617289667,469811.2,1.1185656086748004,0.7325064467201403,0.9063330586889584
55,123,Vernon,WI,0.9973254527296006,0.5630806685883327,0.5230012177625745,0.5816909411724895,6.75,0.040874566204360176,17.937870784520403,14.876468082938697,21644.900875,0.04254803630428561,508716.8,0.8293329939569214,0.7548007391120894,0.9515955677028535
55,127,Walworth,WI,0.866782998397837,0.525607280486359,0.4239059901575167,0.5582435588685625,7.75,0.029666743914160885,8.596082625313162,6.371326030772316,95706.896225,0.2692946738786669,355398.39999999997,0.7411894822893473,0.7521604149220874,0.9284350500757463
55,129,Washburn,WI,1.1912316603042188,0.581774841119506,0.5824153711089877,0.5957965776139063,7.75,0.03888757011978815,20.747035597370974,23.156910237354598,11456.8586,0.022109156163546095,518195.19999999995,1.1161551311113092,0.7271087134312885,0.861915554926616
55,131,Washington,WI,1.2352628905055043,0.6278978840987255,0.5868306669817971,0.4956296949832593,8.25,0.076488669983565,23.365203322419447,29.473699437243933,23094.4,0.08375887841790075,275724.8,1.2614356070663097,0.7132709862235063,0.9171642801027446
55,133,Waukesha,WI,0.9119156471672833,0.5451867891992164,0.48836638236948815,0.5055147459076226,6.5,0.04388917626155782,15.704505033785846,14.90450539132184,35825.475,0.10075471523002988,355571.2,0.9490592259518571,0.6969973580520814,0.8132818183359646
55,135,Waupaca,WI,1.183378282380724,0.5960747127463275,0.5322196537675143,0.5789682481161363,9.25,0.026405246557727868,20.662696548170445,22.89977689684038,55779.13055,0.11603788025985567,480697.60000000003,1.1082666216122703,0.6777373761552029,0.8612632127022377
55,137,Waushara,WI,1.6131133167470497,0.7430841976931968,0.700566212147896,0.40406111845198345,10.0,0.09113304969377342,31.36634553160802,25.051353137683243,28708.983975,0.0716543735299227,400659.19999999995,0.7986698071804021,0.684670753887125,0.9374767225096459
55,139,Winnebago,WI,1.294623488439825,0.6567526797059684,0.6225822955301688,0.4768734084531979,8.0,0.033539266373772275,22.427410647850394,21.203961762673735,62260.7555,0.22181228161053854,280691.2,0.9454485003022887,0.6797175616694726,0.871232190795475
55,141,Wood,WI,1.3674340849308593,0.681679351708233,0.6686566911726141,0.44400021840719645,7.75,0.03239733313138751,14.163273030407346,15.277656236818597,48663.10875,0.0959107286029857,507379.19999999995,1.0786811921240778,0.6669649054343793,0.8082460225792094
55,999,All Other Counties,WI,0.0,0.0,0.0,1.0,1.0,0.0,11.831449296365426,14.320344947352579,7569.400000000001,,,1.2103627027123154,0.5374170833582308,0.758504340189304
56,003,Big Horn,WY,1.378852147984489,0.6854975115723523,0.6845221833989278,0.442748993534662,7.5,0.17293486318719858,40.64274475926922,40.15333027542296,34799.70025,0.01733334554481366,2007673.5999999999,0.987958134059471,0.7286185261406046,0.8877108048686377
56,005,Campbell,WY,0.7386659832817073,0.4112158873093641,0.5173684632680609,0.7305377877565848,4.25,0.10348887767816661,12.820027065330065,13.875309632107038,36122.2543,0.011766488701488087,3069926.4000000004,1.0823151590397835,0.7311910436841474,0.8153332527065594
56,007,Carbon,WY,0.0,0.0,0.0,1.0,1.0,0.0,1.712489198810296,1.5352186994392305,2560.5,0.0005066755718616944,5053529.600000001,0.8964837270248366,0.8833360335874777,0.9958875939047601
56,009,Converse,WY,0.0,0.0,0.0,1.0,1.0,0.0,0.8276819565333476,1.1705190482609586,568.41,0.00020874243781024364,2723020.8000000003,1.414213562373095,0.8649077641081808,0.985738535316293
56,011,Crook,WY,0.625468592770576,0.31089208864269147,0.40866022066974217,0.8170353665571198,4.75,0.13633881685479243,10.81621967157309,19.235105331448143,38432.921425,0.021007363674595693,1829497.6,1.7783574960114161,0.6642835011452455,0.8583424335395545
56,013,Fremont,WY,1.5617491790007567,0.7582982890875869,0.7904771004169139,0.3312475468242514,7.25,0.07773499974791473,29.042683742699158,30.011689451963957,17947.53675,0.0030540406862219253,5876652.800000001,1.0333648817667682,0.8062338742713865,0.93552092322916
56,015,Goshen,WY,1.5006898093371426,0.7127456157557188,0.6451765777656706,0.38008848242389903,10.25,0.05846178766170113,13.743363750522278,3.3745470045418613,79045.457325,0.05550146813506035,1424204.8,0.2455401069053143,0.6900534785218377,0.8337753745632631
56,019,Johnson,WY,0.0,0.0,0.0,1.0,1.0,0.0,7.123103802253998,8.953997967271523,493.5233333333333,0.00018508842620595193,2666419.1999999997,1.257036007875972,0.8337004002590818,0.9849463710462754
56,021,Laramie,WY,0.9568997239873989,0.41602219295132636,0.4361275557740628,0.753570983186025,9.0,0.1340298838148269,11.597439453802362,6.106795545983556,88450.58895,0.05145252144761825,1719072.0,0.5265641239438735,0.7141987505475913,0.9226574646741952
56,023,Lincoln,WY,0.13410501842161288,0.08791249183338529,0.193472645035184,0.9430877266533906,1.25,0.26821003684322575,0.9639272635832145,1.4585367786562022,3188.96775,0.0012245396659633972,2604217.6,1.5131191260576777,0.828283577582166,0.9549454274903109
56,025,Natrona,WY,0.0,0.0,0.0,1.0,1.0,0.0,16.886411624821402,11.502160357702248,2018.236666666667,0.0005905553667248452,3417523.2,0.6811488795402321,0.8390742314521116,0.9442170570960288
56,027,Niobrara,WY,0.14364465304565469,0.09157785869902091,0.13075099789735709,0.9402036959260814,1.5,0.28728930609130937,6.317603916857321,7.710048808302776,5762.078175000001,0.0034287504230837342,1680518.4,1.22040712108114,0.8077166416875797,0.9504622539055901
56,029,Park,WY,1.2731627108014134,0.6590875900914969,0.6335659636979378,0.4796109740433351,7.5,0.10097257940045956,8.383507195899234,4.574985205121378,43052.792675,0.009689744966025747,4443129.600000001,0.5457125637536541,0.7431202753194814,0.8864060689449442
56,031,Platte,WY,1.6321685121212695,0.7640329533279318,0.8387686928472228,0.3705771397434288,7.0,0.05824039483529697,15.757933730139781,22.860186659784507,29171.5127,0.021861879580489515,1334355.2,1.4507096584662262,0.7046171608810284,0.8914830422617409
56,033,Sheridan,WY,0.46526726951347186,0.2366894041351626,0.3051549001868252,0.8437696864741188,2.75,0.5864178971071049,12.786891719003988,13.560911321859166,10517.38635,0.006512616779431463,1614924.8,1.060532271631332,0.7157504052387399,0.8412852521290769
56,037,Sweetwater,WY,0.0,0.0,0.0,1.0,1.0,0.0,14.311765372840998,20.239892691773374,871.6300000000001,0.00013063622869365868,6672192.0,1.414213562373095,0.8788080370267386,0.9994445773322069
56,043,Washakie,WY,0.24029766631023114,0.13563905152003852,0.14930533477169491,0.8992252984505968,2.0,0.4805953326204623,5.837026194431655,4.438964224847766,9142.241750000001,0.0063769509452313786,1433638.4,0.7604838623274301,0.6445903239915213,0.8311869607967606
56,045,Weston,WY,0.13421596727023438,0.06823036597217075,0.12216863824903106,0.9614115798922801,1.5,0.26843193454046876,9.753679282903667,11.083323919600927,9080.6888,0.005917182925608667,1534630.4000000001,1.1363223659637725,0.7923685528069212,0.9432409326156418
56,999,All Other Counties,WY,0.0,0.0,0.0,1.0,1.0,0.0,6.5475485488689715,13.095097097737943,5096.93,,,2.0,0.7332082578921203,0.3291164139836357
